{"type":"FeatureCollection","features":[{"type":"Feature","properties":{"id":"29458867","name":"Amrutahalli Main Road","highway":"tertiary","oneway":"no","maxspeed":""},"geometry":{"type":"LineString","coordinates":[[77.5933506,13.0672594],[77.5934681,13.0672447],[77.5938431,13.0671829],[77.5941671,13.0671124],[77.5950433,13.0668526],[77.5952213,13.0667859],[77.5956162,13.0666835],[77.5956857,13.0666655],[77.5959473,13.0665976],[77.5966586,13.0664383],[77.5969966,13.0663598],[77.5972833,13.0662992],[77.5980396,13.066097],[77.5980821,13.0660863],[77.5982095,13.0660542],[77.5985405,13.0659708],[77.5987198,13.0659603],[77.598756,13.0659582],[77.5988341,13.0659536],[77.5988712,13.0659595],[77.5991062,13.0659971],[77.5996006,13.0659879],[77.5996863,13.0659863],[77.5997476,13.0659653],[77.6003171,13.065769],[77.6006777,13.0656969],[77.6007336,13.0656864],[77.6008287,13.0657146],[77.6009094,13.0658922]]}},{"type":"Feature","properties":{"id":"29727437","name":"","highway":"tertiary","oneway":"yes","maxspeed":""},"geometry":{"type":"LineString","coordinates":[[77.6211141,13.0412856],[77.6211044,13.0415116],[77.6210843,13.0422042]]}},{"type":"Feature","properties":{"id":"30011411","name":"","highway":"service","oneway":"yes","maxspeed":""},"geometry":{"type":"LineString","coordinates":[[77.6212359,13.0433557],[77.6212659,13.0435245]]}},{"type":"Feature","properties":{"id":"30011412","name":"","highway":"service","oneway":"no","maxspeed":""},"geometry":{"type":"LineString","coordinates":[[77.6212359,13.0433557],[77.6212194,13.0432371],[77.6212177,13.0432247],[77.6211862,13.0429569]]}},{"type":"Feature","properties":{"id":"30011446","name":"","highway":"tertiary","oneway":"yes","maxspeed":""},"geometry":{"type":"LineString","coordinates":[[77.6210729,13.0429621],[77.6211333,13.0428244],[77.6211494,13.0426218],[77.6211508,13.0423614],[77.6211805,13.041504],[77.6212298,13.0412943]]}},{"type":"Feature","properties":{"id":"30086270","name":"","highway":"service","oneway":"yes","maxspeed":""},"geometry":{"type":"LineString","coordinates":[[77.6218986,13.0447171],[77.6217259,13.0440652],[77.6220748,13.0439643]]}},{"type":"Feature","properties":{"id":"30086271","name":"","highway":"service","oneway":"yes","maxspeed":""},"geometry":{"type":"LineString","coordinates":[[77.6212359,13.0433557],[77.6208392,13.0434414],[77.6207952,13.0435136],[77.6207712,13.0442471],[77.6205544,13.04428]]}},{"type":"Feature","properties":{"id":"30086275","name":"","highway":"service","oneway":"yes","maxspeed":""},"geometry":{"type":"LineString","coordinates":[[77.6212139,13.0449319],[77.6210653,13.0443082],[77.6205598,13.0444028]]}},{"type":"Feature","properties":{"id":"30086276","name":"","highway":"service","oneway":"yes","maxspeed":""},"geometry":{"type":"LineString","coordinates":[[77.6218986,13.0447171],[77.622236,13.0446513],[77.6220904,13.0440309],[77.6220748,13.0439643],[77.6218802,13.0432234],[77.6213075,13.0433402],[77.6212359,13.0433557]]}},{"type":"Feature","properties":{"id":"30088074","name":"","highway":"service","oneway":"yes","maxspeed":""},"geometry":{"type":"LineString","coordinates":[[77.6213321,13.0435081],[77.6213075,13.0433402]]}},{"type":"Feature","properties":{"id":"30213110","name":"Flyover","highway":"trunk_link","oneway":"yes","maxspeed":""},"geometry":{"type":"LineString","coordinates":[[77.5915614,13.0456181],[77.5916135,13.0454489],[77.5916768,13.0453463],[77.591791,13.0451453],[77.5919142,13.044947],[77.5921218,13.0446068],[77.5922071,13.0444799],[77.592303,13.0443179],[77.5924027,13.0441492],[77.5924748,13.0440272],[77.592521,13.0439492],[77.5925692,13.0438675],[77.592646,13.0437354]]}},{"type":"Feature","properties":{"id":"30413416","name":"5th Cross Road","highway":"residential","oneway":"no","maxspeed":""},"geometry":{"type":"LineString","coordinates":[[77.6242865,13.0336754],[77.6243524,13.0339248],[77.6245085,13.0342574],[77.624602,13.0344],[77.6247297,13.0346531],[77.6250367,13.0352225],[77.6251549,13.0354663],[77.6253339,13.0358356],[77.6254227,13.0360309],[77.6256083,13.0364014],[77.6256353,13.03656]]}},{"type":"Feature","properties":{"id":"30414434","name":"Kempapura Road","highway":"tertiary","oneway":"yes","maxspeed":""},"geometry":{"type":"LineString","coordinates":[[77.6122378,13.04759],[77.6121486,13.0474555],[77.6120166,13.0473016],[77.6118289,13.0470761],[77.6117618,13.046924],[77.6117375,13.046745],[77.6117512,13.0466524],[77.6118171,13.046496],[77.6120219,13.0461858],[77.6121703,13.0459546],[77.6122425,13.0457624],[77.612276,13.0455705],[77.6123903,13.0449196],[77.6124455,13.044649],[77.6124688,13.044535],[77.6124974,13.0443948],[77.6125161,13.0443032],[77.6125631,13.0441331],[77.6126315,13.0439704],[77.61273,13.0438055],[77.612786,13.0437322],[77.6129385,13.0435365],[77.613114,13.0433653],[77.6132743,13.0432123],[77.6134229,13.0430724],[77.613533,13.0429627],[77.6136134,13.0428569],[77.6136686,13.0427549],[77.6136875,13.042627],[77.6136821,13.0425644]]}},{"type":"Feature","properties":{"id":"30415179","name":"","highway":"tertiary","oneway":"yes","maxspeed":""},"geometry":{"type":"LineString","coordinates":[[77.589942,13.0431251],[77.5900332,13.0431453],[77.5900814,13.043154],[77.5902701,13.0432336],[77.5903218,13.0432691],[77.5903681,13.043315],[77.5904485,13.0433965]]}},{"type":"Feature","properties":{"id":"30415524","name":"Outer Ring Road","highway":"trunk_link","oneway":"yes","maxspeed":"60"},"geometry":{"type":"LineString","coordinates":[[77.5913568,13.0429237],[77.5914477,13.0428978],[77.5917994,13.0427976],[77.5923982,13.0426226],[77.5927709,13.042495],[77.5937768,13.04217]]}},{"type":"Feature","properties":{"id":"30908158","name":"Philomena Hospital Road","highway":"tertiary","oneway":"no","maxspeed":""},"geometry":{"type":"LineString","coordinates":[[77.6239429,13.0394975],[77.623031,13.0394872],[77.6221246,13.0392215],[77.6218723,13.0392183],[77.6218417,13.0392179],[77.6214966,13.0392716],[77.6211865,13.0394042],[77.6210492,13.0394905],[77.6208941,13.0396076],[77.6207493,13.039711],[77.6204704,13.0399066],[77.6204152,13.0399453],[77.6202521,13.0400597],[77.6197573,13.0403703],[77.6193314,13.0405646],[77.6188668,13.0407822],[77.6187971,13.0408148],[77.6186409,13.040888]]}},{"type":"Feature","properties":{"id":"30908160","name":"4th Main Road","highway":"residential","oneway":"no","maxspeed":""},"geometry":{"type":"LineString","coordinates":[[77.6221246,13.0392215],[77.6223159,13.0399012],[77.6223246,13.0399498],[77.6223705,13.0401133],[77.6224624,13.0403679],[77.6225547,13.0406643],[77.6226088,13.0408911]]}},{"type":"Feature","properties":{"id":"30908167","name":"Kanaka Nagar 2nd Main Road","highway":"secondary","oneway":"no","maxspeed":""},"geometry":{"type":"LineString","coordinates":[[77.6119708,13.0423994],[77.6118309,13.0416773]]}},{"type":"Feature","properties":{"id":"31538675","name":"Service Road","highway":"tertiary","oneway":"yes","maxspeed":""},"geometry":{"type":"LineString","coordinates":[[77.6226364,13.0410066],[77.6224883,13.0410092],[77.6216211,13.0409875],[77.6213369,13.0409748],[77.6210174,13.0409552],[77.6204263,13.0409475],[77.6203079,13.0409427],[77.6199564,13.0409284],[77.6198708,13.0409249],[77.6186409,13.040888],[77.6186183,13.0408871],[77.6183731,13.040877],[77.6180842,13.0408652],[77.6173075,13.0408067],[77.617038,13.0408307],[77.616782,13.0408754],[77.616134,13.0409785]]}},{"type":"Feature","properties":{"id":"31564817","name":"5th Cross Road","highway":"residential","oneway":"no","maxspeed":""},"geometry":{"type":"LineString","coordinates":[[77.6242865,13.0336754],[77.624093,13.0327894],[77.6240702,13.0326849],[77.6240152,13.0324328],[77.6240033,13.0323783],[77.6238101,13.0314935],[77.6237579,13.0312544]]}},{"type":"Feature","properties":{"id":"31564828","name":"10th Main Road","highway":"residential","oneway":"no","maxspeed":""},"geometry":{"type":"LineString","coordinates":[[77.6250367,13.0352225],[77.6249947,13.0352316],[77.6246979,13.0352961],[77.6246002,13.0353173],[77.6243938,13.0353621],[77.6242915,13.0353843],[77.6240356,13.0354399],[77.6235926,13.0355361],[77.6231425,13.0356458]]}},{"type":"Feature","properties":{"id":"31564829","name":"9th Main Road","highway":"residential","oneway":"no","maxspeed":""},"geometry":{"type":"LineString","coordinates":[[77.6245085,13.0342574],[77.6244796,13.0342658],[77.6240787,13.0343829],[77.6240299,13.0343988],[77.6237936,13.0344756],[77.623757,13.0344875],[77.6234648,13.0345826],[77.6233415,13.0346227],[77.6229504,13.0347499]]}},{"type":"Feature","properties":{"id":"33819228","name":"","highway":"tertiary","oneway":"yes","maxspeed":""},"geometry":{"type":"LineString","coordinates":[[77.6189434,13.0411906],[77.6189426,13.0414336],[77.6189422,13.0415344],[77.6189404,13.0417853]]}},{"type":"Feature","properties":{"id":"33819229","name":"","highway":"tertiary","oneway":"yes","maxspeed":""},"geometry":{"type":"LineString","coordinates":[[77.6189404,13.0417853],[77.6189405,13.0418236],[77.6189415,13.0424716],[77.6189464,13.0426635],[77.6189467,13.042674],[77.6189572,13.0429425],[77.6189599,13.0430072],[77.6189634,13.0430398],[77.6189715,13.0431138],[77.6189859,13.043188],[77.6190382,13.0434444],[77.6192161,13.0443986],[77.6192524,13.0445903],[77.619292,13.0447926],[77.6193803,13.0451037],[77.6194046,13.0452372],[77.6194354,13.045395],[77.6194972,13.0457679],[77.6195337,13.0458863]]}},{"type":"Feature","properties":{"id":"33819230","name":"","highway":"tertiary","oneway":"yes","maxspeed":""},"geometry":{"type":"LineString","coordinates":[[77.6193055,13.0441065],[77.6205318,13.0440343]]}},{"type":"Feature","properties":{"id":"33819231","name":"","highway":"tertiary","oneway":"yes","maxspeed":""},"geometry":{"type":"LineString","coordinates":[[77.6198389,13.0476473],[77.619851,13.0478729],[77.6197534,13.0481011],[77.619697,13.0481945]]}},{"type":"Feature","properties":{"id":"33820152","name":"","highway":"tertiary","oneway":"yes","maxspeed":""},"geometry":{"type":"LineString","coordinates":[[77.619697,13.0481945],[77.619628,13.0483235]]}},{"type":"Feature","properties":{"id":"33820153","name":"Residency Road","highway":"tertiary","oneway":"yes","maxspeed":""},"geometry":{"type":"LineString","coordinates":[[77.6211917,13.0535131],[77.621066,13.0533953],[77.6206061,13.0529476],[77.6204459,13.0527408],[77.6204272,13.0527175],[77.6199706,13.0521509]]}},{"type":"Feature","properties":{"id":"33820155","name":"","highway":"tertiary","oneway":"yes","maxspeed":""},"geometry":{"type":"LineString","coordinates":[[77.6218168,13.0502154],[77.6214403,13.0503133],[77.6200912,13.0506666],[77.6195092,13.050811]]}},{"type":"Feature","properties":{"id":"33820156","name":"","highway":"tertiary","oneway":"yes","maxspeed":""},"geometry":{"type":"LineString","coordinates":[[77.6212434,13.0476107],[77.621258,13.0476679],[77.6212653,13.0477064],[77.6213024,13.0479025],[77.6213144,13.0479351],[77.6213415,13.0480089],[77.6213588,13.0480558],[77.6215518,13.048667],[77.6217795,13.0494836],[77.621813,13.0495978],[77.6219528,13.0500131]]}},{"type":"Feature","properties":{"id":"33820157","name":"","highway":"tertiary","oneway":"no","maxspeed":""},"geometry":{"type":"LineString","coordinates":[[77.6211314,13.0536399],[77.6211413,13.0536644],[77.621157,13.053686],[77.6211837,13.0537072],[77.6212159,13.0537196],[77.6212503,13.0537219],[77.6212839,13.053714],[77.6213134,13.0536966],[77.6213362,13.0536713],[77.6213488,13.0536448],[77.6213538,13.053616],[77.6213509,13.0535869],[77.6213402,13.0535596],[77.6213194,13.053533],[77.6212914,13.0535137],[77.6212588,13.0535035],[77.6212245,13.0535033],[77.6211917,13.0535131],[77.6211652,13.0535304],[77.6211447,13.0535543],[77.6211319,13.0535828],[77.6211278,13.0536137],[77.6211314,13.0536399]]}},{"type":"Feature","properties":{"id":"33820158","name":"Residency Road","highway":"tertiary","oneway":"yes","maxspeed":""},"geometry":{"type":"LineString","coordinates":[[77.6213362,13.0536713],[77.6214564,13.0536672],[77.6219357,13.0536567],[77.6225134,13.0536439],[77.6225802,13.0536425],[77.6229577,13.0536341],[77.6231633,13.0536296],[77.623386,13.0536247],[77.6237402,13.0536169],[77.6238437,13.0536155],[77.6242501,13.053606],[77.624276,13.0536051],[77.6247274,13.0535962],[77.6251806,13.0535852]]}},{"type":"Feature","properties":{"id":"33820159","name":"Residency Road","highway":"tertiary","oneway":"yes","maxspeed":""},"geometry":{"type":"LineString","coordinates":[[77.6251757,13.053483],[77.6247887,13.0534809],[77.6242508,13.0534875],[77.6237427,13.0534984],[77.6236949,13.0534988],[77.6231566,13.0535126],[77.6226279,13.0535302],[77.6225791,13.0535317],[77.6220837,13.0535338],[77.6219411,13.0535435],[77.621543,13.0535561],[77.6213402,13.0535596]]}},{"type":"Feature","properties":{"id":"33833380","name":"8th A Cross Road","highway":"residential","oneway":"no","maxspeed":""},"geometry":{"type":"LineString","coordinates":[[77.6242508,13.0534875],[77.6242494,13.0534323],[77.6242029,13.0520265]]}},{"type":"Feature","properties":{"id":"33833381","name":"","highway":"residential","oneway":"no","maxspeed":""},"geometry":{"type":"LineString","coordinates":[[77.6231633,13.0536296],[77.6231566,13.0535126]]}},{"type":"Feature","properties":{"id":"33833382","name":"5th A Cross Road","highway":"residential","oneway":"no","maxspeed":""},"geometry":{"type":"LineString","coordinates":[[77.6226279,13.0535302],[77.6226271,13.0534867],[77.6226025,13.0520576]]}},{"type":"Feature","properties":{"id":"33833384","name":"3rd A Cross Road","highway":"residential","oneway":"no","maxspeed":""},"geometry":{"type":"LineString","coordinates":[[77.621543,13.0535561],[77.6215413,13.0535027],[77.6215171,13.0527317],[77.6215067,13.0520655]]}},{"type":"Feature","properties":{"id":"33833385","name":"1st A & 3rd A Link Road","highway":"residential","oneway":"no","maxspeed":""},"geometry":{"type":"LineString","coordinates":[[77.6215171,13.0527317],[77.6210815,13.0527369],[77.6209895,13.0527381],[77.6205171,13.0527405],[77.6204459,13.0527408]]}},{"type":"Feature","properties":{"id":"33833386","name":"","highway":"residential","oneway":"no","maxspeed":""},"geometry":{"type":"LineString","coordinates":[[77.621066,13.0533953],[77.621069,13.0532688],[77.6210815,13.0527369]]}},{"type":"Feature","properties":{"id":"33833387","name":"1st A Cross Road","highway":"residential","oneway":"no","maxspeed":""},"geometry":{"type":"LineString","coordinates":[[77.6204272,13.0527175],[77.6204274,13.0525916],[77.6204281,13.0521043]]}},{"type":"Feature","properties":{"id":"33833388","name":"7th A Cross Road","highway":"residential","oneway":"no","maxspeed":""},"geometry":{"type":"LineString","coordinates":[[77.6236949,13.0534988],[77.6236957,13.0534728],[77.6236859,13.0530038],[77.6236776,13.0525471],[77.6236686,13.0520287]]}},{"type":"Feature","properties":{"id":"33833389","name":"","highway":"residential","oneway":"no","maxspeed":""},"geometry":{"type":"LineString","coordinates":[[77.6236776,13.0525471],[77.6231392,13.0525564]]}},{"type":"Feature","properties":{"id":"33833390","name":"","highway":"residential","oneway":"no","maxspeed":""},"geometry":{"type":"LineString","coordinates":[[77.6236859,13.0530038],[77.6231475,13.0530131]]}},{"type":"Feature","properties":{"id":"33833391","name":"","highway":"residential","oneway":"no","maxspeed":""},"geometry":{"type":"LineString","coordinates":[[77.6231147,13.0515001],[77.6239602,13.0514558]]}},{"type":"Feature","properties":{"id":"33833496","name":"Rachenahalli Main Road","highway":"tertiary","oneway":"no","maxspeed":""},"geometry":{"type":"LineString","coordinates":[[77.6320793,13.0559927],[77.6319434,13.0560139],[77.6318898,13.0560184],[77.6316832,13.0560683],[77.6314389,13.0561274],[77.631086,13.0562268],[77.6308003,13.0563073],[77.6300336,13.0565405],[77.6299809,13.0565463],[77.629922,13.0565481],[77.6297097,13.056529],[77.6294091,13.0565166],[77.6291472,13.0565968],[77.6288427,13.0567298],[77.6287735,13.05676],[77.6285614,13.0568643],[77.6283295,13.0569933],[77.6282751,13.0570227],[77.6281751,13.0570711],[77.6281245,13.0570956],[77.6280465,13.0571334],[77.6279233,13.057193],[77.6278105,13.0572385],[77.6276189,13.057296],[77.6273717,13.0573433],[77.6270611,13.0574028],[77.6269224,13.0574246],[77.6266653,13.0574649],[77.626494,13.0574993],[77.6262457,13.0575496],[77.6261717,13.0575718],[77.6258645,13.0576836],[77.6256824,13.0577797],[77.6255322,13.0578866],[77.6253885,13.057999],[77.625093,13.0582475],[77.6250183,13.0583104],[77.6249828,13.0583282],[77.6247439,13.0584481],[77.6246796,13.0584803],[77.6246344,13.0585051],[77.6245352,13.0585595],[77.6245203,13.0585677],[77.6245009,13.0585764],[77.6241834,13.0587185],[77.6241671,13.0587241],[77.6241019,13.0587538],[77.6239968,13.0587832],[77.6239378,13.0587411],[77.6238836,13.0586802],[77.6238087,13.0585486],[77.6236414,13.0580729],[77.6235933,13.0580288],[77.6235424,13.0580077],[77.623466,13.0579975],[77.6233682,13.0580205]]}},{"type":"Feature","properties":{"id":"33834055","name":"2nd Main Road","highway":"residential","oneway":"no","maxspeed":""},"geometry":{"type":"LineString","coordinates":[[77.6252441,13.055145],[77.6250853,13.0551844],[77.6248399,13.0551981],[77.6247399,13.0551983],[77.6242774,13.0553111],[77.6234536,13.0555121],[77.6234417,13.0555672],[77.6233867,13.055594],[77.6229978,13.0555839],[77.6225671,13.0555716],[77.6223228,13.0555794],[77.6219502,13.0555913],[77.621928,13.0555931],[77.6211846,13.0556535],[77.6206292,13.0556855],[77.6205583,13.0556895],[77.6199395,13.0557137]]}},{"type":"Feature","properties":{"id":"33834056","name":"","highway":"tertiary","oneway":"no","maxspeed":""},"geometry":{"type":"LineString","coordinates":[[77.6197475,13.0538173],[77.6197496,13.0541506],[77.6197631,13.0545107],[77.6198036,13.0556751]]}},{"type":"Feature","properties":{"id":"33834057","name":"","highway":"service","oneway":"no","maxspeed":""},"geometry":{"type":"LineString","coordinates":[[77.6198217,13.0523925],[77.6201853,13.0529419],[77.6203704,13.0531674],[77.6205193,13.0533488]]}},{"type":"Feature","properties":{"id":"33834058","name":"","highway":"service","oneway":"no","maxspeed":""},"geometry":{"type":"LineString","coordinates":[[77.6198008,13.0537047],[77.6198805,13.053705],[77.6205279,13.0537041],[77.6208543,13.0536959],[77.6209832,13.0536916],[77.621096,13.0536878],[77.621157,13.053686]]}},{"type":"Feature","properties":{"id":"33834059","name":"","highway":"service","oneway":"no","maxspeed":""},"geometry":{"type":"LineString","coordinates":[[77.6205279,13.0537041],[77.6205214,13.0534173],[77.6205193,13.0533488],[77.6205278,13.0531674],[77.6205336,13.053045]]}},{"type":"Feature","properties":{"id":"33834060","name":"","highway":"residential","oneway":"no","maxspeed":""},"geometry":{"type":"LineString","coordinates":[[77.6205336,13.053045],[77.6206061,13.0529476]]}},{"type":"Feature","properties":{"id":"33834061","name":"4th A Cross Road","highway":"residential","oneway":"no","maxspeed":""},"geometry":{"type":"LineString","coordinates":[[77.6220837,13.0535338],[77.6220814,13.0535023],[77.6220538,13.0520598]]}},{"type":"Feature","properties":{"id":"33834064","name":"7th Cross Road","highway":"residential","oneway":"no","maxspeed":""},"geometry":{"type":"LineString","coordinates":[[77.624276,13.0536051],[77.6242748,13.0536672],[77.6242827,13.0542084],[77.624287,13.0547509],[77.6242906,13.0551984]]}},{"type":"Feature","properties":{"id":"33834065","name":"6th Cross Road","highway":"residential","oneway":"no","maxspeed":""},"geometry":{"type":"LineString","coordinates":[[77.6238546,13.0551904],[77.6238511,13.0547541],[77.6238468,13.0542117],[77.6238424,13.0536664],[77.6238437,13.0536155]]}},{"type":"Feature","properties":{"id":"33834066","name":"","highway":"residential","oneway":"no","maxspeed":""},"geometry":{"type":"LineString","coordinates":[[77.6238511,13.0547541],[77.624287,13.0547509]]}},{"type":"Feature","properties":{"id":"33834067","name":"","highway":"residential","oneway":"no","maxspeed":""},"geometry":{"type":"LineString","coordinates":[[77.6242827,13.0542084],[77.6238468,13.0542117]]}},{"type":"Feature","properties":{"id":"33834068","name":"5th Cross Road","highway":"residential","oneway":"no","maxspeed":""},"geometry":{"type":"LineString","coordinates":[[77.623386,13.0536247],[77.6233908,13.0536688],[77.6234365,13.0551908],[77.6234536,13.0555121]]}},{"type":"Feature","properties":{"id":"33834070","name":"4th Cross Road","highway":"residential","oneway":"no","maxspeed":""},"geometry":{"type":"LineString","coordinates":[[77.6229577,13.0536341],[77.622961,13.0536861],[77.6229706,13.0543732],[77.6229758,13.0548918],[77.6229978,13.0555839]]}},{"type":"Feature","properties":{"id":"33834071","name":"3rd Cross Road","highway":"residential","oneway":"no","maxspeed":""},"geometry":{"type":"LineString","coordinates":[[77.6225671,13.0555716],[77.6225553,13.0548957],[77.6225344,13.0543732],[77.622532,13.0542906],[77.6225154,13.0537118],[77.6225134,13.0536439]]}},{"type":"Feature","properties":{"id":"33834072","name":"","highway":"residential","oneway":"no","maxspeed":""},"geometry":{"type":"LineString","coordinates":[[77.6225553,13.0548957],[77.6229758,13.0548918]]}},{"type":"Feature","properties":{"id":"33834073","name":"","highway":"residential","oneway":"no","maxspeed":""},"geometry":{"type":"LineString","coordinates":[[77.6229706,13.0543732],[77.6225344,13.0543732]]}},{"type":"Feature","properties":{"id":"33834074","name":"","highway":"residential","oneway":"no","maxspeed":""},"geometry":{"type":"LineString","coordinates":[[77.6219411,13.0535435],[77.6219357,13.0536567]]}},{"type":"Feature","properties":{"id":"33834075","name":"","highway":"residential","oneway":"no","maxspeed":""},"geometry":{"type":"LineString","coordinates":[[77.6205607,13.0558419],[77.6205583,13.0556895],[77.6205448,13.0548092],[77.6205279,13.0537041]]}},{"type":"Feature","properties":{"id":"33834076","name":"","highway":"residential","oneway":"no","maxspeed":""},"geometry":{"type":"LineString","coordinates":[[77.6205448,13.0548092],[77.6206022,13.0548093],[77.6212467,13.0548093],[77.6215047,13.0548078],[77.6219232,13.0548054],[77.6219462,13.0548053]]}},{"type":"Feature","properties":{"id":"33834078","name":"","highway":"residential","oneway":"no","maxspeed":""},"geometry":{"type":"LineString","coordinates":[[77.6199395,13.0557137],[77.6201533,13.0559545],[77.6205607,13.0558419]]}},{"type":"Feature","properties":{"id":"34161407","name":"TMR Road","highway":"residential","oneway":"no","maxspeed":""},"geometry":{"type":"LineString","coordinates":[[77.6231641,13.042643],[77.6229193,13.0422765],[77.6228744,13.0422114],[77.6224685,13.0418641],[77.6223499,13.0418586],[77.6222769,13.0416021],[77.6222723,13.041586],[77.6222679,13.0413041],[77.6222759,13.0412139]]}},{"type":"Feature","properties":{"id":"34161408","name":"","highway":"residential","oneway":"no","maxspeed":""},"geometry":{"type":"LineString","coordinates":[[77.6223499,13.0418586],[77.6223357,13.0418709],[77.6222894,13.0419325],[77.6222685,13.0420201],[77.6223046,13.0421037],[77.6225306,13.0422717],[77.6227408,13.0424431]]}},{"type":"Feature","properties":{"id":"34161409","name":"","highway":"residential","oneway":"no","maxspeed":""},"geometry":{"type":"LineString","coordinates":[[77.6223357,13.0418709],[77.6221755,13.041868],[77.6219931,13.0419006],[77.6217589,13.0419584]]}},{"type":"Feature","properties":{"id":"34161410","name":"","highway":"residential","oneway":"no","maxspeed":""},"geometry":{"type":"LineString","coordinates":[[77.6219931,13.0419006],[77.6220699,13.0422516]]}},{"type":"Feature","properties":{"id":"34161411","name":"","highway":"residential","oneway":"no","maxspeed":""},"geometry":{"type":"LineString","coordinates":[[77.6222723,13.041586],[77.621686,13.0417282]]}},{"type":"Feature","properties":{"id":"34161412","name":"","highway":"residential","oneway":"no","maxspeed":""},"geometry":{"type":"LineString","coordinates":[[77.622116,13.0413101],[77.6220854,13.0413875],[77.6217174,13.0414709]]}},{"type":"Feature","properties":{"id":"34161413","name":"1st Cross Road","highway":"residential","oneway":"no","maxspeed":""},"geometry":{"type":"LineString","coordinates":[[77.6247393,13.0416779],[77.6242675,13.0418239],[77.6236551,13.0415854],[77.6235348,13.0415142]]}},{"type":"Feature","properties":{"id":"34161414","name":"","highway":"residential","oneway":"no","maxspeed":""},"geometry":{"type":"LineString","coordinates":[[77.6238198,13.0438308],[77.6239277,13.0441612]]}},{"type":"Feature","properties":{"id":"34161415","name":"","highway":"service","oneway":"no","maxspeed":""},"geometry":{"type":"LineString","coordinates":[[77.6172378,13.0411088],[77.6172978,13.0411971],[77.6172501,13.0412479],[77.6172029,13.0412911],[77.6171369,13.0413408],[77.6170653,13.0413799],[77.6168119,13.0414933],[77.6165578,13.0415726],[77.6162192,13.0416842],[77.6161251,13.0417153],[77.6150181,13.0420803],[77.6148858,13.0421032],[77.6145556,13.0421604],[77.61444,13.0421804],[77.6140615,13.0422459],[77.6138958,13.0422746]]}},{"type":"Feature","properties":{"id":"34161418","name":"Kempegowda Road","highway":"tertiary","oneway":"no","maxspeed":""},"geometry":{"type":"LineString","coordinates":[[77.6171392,13.0657258],[77.6169343,13.065734],[77.6168708,13.0657325],[77.6166648,13.0657274],[77.6164555,13.0657151],[77.6162743,13.0657286],[77.6160851,13.0657292],[77.6158119,13.0657301],[77.6157177,13.0657304],[77.6155236,13.0657215],[77.6154363,13.0657175],[77.615231,13.0657081],[77.6151608,13.0657049],[77.6148301,13.0656201],[77.6145477,13.0655476],[77.6144419,13.0655512],[77.6144106,13.0655522],[77.6143283,13.0656299],[77.6140815,13.0661875]]}},{"type":"Feature","properties":{"id":"34161419","name":"","highway":"tertiary","oneway":"no","maxspeed":""},"geometry":{"type":"LineString","coordinates":[[77.6205908,13.0653973],[77.6205266,13.0654638],[77.6204598,13.0655319],[77.620429,13.0655704],[77.6203672,13.0656527],[77.6203408,13.065682],[77.6200698,13.0658356],[77.6199862,13.0659006],[77.6199101,13.066064],[77.6198798,13.0661171],[77.6198402,13.0661641],[77.6197717,13.0662008],[77.6197033,13.0662166],[77.6195811,13.066233],[77.6194752,13.0662427],[77.6193559,13.0662606],[77.6192337,13.066273],[77.6190911,13.0662964],[77.61903,13.0663129],[77.618969,13.0663382],[77.6188646,13.0664165],[77.6186618,13.0665718],[77.6184188,13.0667372],[77.6183957,13.066746],[77.6180216,13.0667462],[77.6178065,13.0667131],[77.6176916,13.0666587],[77.6176466,13.0665723],[77.6174274,13.0660594],[77.6173403,13.0658675],[77.6172758,13.0657928],[77.6172535,13.065767],[77.6172087,13.0657508],[77.6171392,13.0657258]]}},{"type":"Feature","properties":{"id":"34161420","name":"","highway":"residential","oneway":"no","maxspeed":""},"geometry":{"type":"LineString","coordinates":[[77.6116206,13.0562691],[77.6123361,13.0562888],[77.6130514,13.0561874]]}},{"type":"Feature","properties":{"id":"35213146","name":"","highway":"tertiary","oneway":"no","maxspeed":""},"geometry":{"type":"LineString","coordinates":[[77.6225802,13.0536425],[77.6225791,13.0535317]]}},{"type":"Feature","properties":{"id":"35213147","name":"6th A Cross Road","highway":"residential","oneway":"no","maxspeed":""},"geometry":{"type":"LineString","coordinates":[[77.6231566,13.0535126],[77.6231572,13.053476],[77.6231475,13.0530131],[77.6231392,13.0525564],[77.6231298,13.0520369]]}},{"type":"Feature","properties":{"id":"35213149","name":"","highway":"tertiary","oneway":"no","maxspeed":""},"geometry":{"type":"LineString","coordinates":[[77.6237402,13.0536169],[77.6237427,13.0534984]]}},{"type":"Feature","properties":{"id":"35213150","name":"","highway":"tertiary","oneway":"no","maxspeed":""},"geometry":{"type":"LineString","coordinates":[[77.6242501,13.053606],[77.6242508,13.0534875]]}},{"type":"Feature","properties":{"id":"35213747","name":"Thanisandra Railway Station Road","highway":"tertiary","oneway":"no","maxspeed":""},"geometry":{"type":"LineString","coordinates":[[77.6217138,13.0689294],[77.6218926,13.0687563],[77.6229518,13.0678897],[77.6230969,13.0677144],[77.6231454,13.0676459],[77.6234626,13.0672964],[77.6243291,13.066514],[77.6255963,13.0655004],[77.6259009,13.0652539],[77.6262465,13.0650008],[77.6264758,13.0648031],[77.6266782,13.0646206],[77.627071,13.0642507],[77.6276916,13.0636306],[77.6278706,13.0634443],[77.6282586,13.063088]]}},{"type":"Feature","properties":{"id":"35213751","name":"1st Cross Road","highway":"residential","oneway":"no","maxspeed":""},"geometry":{"type":"LineString","coordinates":[[77.6249753,13.0596383],[77.6245352,13.0585595]]}},{"type":"Feature","properties":{"id":"35311250","name":"","highway":"residential","oneway":"yes","maxspeed":""},"geometry":{"type":"LineString","coordinates":[[77.6236838,13.0410932],[77.6240451,13.0412118],[77.6242735,13.0412733],[77.6243743,13.0413004],[77.6246472,13.0413738]]}},{"type":"Feature","properties":{"id":"36987760","name":"","highway":"trunk_link","oneway":"yes","maxspeed":"60"},"geometry":{"type":"LineString","coordinates":[[77.5913568,13.0429237],[77.5914849,13.0429247],[77.5916128,13.0429297],[77.5916947,13.0429341],[77.5917667,13.0429623],[77.5918449,13.0430033],[77.5919214,13.0430587],[77.5921579,13.0433062]]}},{"type":"Feature","properties":{"id":"36987764","name":"Tumkur Road Exit","highway":"trunk","oneway":"yes","maxspeed":""},"geometry":{"type":"LineString","coordinates":[[77.5914435,13.0460144],[77.5913391,13.045213],[77.5912086,13.0442778],[77.5911775,13.0441422],[77.5911428,13.0440362],[77.591102,13.0439352],[77.5910417,13.0438411],[77.5909376,13.043668],[77.5908343,13.0435008],[77.5907819,13.0433929],[77.5907531,13.043344]]}},{"type":"Feature","properties":{"id":"36987767","name":"Hebbal Flyover Ramp","highway":"trunk_link","oneway":"yes","maxspeed":""},"geometry":{"type":"LineString","coordinates":[[77.5880667,13.0424369],[77.5879526,13.0424493],[77.5878262,13.0424744],[77.5876819,13.0425086],[77.5869848,13.0427102],[77.5868557,13.042807]]}},{"type":"Feature","properties":{"id":"36987770","name":"","highway":"trunk","oneway":"yes","maxspeed":""},"geometry":{"type":"LineString","coordinates":[[77.5913147,13.0428149],[77.5914123,13.0427733],[77.592543,13.0424614],[77.5937412,13.042087],[77.5938608,13.0420565],[77.5940998,13.0420091],[77.59429,13.0420129]]}},{"type":"Feature","properties":{"id":"36987771","name":"Service Road","highway":"tertiary","oneway":"yes","maxspeed":""},"geometry":{"type":"LineString","coordinates":[[77.5935007,13.0419422],[77.5933836,13.0419767],[77.5932436,13.0420178],[77.5929153,13.0421214],[77.5924373,13.0422868],[77.5922409,13.0423407],[77.5921021,13.0423858],[77.5917447,13.0424896],[77.5915335,13.0425429],[77.5914618,13.0425573],[77.5913165,13.0425945],[77.5912669,13.0426176],[77.5912454,13.0426788]]}},{"type":"Feature","properties":{"id":"36987774","name":"","highway":"tertiary","oneway":"yes","maxspeed":""},"geometry":{"type":"LineString","coordinates":[[77.5897923,13.0402163],[77.5897307,13.039826],[77.5896413,13.0391168]]}},{"type":"Feature","properties":{"id":"36987775","name":"Bellary Road","highway":"tertiary","oneway":"yes","maxspeed":""},"geometry":{"type":"LineString","coordinates":[[77.5892309,13.0388465],[77.5892619,13.0389761],[77.5892984,13.0391281],[77.5893653,13.0396122]]}},{"type":"Feature","properties":{"id":"45245305","name":"","highway":"tertiary","oneway":"no","maxspeed":"40"},"geometry":{"type":"LineString","coordinates":[[77.5930215,13.0661924],[77.5929435,13.0661864],[77.5928306,13.0661897],[77.5926253,13.0661957],[77.5925667,13.0662016],[77.592448,13.0662136],[77.59242,13.0662164],[77.5923043,13.0662261],[77.5921693,13.0662417],[77.5919562,13.0662632],[77.5918652,13.0663066],[77.5918113,13.0663291],[77.5918343,13.0664388],[77.5918267,13.066464],[77.5917566,13.0664817],[77.5916657,13.0665063],[77.5913446,13.0665768],[77.591143,13.0666861],[77.5910919,13.0667138],[77.5909624,13.0667738],[77.5908376,13.0668315],[77.5905451,13.0669938],[77.5896526,13.0675372],[77.5894794,13.0676234],[77.5893576,13.0676946],[77.5892287,13.0677564],[77.5887199,13.0680003],[77.5884267,13.0681408],[77.5879729,13.0684245],[77.5879697,13.0684839],[77.5879521,13.0686866],[77.5878782,13.0689783],[77.587685,13.0698402],[77.587619,13.0700675],[77.5874573,13.0702357],[77.5873679,13.0702962],[77.5873067,13.0703264],[77.5872527,13.0703597],[77.5871958,13.0703977]]}},{"type":"Feature","properties":{"id":"45245551","name":"Amrutahalli Main Road","highway":"tertiary","oneway":"no","maxspeed":""},"geometry":{"type":"LineString","coordinates":[[77.6009094,13.0658922],[77.6009674,13.0661801],[77.6010012,13.0663483],[77.6010594,13.0666378],[77.6011637,13.0671563],[77.6011942,13.0673081],[77.6012742,13.0677055],[77.6013467,13.0680766],[77.6014687,13.0687719],[77.6015113,13.0690145],[77.6015311,13.0691181],[77.6016118,13.0694944],[77.6016234,13.0695258],[77.6016342,13.0695493],[77.6016505,13.0695656],[77.601668,13.069572],[77.6016847,13.0695751],[77.6017069,13.0695736],[77.6017544,13.0695518],[77.6019361,13.0694551],[77.6020469,13.0694051],[77.6030259,13.0689939],[77.6033705,13.0688496],[77.6034132,13.0688336],[77.603425,13.0688291],[77.603442,13.0688227],[77.6038814,13.0686573],[77.6039661,13.0686254],[77.6042672,13.068512],[77.6045288,13.0684135],[77.6047967,13.0683127],[77.6049524,13.0682541],[77.6050819,13.0682053],[77.6053588,13.068108],[77.6055194,13.0680518],[77.6055861,13.0680283],[77.6056839,13.0679938],[77.6059993,13.067883],[77.6062929,13.0677799],[77.6064296,13.0677319],[77.6067279,13.0676331],[77.6069659,13.0675539],[77.6072513,13.0674665],[77.6073414,13.0674389],[77.6080924,13.06723],[77.608251,13.067173],[77.6085371,13.0670702],[77.6089507,13.0669216],[77.6090933,13.0668692],[77.6092415,13.0668119],[77.6094998,13.0667102],[77.6096505,13.0666608]]}},{"type":"Feature","properties":{"id":"45738104","name":"","highway":"residential","oneway":"no","maxspeed":""},"geometry":{"type":"LineString","coordinates":[[77.6064879,13.0328038],[77.6063007,13.0328061],[77.606027,13.0328095],[77.6056072,13.0328102],[77.6056154,13.0324515],[77.605569,13.032088],[77.6054829,13.0318089],[77.6054397,13.0315999],[77.6054324,13.0315511],[77.60537,13.0311322],[77.6053353,13.0308666]]}},{"type":"Feature","properties":{"id":"45738106","name":"1 Cross Road","highway":"residential","oneway":"no","maxspeed":""},"geometry":{"type":"LineString","coordinates":[[77.599198,13.0328382],[77.5996421,13.0328269],[77.6001477,13.0327748],[77.6003419,13.0327523],[77.6006261,13.0327255],[77.600653,13.0327239],[77.6009105,13.0326962],[77.6009391,13.0326933],[77.6012161,13.0326647],[77.6015212,13.0326304],[77.6017141,13.0326134],[77.601859,13.0325985],[77.6020854,13.0325582],[77.6024107,13.0325417],[77.6024249,13.0325393],[77.6034811,13.0323595],[77.6041393,13.0322559],[77.604799,13.0321803],[77.605569,13.032088],[77.6058708,13.0320296],[77.6061344,13.0319814],[77.6064064,13.0319326],[77.6067524,13.0318669],[77.6071141,13.0317991],[77.6073692,13.0317513],[77.6073878,13.0317468],[77.6076619,13.0316683],[77.6079281,13.0316126],[77.6080412,13.0315849],[77.6083747,13.0315079]]}},{"type":"Feature","properties":{"id":"45738108","name":"7th Cross Road","highway":"residential","oneway":"no","maxspeed":""},"geometry":{"type":"LineString","coordinates":[[77.6095713,13.0360001],[77.6068199,13.0363871]]}},{"type":"Feature","properties":{"id":"45738109","name":"6th Cross Road","highway":"residential","oneway":"no","maxspeed":""},"geometry":{"type":"LineString","coordinates":[[77.604922,13.0365595],[77.6064627,13.0361871],[77.6067553,13.0361233],[77.6095102,13.0357007]]}},{"type":"Feature","properties":{"id":"45738110","name":"5th Cross Road","highway":"residential","oneway":"no","maxspeed":""},"geometry":{"type":"LineString","coordinates":[[77.60944,13.0353665],[77.6066722,13.0358135]]}},{"type":"Feature","properties":{"id":"45738111","name":"4th Cross Road","highway":"residential","oneway":"no","maxspeed":""},"geometry":{"type":"LineString","coordinates":[[77.6093515,13.0350146],[77.6076185,13.0353073],[77.6065885,13.0354812],[77.6062973,13.0355973],[77.6060102,13.0356894],[77.6056737,13.0357973],[77.6054605,13.0358653],[77.6048033,13.0360039]]}},{"type":"Feature","properties":{"id":"45738112","name":"3rd Cross Road","highway":"residential","oneway":"no","maxspeed":""},"geometry":{"type":"LineString","coordinates":[[77.6064627,13.0350644],[77.6075517,13.0348579],[77.6092429,13.0345447]]}},{"type":"Feature","properties":{"id":"45738118","name":"3rd Cross Road","highway":"residential","oneway":"no","maxspeed":""},"geometry":{"type":"LineString","coordinates":[[77.5950555,13.0317352],[77.5950544,13.0316603],[77.5950365,13.0303974],[77.5950228,13.0294337]]}},{"type":"Feature","properties":{"id":"45738119","name":"2nd Cross Road","highway":"residential","oneway":"no","maxspeed":""},"geometry":{"type":"LineString","coordinates":[[77.5946481,13.0316414],[77.5946433,13.031237],[77.5946225,13.0294742]]}},{"type":"Feature","properties":{"id":"45738125","name":"5th Cross Road","highway":"residential","oneway":"no","maxspeed":""},"geometry":{"type":"LineString","coordinates":[[77.5956457,13.0320564],[77.5956158,13.0319422],[77.5955819,13.0318129],[77.5955828,13.0316569],[77.5955837,13.0315025],[77.5955819,13.0312163],[77.5955856,13.0308421],[77.5955899,13.0304084],[77.595595,13.0298988],[77.5955961,13.0293756]]}},{"type":"Feature","properties":{"id":"45738164","name":"4th Cross Road","highway":"residential","oneway":"no","maxspeed":""},"geometry":{"type":"LineString","coordinates":[[77.5955819,13.0318129],[77.5964262,13.0318018],[77.5966854,13.0317985],[77.5969817,13.0317985]]}},{"type":"Feature","properties":{"id":"45738166","name":"Kanaka Nagar 1st Main Road","highway":"tertiary","oneway":"no","maxspeed":""},"geometry":{"type":"LineString","coordinates":[[77.6068199,13.0363871],[77.6069078,13.036624],[77.6069689,13.0368794],[77.6070072,13.0370362],[77.6070334,13.0371954],[77.6070879,13.0374824],[77.6071308,13.0377953],[77.6071442,13.0378568],[77.6071865,13.0380875],[77.6072348,13.0383492],[77.6072458,13.0383684]]}},{"type":"Feature","properties":{"id":"45738170","name":"","highway":"residential","oneway":"no","maxspeed":""},"geometry":{"type":"LineString","coordinates":[[77.5940731,13.0317413],[77.5931651,13.0315838],[77.5915497,13.0313569],[77.591342,13.0314071],[77.5914033,13.0318]]}},{"type":"Feature","properties":{"id":"45738172","name":"3rd Main Road","highway":"residential","oneway":"no","maxspeed":"20"},"geometry":{"type":"LineString","coordinates":[[77.5908589,13.0324728],[77.5901029,13.0326255]]}},{"type":"Feature","properties":{"id":"45738173","name":"2nd Main Road","highway":"residential","oneway":"no","maxspeed":"20"},"geometry":{"type":"LineString","coordinates":[[77.5901536,13.0329062],[77.5909094,13.0327679]]}},{"type":"Feature","properties":{"id":"45738174","name":"1st Main Road","highway":"service","oneway":"no","maxspeed":"20"},"geometry":{"type":"LineString","coordinates":[[77.5909517,13.0330769],[77.5910186,13.0330663],[77.5919443,13.0329207],[77.5922338,13.0328827],[77.5932082,13.0327862],[77.5932807,13.0327745],[77.5933176,13.0327325],[77.5933244,13.0325844],[77.5933341,13.0323563]]}},{"type":"Feature","properties":{"id":"45738175","name":"5th Main Road","highway":"residential","oneway":"no","maxspeed":"30"},"geometry":{"type":"LineString","coordinates":[[77.5908408,13.0318958],[77.5911265,13.0318505],[77.5914033,13.0318],[77.5920068,13.0318129],[77.5924904,13.0319232],[77.5931057,13.0319911],[77.5940247,13.0321363],[77.5943325,13.0321827]]}},{"type":"Feature","properties":{"id":"45738176","name":"","highway":"residential","oneway":"no","maxspeed":""},"geometry":{"type":"LineString","coordinates":[[77.5911265,13.0318505],[77.5909998,13.0311023]]}},{"type":"Feature","properties":{"id":"45738179","name":"10th Main Road","highway":"residential","oneway":"no","maxspeed":""},"geometry":{"type":"LineString","coordinates":[[77.5964517,13.0298337],[77.5964516,13.029917],[77.5964737,13.0300927],[77.5964743,13.0301537],[77.596465,13.0304919],[77.5964595,13.0308199],[77.5964531,13.0311936],[77.5964262,13.0314867],[77.5964262,13.0318018],[77.5964262,13.0320582],[77.5964401,13.0322789]]}},{"type":"Feature","properties":{"id":"45738180","name":"5th Cross Road","highway":"residential","oneway":"no","maxspeed":""},"geometry":{"type":"LineString","coordinates":[[77.5964262,13.0320582],[77.5958504,13.0320646],[77.5956457,13.0320564]]}},{"type":"Feature","properties":{"id":"45738182","name":"","highway":"residential","oneway":"no","maxspeed":""},"geometry":{"type":"LineString","coordinates":[[77.598153,13.0329592],[77.5981249,13.032677],[77.5981008,13.0324046],[77.5980777,13.0321432]]}},{"type":"Feature","properties":{"id":"45738183","name":"2nd Cross Road","highway":"residential","oneway":"no","maxspeed":""},"geometry":{"type":"LineString","coordinates":[[77.6000313,13.0325169],[77.5991705,13.032605],[77.5984385,13.0326483],[77.5981249,13.032677]]}},{"type":"Feature","properties":{"id":"45738185","name":"","highway":"residential","oneway":"no","maxspeed":""},"geometry":{"type":"LineString","coordinates":[[77.5984385,13.0326483],[77.5984276,13.032506],[77.5984085,13.0324871],[77.5984042,13.0324114],[77.5983971,13.0323672],[77.5983954,13.0323565],[77.5983927,13.0323489],[77.5983738,13.0321353]]}},{"type":"Feature","properties":{"id":"45738186","name":"4th Main Road","highway":"residential","oneway":"no","maxspeed":""},"geometry":{"type":"LineString","coordinates":[[77.5995006,13.0352193],[77.5994534,13.0349009],[77.5994267,13.034624],[77.599398,13.0343336],[77.5993799,13.0341497],[77.5993645,13.0340467],[77.5993554,13.0339861],[77.5993212,13.0337576],[77.5992903,13.0335512],[77.5992563,13.0333357],[77.5992246,13.0331121],[77.5992214,13.0330909],[77.5992038,13.0329732],[77.599198,13.0328382],[77.5991705,13.032605],[77.5991521,13.0323364],[77.599137,13.032116]]}},{"type":"Feature","properties":{"id":"45738187","name":"","highway":"residential","oneway":"no","maxspeed":""},"geometry":{"type":"LineString","coordinates":[[77.5967299,13.0324768],[77.5966854,13.0317985]]}},{"type":"Feature","properties":{"id":"45738188","name":"","highway":"residential","oneway":"no","maxspeed":""},"geometry":{"type":"LineString","coordinates":[[77.5969817,13.0317985],[77.5969886,13.0324755]]}},{"type":"Feature","properties":{"id":"45738189","name":"3rd Cross Road","highway":"residential","oneway":"no","maxspeed":""},"geometry":{"type":"LineString","coordinates":[[77.5971652,13.0304577],[77.5971651,13.0309937],[77.597255,13.0309954],[77.5972525,13.0312065],[77.5972286,13.0315016],[77.5973215,13.0321918]]}},{"type":"Feature","properties":{"id":"45738190","name":"","highway":"residential","oneway":"no","maxspeed":""},"geometry":{"type":"LineString","coordinates":[[77.597581,13.0321555],[77.5975195,13.0315061],[77.5974927,13.0312501],[77.5974896,13.0306291],[77.5974776,13.0304424]]}},{"type":"Feature","properties":{"id":"45738191","name":"","highway":"residential","oneway":"no","maxspeed":""},"geometry":{"type":"LineString","coordinates":[[77.5973215,13.0321918],[77.597581,13.0321555],[77.5978269,13.0321566],[77.5980777,13.0321432]]}},{"type":"Feature","properties":{"id":"45738192","name":"","highway":"residential","oneway":"no","maxspeed":""},"geometry":{"type":"LineString","coordinates":[[77.5978269,13.0321566],[77.5977912,13.0313384],[77.5977742,13.0310047]]}},{"type":"Feature","properties":{"id":"45738194","name":"4th Cross Road","highway":"residential","oneway":"no","maxspeed":""},"geometry":{"type":"LineString","coordinates":[[77.599137,13.032116],[77.5990157,13.0321191],[77.5986992,13.0321271],[77.5983738,13.0321353],[77.5980777,13.0321432]]}},{"type":"Feature","properties":{"id":"45738195","name":"3rd Cross Road","highway":"residential","oneway":"no","maxspeed":""},"geometry":{"type":"LineString","coordinates":[[77.5983971,13.0323672],[77.5991521,13.0323364],[77.5999554,13.0322767],[77.6000239,13.0322716]]}},{"type":"Feature","properties":{"id":"45738196","name":"4th Cross Road","highway":"residential","oneway":"no","maxspeed":""},"geometry":{"type":"LineString","coordinates":[[77.5999708,13.0320291],[77.5996965,13.032051],[77.5993652,13.0320895],[77.599137,13.032116]]}},{"type":"Feature","properties":{"id":"45738197","name":"","highway":"residential","oneway":"no","maxspeed":""},"geometry":{"type":"LineString","coordinates":[[77.5983438,13.0328883],[77.599198,13.0328382]]}},{"type":"Feature","properties":{"id":"45738882","name":"","highway":"residential","oneway":"no","maxspeed":""},"geometry":{"type":"LineString","coordinates":[[77.6047912,13.0309146],[77.6048782,13.0309055],[77.6051351,13.0308921],[77.6053353,13.0308666],[77.6055006,13.0308456],[77.6055339,13.0308408],[77.6059274,13.0307843],[77.6062002,13.0307451],[77.6062299,13.0308792],[77.6062723,13.0310707],[77.606293,13.0311891],[77.6064064,13.0319326],[77.6065782,13.0327859]]}},{"type":"Feature","properties":{"id":"45738886","name":"","highway":"residential","oneway":"no","maxspeed":""},"geometry":{"type":"LineString","coordinates":[[77.6106021,13.0289634],[77.6108866,13.0295044],[77.6111093,13.0299391],[77.6111329,13.0299823],[77.6112351,13.0301671],[77.6114421,13.0305608],[77.6115849,13.0308823],[77.6116805,13.0310705],[77.6117851,13.0312316],[77.6118993,13.0314412],[77.6119776,13.0315528],[77.6121541,13.0318692],[77.6122043,13.0319399],[77.6122337,13.0319813],[77.6123976,13.0322922],[77.6124229,13.0323336],[77.6123642,13.0325007],[77.6122324,13.0327343],[77.6119948,13.0331298],[77.6119199,13.0332928],[77.6118593,13.0333613]]}},{"type":"Feature","properties":{"id":"45738889","name":"","highway":"residential","oneway":"no","maxspeed":""},"geometry":{"type":"LineString","coordinates":[[77.6121541,13.0318692],[77.6128919,13.0314245],[77.6134906,13.0310251]]}},{"type":"Feature","properties":{"id":"45738894","name":"4th Cross Road","highway":"residential","oneway":"no","maxspeed":""},"geometry":{"type":"LineString","coordinates":[[77.6099984,13.0321224],[77.6098508,13.0313907]]}},{"type":"Feature","properties":{"id":"45738895","name":"Shamanna Gowda Road","highway":"residential","oneway":"no","maxspeed":""},"geometry":{"type":"LineString","coordinates":[[77.6086352,13.0324589],[77.6090093,13.0323777],[77.6093095,13.0322957],[77.6096803,13.0322009],[77.6099984,13.0321224],[77.6102671,13.0320456],[77.6119776,13.0315528]]}},{"type":"Feature","properties":{"id":"45738896","name":"1st Main Road","highway":"residential","oneway":"no","maxspeed":""},"geometry":{"type":"LineString","coordinates":[[77.6115849,13.0308823],[77.6111606,13.031008],[77.6106053,13.0311766],[77.6101571,13.0313112],[77.6101193,13.0313232],[77.6098508,13.0313907],[77.6095888,13.03146],[77.6093138,13.0315388],[77.6089741,13.0316388],[77.6084491,13.0317899]]}},{"type":"Feature","properties":{"id":"45738897","name":"5th Cross Road","highway":"residential","oneway":"no","maxspeed":""},"geometry":{"type":"LineString","coordinates":[[77.6102671,13.0320456],[77.6102081,13.0316512],[77.6101193,13.0313232]]}},{"type":"Feature","properties":{"id":"45738898","name":"","highway":"residential","oneway":"no","maxspeed":""},"geometry":{"type":"LineString","coordinates":[[77.6102081,13.0316512],[77.6117851,13.0312316]]}},{"type":"Feature","properties":{"id":"46953141","name":"","highway":"residential","oneway":"no","maxspeed":""},"geometry":{"type":"LineString","coordinates":[[77.6131646,13.033416],[77.6132923,13.0338165],[77.613374,13.0340728],[77.6134362,13.0342678],[77.6134474,13.0345705]]}},{"type":"Feature","properties":{"id":"46953143","name":"Ibrahim Saheb Road","highway":"residential","oneway":"no","maxspeed":""},"geometry":{"type":"LineString","coordinates":[[77.6205874,13.0304615],[77.6205371,13.0304787],[77.6202634,13.0305729],[77.6200112,13.0306662],[77.6197119,13.030777],[77.6194645,13.0308686],[77.6194125,13.0308879],[77.6192653,13.0309414],[77.6192321,13.0309547],[77.6190431,13.0310246],[77.6186836,13.0311229],[77.6175342,13.0314372],[77.6173922,13.0314966],[77.6172909,13.0315383],[77.6170783,13.0316333],[77.6168696,13.0317152],[77.6167393,13.0317748],[77.6164737,13.0318859],[77.6162445,13.0319612]]}},{"type":"Feature","properties":{"id":"46953145","name":"9th Cross Road","highway":"residential","oneway":"no","maxspeed":""},"geometry":{"type":"LineString","coordinates":[[77.6235926,13.0355361],[77.6234849,13.0351402],[77.6233415,13.0346227]]}},{"type":"Feature","properties":{"id":"46953146","name":"","highway":"residential","oneway":"no","maxspeed":""},"geometry":{"type":"LineString","coordinates":[[77.6240702,13.0326849],[77.6244502,13.0325756],[77.624821,13.0324689],[77.6251085,13.0323863],[77.6254115,13.0322991]]}},{"type":"Feature","properties":{"id":"46953152","name":"8th Cross Road","highway":"residential","oneway":"no","maxspeed":""},"geometry":{"type":"LineString","coordinates":[[77.6240787,13.0343829],[77.6239332,13.0339636]]}},{"type":"Feature","properties":{"id":"46953153","name":"6th Cross Road","highway":"residential","oneway":"no","maxspeed":""},"geometry":{"type":"LineString","coordinates":[[77.6236759,13.032314],[77.6234562,13.031373]]}},{"type":"Feature","properties":{"id":"46953154","name":"7th Cross Road","highway":"residential","oneway":"no","maxspeed":""},"geometry":{"type":"LineString","coordinates":[[77.6233767,13.0323888],[77.6231696,13.0314857]]}},{"type":"Feature","properties":{"id":"46953155","name":"8th Cross Road","highway":"residential","oneway":"no","maxspeed":""},"geometry":{"type":"LineString","coordinates":[[77.6230065,13.0324681],[77.6228089,13.0316275]]}},{"type":"Feature","properties":{"id":"46953156","name":"","highway":"service","oneway":"no","maxspeed":""},"geometry":{"type":"LineString","coordinates":[[77.6225646,13.0338125],[77.622639,13.0337849],[77.6231695,13.0335882],[77.6234755,13.0334747],[77.6238161,13.0333693],[77.6238597,13.0333374],[77.6237642,13.0329809],[77.6238369,13.0328752],[77.6239342,13.0328304]]}},{"type":"Feature","properties":{"id":"46953163","name":"4th Cross Road","highway":"residential","oneway":"no","maxspeed":""},"geometry":{"type":"LineString","coordinates":[[77.6242467,13.031682],[77.6244502,13.0325756],[77.6245128,13.032906],[77.6245753,13.033236],[77.6246397,13.0335758]]}},{"type":"Feature","properties":{"id":"46953164","name":"6th Main Road","highway":"residential","oneway":"no","maxspeed":""},"geometry":{"type":"LineString","coordinates":[[77.6245128,13.032906],[77.6254893,13.0326208]]}},{"type":"Feature","properties":{"id":"46953166","name":"","highway":"residential","oneway":"no","maxspeed":""},"geometry":{"type":"LineString","coordinates":[[77.6254227,13.0360309],[77.6253819,13.036041],[77.6251702,13.0360931],[77.6247716,13.0361979],[77.6245792,13.0362271],[77.6232644,13.0364546],[77.6232067,13.0364646]]}},{"type":"Feature","properties":{"id":"46953167","name":"14th Main Road","highway":"residential","oneway":"no","maxspeed":""},"geometry":{"type":"LineString","coordinates":[[77.6232992,13.0370429],[77.6233627,13.037033],[77.6236063,13.0369878],[77.62389,13.0369334],[77.6242305,13.0368646],[77.624559,13.0367791],[77.6248565,13.0367016],[77.6252268,13.0366342],[77.6252826,13.0366241],[77.6255545,13.0365741]]}},{"type":"Feature","properties":{"id":"46953168","name":"1st Main Road","highway":"residential","oneway":"no","maxspeed":""},"geometry":{"type":"LineString","coordinates":[[77.6252679,13.0385751],[77.6249687,13.0385331],[77.6248016,13.0385053],[77.6246239,13.0384882],[77.6241035,13.038438],[77.6235062,13.0383804],[77.6234211,13.0383777],[77.6231753,13.0383702],[77.622901,13.0383611],[77.6225382,13.0383495],[77.6224546,13.038344],[77.622237,13.0383572]]}},{"type":"Feature","properties":{"id":"46953171","name":"","highway":"residential","oneway":"no","maxspeed":""},"geometry":{"type":"LineString","coordinates":[[77.6242305,13.0368646],[77.6243538,13.0373356],[77.6241161,13.0373906],[77.6241727,13.0378006]]}},{"type":"Feature","properties":{"id":"46953508","name":"","highway":"service","oneway":"no","maxspeed":""},"geometry":{"type":"LineString","coordinates":[[77.5879634,13.0340171],[77.5881485,13.0349583],[77.5883283,13.0348679],[77.588411,13.0348263]]}},{"type":"Feature","properties":{"id":"54962214","name":"","highway":"tertiary","oneway":"no","maxspeed":""},"geometry":{"type":"LineString","coordinates":[[77.5988161,13.0353809],[77.5988978,13.0358619],[77.5984811,13.0360062],[77.5981734,13.0361946],[77.5981571,13.0362046],[77.5981149,13.036385],[77.5980845,13.0364356],[77.5980306,13.03646],[77.5978807,13.0365278],[77.5974675,13.0367243],[77.5974541,13.0367899],[77.5974132,13.0369901],[77.5973053,13.0370615],[77.5971797,13.0371081],[77.5969165,13.0372058],[77.5967829,13.0375655],[77.5967367,13.0376898],[77.5966803,13.0378363],[77.5965828,13.0380963],[77.5965595,13.0381635],[77.5964834,13.038387],[77.5963436,13.0387347],[77.5962346,13.0391057],[77.5962327,13.039213]]}},{"type":"Feature","properties":{"id":"79526868","name":"","highway":"service","oneway":"no","maxspeed":""},"geometry":{"type":"LineString","coordinates":[[77.6197534,13.0481011],[77.6196487,13.0481609],[77.6195666,13.0481799]]}},{"type":"Feature","properties":{"id":"79526872","name":"","highway":"service","oneway":"yes","maxspeed":""},"geometry":{"type":"LineString","coordinates":[[77.6191388,13.0468306],[77.6189278,13.0468675],[77.6189397,13.0469393],[77.6191528,13.0468966]]}},{"type":"Feature","properties":{"id":"79526873","name":"","highway":"service","oneway":"yes","maxspeed":""},"geometry":{"type":"LineString","coordinates":[[77.6194814,13.0466685],[77.6194235,13.0467763],[77.6191388,13.0468306]]}},{"type":"Feature","properties":{"id":"79526876","name":"","highway":"service","oneway":"yes","maxspeed":""},"geometry":{"type":"LineString","coordinates":[[77.6191528,13.0468966],[77.6194395,13.0468423],[77.61955,13.0469056]]}},{"type":"Feature","properties":{"id":"79526878","name":"","highway":"service","oneway":"yes","maxspeed":""},"geometry":{"type":"LineString","coordinates":[[77.6196947,13.0466387],[77.6196447,13.04664],[77.6195792,13.0466528],[77.6195137,13.0466655],[77.6194814,13.0466685],[77.6192573,13.0467128],[77.61904,13.0467558],[77.6190573,13.046868],[77.6190857,13.0469982],[77.61955,13.0469056],[77.6196442,13.0468887],[77.6197384,13.0468718]]}},{"type":"Feature","properties":{"id":"80370420","name":"","highway":"tertiary","oneway":"yes","maxspeed":""},"geometry":{"type":"LineString","coordinates":[[77.6195307,13.0453786],[77.6194999,13.045223],[77.6194476,13.0449735],[77.6194066,13.044562],[77.6193055,13.0441065]]}},{"type":"Feature","properties":{"id":"80370421","name":"","highway":"tertiary","oneway":"no","maxspeed":""},"geometry":{"type":"LineString","coordinates":[[77.6200488,13.0475438],[77.6203568,13.0474784],[77.6211195,13.0473228],[77.6211797,13.0473086]]}},{"type":"Feature","properties":{"id":"86637077","name":"Vishwanatha Nagenhalli Main Road","highway":"tertiary","oneway":"no","maxspeed":""},"geometry":{"type":"LineString","coordinates":[[77.5899974,13.0412085],[77.590739,13.0411595],[77.5909334,13.0411112],[77.5910841,13.041013],[77.5913092,13.0408564],[77.5913268,13.0408379],[77.5915419,13.0405665],[77.5916504,13.0404081],[77.5917339,13.0403153],[77.5918269,13.0402457],[77.5920039,13.0401854],[77.5920484,13.0401793],[77.5922752,13.0401481],[77.5925325,13.0401026],[77.5927122,13.0400758],[77.5929249,13.0400396],[77.5930672,13.0400158],[77.593518,13.0399547],[77.5938747,13.0399006],[77.5939429,13.0398885],[77.5942767,13.0398263],[77.5945746,13.039728],[77.5946473,13.0396996],[77.594881,13.0396197],[77.5951771,13.0395185],[77.5953749,13.0394509],[77.5957736,13.0393146],[77.5962327,13.039213],[77.5963553,13.0391908],[77.5970343,13.0391387],[77.5976711,13.0391071],[77.5977056,13.0391058],[77.5983426,13.0390983],[77.5987628,13.0390948],[77.5988255,13.0390927]]}},{"type":"Feature","properties":{"id":"96708086","name":"","highway":"tertiary","oneway":"yes","maxspeed":""},"geometry":{"type":"LineString","coordinates":[[77.5968101,13.0577027],[77.5964224,13.0578169],[77.5958103,13.0579724],[77.595617,13.0580215],[77.5954738,13.0580578],[77.5953633,13.0580859],[77.5953142,13.0580984],[77.5951895,13.05813],[77.5950287,13.0581709],[77.5948035,13.0582281],[77.5945843,13.0582838],[77.5936809,13.0584588]]}},{"type":"Feature","properties":{"id":"96708088","name":"Amruth Nagar Main Road","highway":"tertiary","oneway":"no","maxspeed":""},"geometry":{"type":"LineString","coordinates":[[77.5984675,13.0572875],[77.5986322,13.0578145],[77.598713,13.0581461],[77.5987322,13.058225],[77.5988107,13.0587208],[77.5988348,13.0588821],[77.5988737,13.0589396],[77.5993046,13.0590001],[77.5993778,13.0590283],[77.5994941,13.0592286],[77.5995116,13.0592708],[77.5996255,13.0594788],[77.5996781,13.0595494],[77.5998479,13.0597585],[77.5999581,13.059922]]}},{"type":"Feature","properties":{"id":"100010953","name":"","highway":"residential","oneway":"no","maxspeed":""},"geometry":{"type":"LineString","coordinates":[[77.6180842,13.0408652],[77.6177993,13.039643],[77.617741,13.039446],[77.617678,13.0392328],[77.6174424,13.0384754]]}},{"type":"Feature","properties":{"id":"100010954","name":"","highway":"residential","oneway":"no","maxspeed":""},"geometry":{"type":"LineString","coordinates":[[77.6177355,13.0362636],[77.618059,13.0374335]]}},{"type":"Feature","properties":{"id":"100010955","name":"","highway":"residential","oneway":"no","maxspeed":""},"geometry":{"type":"LineString","coordinates":[[77.61596,13.0366436],[77.6161825,13.0375008],[77.6162818,13.0378836],[77.6164409,13.0384669]]}},{"type":"Feature","properties":{"id":"100010956","name":"","highway":"residential","oneway":"no","maxspeed":""},"geometry":{"type":"LineString","coordinates":[[77.6163276,13.0365551],[77.6168932,13.0384465]]}},{"type":"Feature","properties":{"id":"100010957","name":"","highway":"residential","oneway":"no","maxspeed":""},"geometry":{"type":"LineString","coordinates":[[77.6174702,13.0384301],[77.6179303,13.0383362],[77.6179852,13.0383249],[77.6182802,13.0382645],[77.6186631,13.0381863],[77.6191092,13.0380832],[77.6193223,13.0380386],[77.6204981,13.0377928],[77.6205707,13.0377548],[77.6206418,13.0376938],[77.6206939,13.0376404],[77.6206818,13.0375477]]}},{"type":"Feature","properties":{"id":"100010959","name":"","highway":"residential","oneway":"no","maxspeed":""},"geometry":{"type":"LineString","coordinates":[[77.61596,13.0366436],[77.6163276,13.0365551],[77.6167937,13.0364429],[77.6168719,13.0364241],[77.6173573,13.0363339],[77.6177355,13.0362636],[77.6181116,13.0361937],[77.6184075,13.0361387],[77.6185027,13.036121],[77.6185266,13.0361984],[77.6187101,13.0367919],[77.6188011,13.0370865],[77.6190233,13.0378054],[77.6191092,13.0380832]]}},{"type":"Feature","properties":{"id":"100010960","name":"","highway":"residential","oneway":"no","maxspeed":""},"geometry":{"type":"LineString","coordinates":[[77.6173573,13.0363339],[77.617646,13.0374321]]}},{"type":"Feature","properties":{"id":"100010961","name":"","highway":"residential","oneway":"no","maxspeed":""},"geometry":{"type":"LineString","coordinates":[[77.6212373,13.0377938],[77.6218071,13.037694],[77.6220496,13.0376515],[77.6222643,13.0376139],[77.6223938,13.037594],[77.6226174,13.0375573],[77.622858,13.0375225],[77.623366,13.0374581]]}},{"type":"Feature","properties":{"id":"100402305","name":"","highway":"residential","oneway":"no","maxspeed":""},"geometry":{"type":"LineString","coordinates":[[77.6128412,13.0371014],[77.6127647,13.0368411],[77.6126739,13.0365323]]}},{"type":"Feature","properties":{"id":"100402307","name":"Sobha Petunia Access Road","highway":"residential","oneway":"no","maxspeed":""},"geometry":{"type":"LineString","coordinates":[[77.6139413,13.0368408],[77.6128412,13.0371014],[77.6129877,13.0375318],[77.6131131,13.0379522],[77.612716,13.0380989],[77.6129124,13.0386579],[77.6130831,13.0391252]]}},{"type":"Feature","properties":{"id":"100402308","name":"Govindapura Road","highway":"tertiary","oneway":"no","maxspeed":""},"geometry":{"type":"LineString","coordinates":[[77.614305,13.038898],[77.6142436,13.0386445],[77.6141962,13.0382949],[77.6141538,13.0380052],[77.6141468,13.0379553],[77.6141144,13.0376924],[77.6141023,13.0376327],[77.6140913,13.0375784],[77.6140371,13.0373122],[77.6139775,13.0370189],[77.6139413,13.0368408],[77.6139104,13.0367398],[77.6138493,13.0365403],[77.613754,13.036229],[77.6137149,13.0360176],[77.6136746,13.0357998],[77.6136423,13.0356252],[77.6135849,13.0353145],[77.6135235,13.034982],[77.6134474,13.0345705]]}},{"type":"Feature","properties":{"id":"100402309","name":"","highway":"residential","oneway":"no","maxspeed":""},"geometry":{"type":"LineString","coordinates":[[77.612716,13.0380989],[77.6125092,13.0373502],[77.6122473,13.036622]]}},{"type":"Feature","properties":{"id":"109125561","name":"","highway":"tertiary","oneway":"yes","maxspeed":""},"geometry":{"type":"LineString","coordinates":[[77.6211797,13.0473086],[77.6212002,13.0474437],[77.6212153,13.0475024]]}},{"type":"Feature","properties":{"id":"109125565","name":"","highway":"tertiary","oneway":"yes","maxspeed":""},"geometry":{"type":"LineString","coordinates":[[77.6212153,13.0475024],[77.6212434,13.0476107]]}},{"type":"Feature","properties":{"id":"114817847","name":"","highway":"residential","oneway":"no","maxspeed":""},"geometry":{"type":"LineString","coordinates":[[77.5943073,13.0346278],[77.5947455,13.0346024]]}},{"type":"Feature","properties":{"id":"114817850","name":"3rd Cross Road","highway":"residential","oneway":"no","maxspeed":""},"geometry":{"type":"LineString","coordinates":[[77.5918543,13.0386452],[77.5918358,13.038247],[77.5918236,13.038135],[77.5917987,13.0379052],[77.5917569,13.0375199],[77.5917075,13.0371983]]}},{"type":"Feature","properties":{"id":"114817854","name":"","highway":"residential","oneway":"no","maxspeed":""},"geometry":{"type":"LineString","coordinates":[[77.5941929,13.032582],[77.5943951,13.0335948],[77.5944508,13.0337638],[77.5944575,13.0337849],[77.5945781,13.0341516],[77.5947455,13.0346024],[77.5948086,13.0350681],[77.5949458,13.0355509],[77.5950293,13.0358394],[77.5951326,13.0361667]]}},{"type":"Feature","properties":{"id":"114817856","name":"","highway":"residential","oneway":"no","maxspeed":""},"geometry":{"type":"LineString","coordinates":[[77.5944837,13.0325849],[77.5945577,13.0325821],[77.5946112,13.0325583],[77.5946618,13.0325096],[77.5947,13.0324901],[77.5947651,13.0324877],[77.5948964,13.0325015],[77.5949352,13.0325067],[77.5950541,13.0325171],[77.5952183,13.0325302],[77.595317,13.032538],[77.5955305,13.0325514],[77.5956093,13.0325563],[77.5956456,13.0325592],[77.5957408,13.0325668]]}},{"type":"Feature","properties":{"id":"114817857","name":"","highway":"residential","oneway":"no","maxspeed":""},"geometry":{"type":"LineString","coordinates":[[77.594471,13.0351566],[77.5943933,13.0348825],[77.5943073,13.0346278],[77.5941895,13.03424],[77.5940256,13.0337987],[77.5940202,13.0337479]]}},{"type":"Feature","properties":{"id":"114817858","name":"3rd Main Road","highway":"residential","oneway":"no","maxspeed":""},"geometry":{"type":"LineString","coordinates":[[77.5895934,13.0387022],[77.5898613,13.0387018],[77.5903978,13.0386828],[77.5905069,13.0386778],[77.5912146,13.0386526],[77.5912602,13.0386521],[77.5914218,13.0386502],[77.5918543,13.0386452],[77.5921069,13.038623],[77.5921776,13.0386168],[77.5922713,13.0386086],[77.5923308,13.0385944],[77.5925417,13.0385441],[77.5930351,13.0386058],[77.5933507,13.038675]]}},{"type":"Feature","properties":{"id":"114817860","name":"","highway":"residential","oneway":"no","maxspeed":""},"geometry":{"type":"LineString","coordinates":[[77.5940731,13.0317413],[77.5940247,13.0321363],[77.5939917,13.03258]]}},{"type":"Feature","properties":{"id":"122744028","name":"16th Cross Road","highway":"residential","oneway":"no","maxspeed":""},"geometry":{"type":"LineString","coordinates":[[77.6099004,13.0386027],[77.6073316,13.0389747]]}},{"type":"Feature","properties":{"id":"122744387","name":"13th Cross Road","highway":"residential","oneway":"no","maxspeed":""},"geometry":{"type":"LineString","coordinates":[[77.6100816,13.0377256],[77.6071865,13.0380875],[77.6052802,13.0383221]]}},{"type":"Feature","properties":{"id":"122744388","name":"10th Cross Road","highway":"residential","oneway":"no","maxspeed":""},"geometry":{"type":"LineString","coordinates":[[77.6097686,13.0367461],[77.6092167,13.0367982],[77.6089897,13.0368206],[77.6087382,13.0368496],[77.6083884,13.0368857],[77.6081161,13.0369173],[77.6077825,13.0369459],[77.6074222,13.0369879],[77.6070072,13.0370362]]}},{"type":"Feature","properties":{"id":"122744389","name":"9th Cross Road","highway":"residential","oneway":"no","maxspeed":""},"geometry":{"type":"LineString","coordinates":[[77.6097188,13.0365418],[77.6087936,13.0366694]]}},{"type":"Feature","properties":{"id":"122744390","name":"14th Cross Road","highway":"tertiary","oneway":"no","maxspeed":""},"geometry":{"type":"LineString","coordinates":[[77.6101598,13.0379767],[77.6080358,13.0382847],[77.6072458,13.0383684]]}},{"type":"Feature","properties":{"id":"122744391","name":"12th Cross Road","highway":"residential","oneway":"no","maxspeed":""},"geometry":{"type":"LineString","coordinates":[[77.6099903,13.0374935],[77.6081887,13.037725],[77.6074912,13.037813],[77.6071442,13.0378568]]}},{"type":"Feature","properties":{"id":"122744392","name":"15th Cross Road","highway":"residential","oneway":"no","maxspeed":""},"geometry":{"type":"LineString","coordinates":[[77.6099638,13.0383345],[77.6088746,13.0385017],[77.6088634,13.0386153],[77.6080957,13.0387136],[77.6073089,13.0388142]]}},{"type":"Feature","properties":{"id":"122744393","name":"8th Cross Road","highway":"residential","oneway":"no","maxspeed":""},"geometry":{"type":"LineString","coordinates":[[77.6096318,13.0362455],[77.6080384,13.0364642],[77.6069078,13.036624]]}},{"type":"Feature","properties":{"id":"122745128","name":"","highway":"tertiary","oneway":"no","maxspeed":""},"geometry":{"type":"LineString","coordinates":[[77.6064879,13.0328038],[77.6064246,13.0331685],[77.6063826,13.0334457],[77.6063346,13.033743],[77.60631,13.0340107],[77.6063045,13.0340729],[77.6063055,13.0342179],[77.6063504,13.0345018],[77.6063914,13.0347838]]}},{"type":"Feature","properties":{"id":"122745147","name":"1st Cross Road","highway":"residential","oneway":"no","maxspeed":""},"geometry":{"type":"LineString","coordinates":[[77.6063045,13.0340729],[77.6065838,13.0339953],[77.6068988,13.0339267],[77.6072,13.0338637],[77.6074573,13.0338057],[77.6075488,13.0337851],[77.6077664,13.0337377],[77.6080475,13.0336764],[77.6083383,13.0336132],[77.6085791,13.0335608],[77.6086403,13.0335475],[77.6089389,13.0334824]]}},{"type":"Feature","properties":{"id":"122746090","name":"10 B Cross","highway":"tertiary","oneway":"no","maxspeed":""},"geometry":{"type":"LineString","coordinates":[[77.6048808,13.0395321],[77.6048322,13.0392016],[77.6047679,13.0388241],[77.6047552,13.0387544],[77.6047221,13.0385623],[77.6047122,13.0385047],[77.6046766,13.0382979],[77.6046508,13.0381479],[77.6046104,13.0379131],[77.6051743,13.0378118]]}},{"type":"Feature","properties":{"id":"122746474","name":"20th Cross Road","highway":"residential","oneway":"no","maxspeed":""},"geometry":{"type":"LineString","coordinates":[[77.6088381,13.0398715],[77.6075243,13.0400645]]}},{"type":"Feature","properties":{"id":"122746475","name":"18th Cross Road","highway":"residential","oneway":"no","maxspeed":""},"geometry":{"type":"LineString","coordinates":[[77.6094204,13.0392825],[77.6083898,13.0393968],[77.6074092,13.0395303]]}},{"type":"Feature","properties":{"id":"122746476","name":"21st Cross Road","highway":"residential","oneway":"no","maxspeed":""},"geometry":{"type":"LineString","coordinates":[[77.6083521,13.0402281],[77.6075649,13.040369]]}},{"type":"Feature","properties":{"id":"122746477","name":"17th Cross Road","highway":"residential","oneway":"no","maxspeed":""},"geometry":{"type":"LineString","coordinates":[[77.6096733,13.0389402],[77.6073694,13.0392414]]}},{"type":"Feature","properties":{"id":"122901739","name":"1st Cross Road","highway":"residential","oneway":"no","maxspeed":""},"geometry":{"type":"LineString","coordinates":[[77.6135971,13.041617],[77.6127689,13.0416453],[77.6118309,13.0416773]]}},{"type":"Feature","properties":{"id":"122901740","name":"2nd Cross Road","highway":"residential","oneway":"no","maxspeed":""},"geometry":{"type":"LineString","coordinates":[[77.6135809,13.0410493],[77.6130107,13.0410691],[77.6130072,13.041069],[77.6127714,13.041081],[77.6125949,13.0410899],[77.6124562,13.0411001],[77.6124139,13.0411032],[77.6120624,13.0411237],[77.6117961,13.0411393],[77.6117168,13.0411439]]}},{"type":"Feature","properties":{"id":"122901849","name":"3rd Cross Road","highway":"residential","oneway":"no","maxspeed":""},"geometry":{"type":"LineString","coordinates":[[77.6134759,13.0402676],[77.6128278,13.0403523],[77.6126398,13.0403769],[77.61254,13.0403701],[77.6121047,13.0403402],[77.6120023,13.0403027],[77.6119639,13.0403077],[77.6116906,13.0403432],[77.6114826,13.0403702]]}},{"type":"Feature","properties":{"id":"122903022","name":"KHB Main Road","highway":"secondary","oneway":"no","maxspeed":""},"geometry":{"type":"LineString","coordinates":[[77.6085686,13.0322696],[77.6084491,13.0317899],[77.6083747,13.0315079],[77.6083599,13.0314423],[77.6083212,13.0312749],[77.6083117,13.0312336],[77.6082573,13.0309865],[77.6081869,13.0306736],[77.6081458,13.0305087],[77.6081299,13.0304386],[77.608073,13.0302272],[77.6080503,13.0301514]]}},{"type":"Feature","properties":{"id":"132513777","name":"","highway":"residential","oneway":"no","maxspeed":""},"geometry":{"type":"LineString","coordinates":[[77.6186631,13.0381863],[77.61879,13.0386598],[77.6189254,13.0391354],[77.6193314,13.0405646]]}},{"type":"Feature","properties":{"id":"133750316","name":"Amruth Nagar Main Road","highway":"residential","oneway":"no","maxspeed":""},"geometry":{"type":"LineString","coordinates":[[77.6000971,13.0601433],[77.6003032,13.0601442],[77.6004641,13.0601808],[77.6006528,13.0601808],[77.6007645,13.0601808],[77.6010126,13.0601791],[77.6014308,13.0601763],[77.6015531,13.0601755],[77.6016084,13.0601799],[77.6018114,13.0601961],[77.6021083,13.0602198],[77.6024144,13.0602442],[77.6024704,13.0602487],[77.6025161,13.0602518],[77.6025444,13.0602532],[77.6029371,13.0602801],[77.6030605,13.0603637],[77.603259,13.0605152]]}},{"type":"Feature","properties":{"id":"133751302","name":"","highway":"residential","oneway":"no","maxspeed":""},"geometry":{"type":"LineString","coordinates":[[77.5982123,13.0567197],[77.5988621,13.0565769],[77.5991628,13.0564994],[77.5992316,13.0564912],[77.599422,13.0564397],[77.5994692,13.0564271],[77.5999062,13.0563086],[77.6001305,13.0562511]]}},{"type":"Feature","properties":{"id":"133751358","name":"1st Main Road","highway":"tertiary","oneway":"no","maxspeed":""},"geometry":{"type":"LineString","coordinates":[[77.6045735,13.0554874],[77.6045916,13.0557466],[77.6042874,13.0558354],[77.6041676,13.0558654],[77.6038633,13.0559417],[77.6035464,13.0560211],[77.6034062,13.0560562],[77.6032458,13.0560964],[77.6029164,13.0561715],[77.6025387,13.0562735],[77.602209,13.0563561],[77.6019288,13.0564263],[77.6016403,13.0564986],[77.6013392,13.056574],[77.6011391,13.0566242],[77.6010393,13.0566477]]}},{"type":"Feature","properties":{"id":"133752074","name":"","highway":"tertiary","oneway":"yes","maxspeed":""},"geometry":{"type":"LineString","coordinates":[[77.5984675,13.0572875],[77.5977235,13.0574732],[77.5974402,13.0575444],[77.5972934,13.0575812],[77.5971366,13.0576206],[77.5970036,13.057654],[77.5968101,13.0577027]]}},{"type":"Feature","properties":{"id":"133752222","name":"","highway":"residential","oneway":"no","maxspeed":""},"geometry":{"type":"LineString","coordinates":[[77.5986322,13.0578145],[77.5982028,13.0579217],[77.597678,13.0580567],[77.5975325,13.058094],[77.5973791,13.0581303],[77.5970744,13.0581922],[77.5969269,13.0582149],[77.5968565,13.0582258],[77.5967867,13.0582396],[77.5965227,13.0582913],[77.5964224,13.0578169]]}},{"type":"Feature","properties":{"id":"133752415","name":"","highway":"residential","oneway":"no","maxspeed":""},"geometry":{"type":"LineString","coordinates":[[77.5979664,13.0590951],[77.5979376,13.0589227],[77.5978228,13.0586036],[77.597678,13.0580567]]}},{"type":"Feature","properties":{"id":"133752643","name":"","highway":"residential","oneway":"no","maxspeed":""},"geometry":{"type":"LineString","coordinates":[[77.5988107,13.0587208],[77.6008599,13.0584961],[77.6013599,13.0584407]]}},{"type":"Feature","properties":{"id":"133752797","name":"","highway":"residential","oneway":"no","maxspeed":""},"geometry":{"type":"LineString","coordinates":[[77.5990182,13.0571532],[77.5991324,13.057684]]}},{"type":"Feature","properties":{"id":"133752818","name":"","highway":"residential","oneway":"no","maxspeed":""},"geometry":{"type":"LineString","coordinates":[[77.5986958,13.0555285],[77.5988621,13.0565769],[77.5989622,13.0571669]]}},{"type":"Feature","properties":{"id":"133882079","name":"Anandnagar Main Road","highway":"tertiary","oneway":"no","maxspeed":"30"},"geometry":{"type":"LineString","coordinates":[[77.5884402,13.0335721],[77.5887434,13.0335155],[77.5895901,13.0333824],[77.5901402,13.033305],[77.5902051,13.0332494],[77.5902068,13.0332114],[77.5901536,13.0329062],[77.5901029,13.0326255],[77.5900548,13.0323091],[77.5899875,13.0320145],[77.5899285,13.0317285],[77.5898579,13.0314234],[77.5898022,13.0311514],[77.5897748,13.0308288],[77.5897508,13.030469],[77.5897266,13.0301077],[77.5897001,13.0297229]]}},{"type":"Feature","properties":{"id":"134274597","name":"","highway":"residential","oneway":"no","maxspeed":""},"geometry":{"type":"LineString","coordinates":[[77.599764,13.0576921],[77.5995899,13.0570154]]}},{"type":"Feature","properties":{"id":"134274600","name":"","highway":"residential","oneway":"no","maxspeed":""},"geometry":{"type":"LineString","coordinates":[[77.5999336,13.0569327],[77.6000889,13.0577253]]}},{"type":"Feature","properties":{"id":"134274604","name":"","highway":"residential","oneway":"no","maxspeed":""},"geometry":{"type":"LineString","coordinates":[[77.5964468,13.0592216],[77.5966911,13.0592019],[77.59702,13.0591755],[77.5970485,13.0591732],[77.5973243,13.059151],[77.5974081,13.0591452],[77.5976406,13.0591254],[77.5977069,13.0591197],[77.5979664,13.0590951],[77.5980623,13.0590867],[77.5983126,13.0590648],[77.5983957,13.0590578],[77.5985842,13.0590414],[77.5988091,13.0589885],[77.5988737,13.0589396]]}},{"type":"Feature","properties":{"id":"134274605","name":"","highway":"residential","oneway":"no","maxspeed":""},"geometry":{"type":"LineString","coordinates":[[77.5992893,13.0570882],[77.5993711,13.0573365],[77.5994756,13.0577561]]}},{"type":"Feature","properties":{"id":"134274606","name":"2nd Cross Road","highway":"residential","oneway":"no","maxspeed":""},"geometry":{"type":"LineString","coordinates":[[77.6007219,13.0567287],[77.6008879,13.0571761],[77.6009804,13.057343],[77.6014941,13.0579808],[77.6017852,13.0583507],[77.6019876,13.0586078],[77.6020574,13.0587881],[77.6021134,13.0594129],[77.6021115,13.0597099],[77.6021083,13.0602198]]}},{"type":"Feature","properties":{"id":"134274608","name":"","highway":"residential","oneway":"no","maxspeed":""},"geometry":{"type":"LineString","coordinates":[[77.5973243,13.059151],[77.5971927,13.0587009],[77.5970744,13.0581922]]}},{"type":"Feature","properties":{"id":"134274610","name":"","highway":"residential","oneway":"no","maxspeed":""},"geometry":{"type":"LineString","coordinates":[[77.5992893,13.0570882],[77.5991628,13.0564994],[77.5989794,13.0553654]]}},{"type":"Feature","properties":{"id":"134274611","name":"","highway":"residential","oneway":"no","maxspeed":""},"geometry":{"type":"LineString","coordinates":[[77.5977069,13.0591197],[77.5977563,13.0594632]]}},{"type":"Feature","properties":{"id":"134274614","name":"","highway":"residential","oneway":"no","maxspeed":""},"geometry":{"type":"LineString","coordinates":[[77.5967867,13.0582396],[77.5968328,13.0584983],[77.5968811,13.058723],[77.596924,13.0588328],[77.5969562,13.0589948]]}},{"type":"Feature","properties":{"id":"134274616","name":"2nd Cross Road","highway":"residential","oneway":"no","maxspeed":""},"geometry":{"type":"LineString","coordinates":[[77.6007219,13.0567287],[77.600256,13.0551132]]}},{"type":"Feature","properties":{"id":"134274619","name":"2nd Cross, Amruth Nagar","highway":"residential","oneway":"no","maxspeed":""},"geometry":{"type":"LineString","coordinates":[[77.5987322,13.058225],[77.6008838,13.0579963]]}},{"type":"Feature","properties":{"id":"144775235","name":"4th Main Road","highway":"tertiary","oneway":"no","maxspeed":""},"geometry":{"type":"LineString","coordinates":[[77.5929391,13.0495563],[77.5930607,13.0494953],[77.5937211,13.049164],[77.5938452,13.0491286],[77.5939064,13.0491248],[77.59472,13.0490587],[77.5948077,13.0490516],[77.5949793,13.0490516],[77.5950652,13.0490908],[77.5951497,13.0491679],[77.595261,13.049211],[77.595442,13.049228],[77.5963309,13.0491386],[77.5968654,13.0491562],[77.5969505,13.0492483],[77.5974747,13.0499648],[77.5977444,13.0500322],[77.5980521,13.0500313],[77.5981132,13.0500311],[77.5981629,13.050031],[77.5983038,13.0500348],[77.598693,13.0499773],[77.5988182,13.049965],[77.5991186,13.0499355],[77.5991861,13.0499274],[77.5994693,13.0498914],[77.599502,13.0498872],[77.5995365,13.0498828],[77.5998648,13.0498405],[77.5999435,13.0498295],[77.6000149,13.0498196],[77.6001047,13.049807],[77.6003043,13.0497792],[77.6003828,13.0497683],[77.6004797,13.0497548],[77.6006769,13.0497273],[77.6009381,13.0496909],[77.6012154,13.0496512],[77.6017086,13.0495839],[77.6020149,13.0495408],[77.6022741,13.0495047],[77.6026051,13.0494586],[77.6032839,13.049364],[77.603328,13.0493579],[77.6036309,13.0493157],[77.6036706,13.0493102]]}},{"type":"Feature","properties":{"id":"151675203","name":"Hebbal Flyover","highway":"trunk","oneway":"yes","maxspeed":""},"geometry":{"type":"LineString","coordinates":[[77.590702,13.043622],[77.5907842,13.0438259],[77.590843,13.043961],[77.5909163,13.0441557],[77.5909962,13.0444137],[77.5910711,13.044683],[77.5911328,13.04495],[77.5911761,13.0451762],[77.5911974,13.0452898],[77.5912763,13.0460225]]}},{"type":"Feature","properties":{"id":"158821108","name":"Sulthanpalya Main Road","highway":"tertiary","oneway":"no","maxspeed":"50"},"geometry":{"type":"LineString","coordinates":[[77.6040613,13.0266238],[77.6041151,13.0268101],[77.6041926,13.0270876],[77.604207,13.0271392],[77.6042152,13.0271759],[77.6042665,13.0273797],[77.6042876,13.0274477],[77.6043353,13.0275949],[77.6043815,13.0277588],[77.60444,13.0279663],[77.6044839,13.0281284],[77.6045124,13.0282498],[77.6045681,13.028535],[77.6046093,13.0288734],[77.6046418,13.0291673],[77.6046703,13.0294316],[77.6046903,13.0296264],[77.60472,13.0299008],[77.6047329,13.0300689],[77.6047506,13.0302563],[77.6047582,13.0303385],[77.6047706,13.030472],[77.6047728,13.0305199],[77.604777,13.0306098],[77.6047854,13.0307896],[77.6047912,13.0309146],[77.6047972,13.031043],[77.6047986,13.0311719],[77.6048029,13.0313256],[77.6048116,13.0317567],[77.6047999,13.0319043],[77.604799,13.0321803],[77.6047869,13.0324858],[77.6047694,13.0327823],[77.6047452,13.0330403],[77.6047251,13.0332928],[77.6047074,13.0334977],[77.6047035,13.0335476],[77.6046982,13.0335974],[77.6046758,13.0338106],[77.6046672,13.0339754],[77.6046525,13.0341762],[77.6046493,13.034855]]}},{"type":"Feature","properties":{"id":"163095688","name":"","highway":"service","oneway":"no","maxspeed":""},"geometry":{"type":"LineString","coordinates":[[77.5871534,13.0321538],[77.5869522,13.0322538],[77.5868858,13.0324082],[77.587043,13.0327397],[77.5871118,13.0328847],[77.5873555,13.0333987],[77.5876577,13.0340817],[77.5879634,13.0340171]]}},{"type":"Feature","properties":{"id":"163095693","name":"Underpass","highway":"residential","oneway":"no","maxspeed":"20"},"geometry":{"type":"LineString","coordinates":[[77.5876926,13.0325671],[77.5880042,13.0324173]]}},{"type":"Feature","properties":{"id":"163095704","name":"","highway":"service","oneway":"no","maxspeed":""},"geometry":{"type":"LineString","coordinates":[[77.5879647,13.0331076],[77.5879019,13.0331376],[77.5873555,13.0333987],[77.586554,13.0337708],[77.5864912,13.0338],[77.5846852,13.0346386],[77.582212,13.0347507]]}},{"type":"Feature","properties":{"id":"163095719","name":"","highway":"tertiary","oneway":"yes","maxspeed":""},"geometry":{"type":"LineString","coordinates":[[77.5862886,13.0293008],[77.5863102,13.0293544],[77.5864219,13.0296312],[77.5868808,13.030789],[77.5871371,13.0313652],[77.5874273,13.0320177],[77.5874774,13.0321162],[77.5875432,13.0322445],[77.5876926,13.0325671],[77.5878552,13.0328901],[77.5879647,13.0331076],[77.5880669,13.0333559],[77.5881635,13.0338002],[77.5882225,13.0340981],[77.588411,13.0348263],[77.5885954,13.0353136],[77.588721,13.0356213],[77.5888245,13.0358751],[77.5889036,13.0360685],[77.5889378,13.0361523],[77.5890283,13.0363738],[77.5890808,13.0366275],[77.5890799,13.0367169],[77.5890793,13.0367731],[77.5890747,13.037213],[77.5890991,13.0376153],[77.5891253,13.0380476],[77.5891333,13.0383119],[77.5891339,13.0383445],[77.5891495,13.038491],[77.5891582,13.0385649],[77.5891632,13.0386002],[77.5891852,13.0386846],[77.5892309,13.0388465]]}},{"type":"Feature","properties":{"id":"167604827","name":"3rd cross Road","highway":"residential","oneway":"no","maxspeed":""},"geometry":{"type":"LineString","coordinates":[[77.6224624,13.0403679],[77.6214411,13.0406181]]}},{"type":"Feature","properties":{"id":"167604828","name":"","highway":"residential","oneway":"no","maxspeed":""},"geometry":{"type":"LineString","coordinates":[[77.6210174,13.0409552],[77.6209707,13.0407067],[77.6209148,13.0404428],[77.6207493,13.039711]]}},{"type":"Feature","properties":{"id":"167604829","name":"","highway":"residential","oneway":"no","maxspeed":""},"geometry":{"type":"LineString","coordinates":[[77.6200313,13.0391447],[77.6202521,13.0400597]]}},{"type":"Feature","properties":{"id":"167604830","name":"Thanisandra Main Road","highway":"primary","oneway":"yes","maxspeed":""},"geometry":{"type":"LineString","coordinates":[[77.6244106,13.0403525],[77.6243347,13.04017],[77.6243201,13.040135],[77.62426,13.0399643]]}},{"type":"Feature","properties":{"id":"167604831","name":"","highway":"residential","oneway":"no","maxspeed":""},"geometry":{"type":"LineString","coordinates":[[77.6206335,13.0389742],[77.6199283,13.0391084]]}},{"type":"Feature","properties":{"id":"167604832","name":"","highway":"residential","oneway":"no","maxspeed":""},"geometry":{"type":"LineString","coordinates":[[77.619441,13.0385236],[77.6196314,13.0391649],[77.6197866,13.0396877]]}},{"type":"Feature","properties":{"id":"167604834","name":"1st cross road","highway":"residential","oneway":"no","maxspeed":""},"geometry":{"type":"LineString","coordinates":[[77.6223246,13.0399498],[77.6213429,13.0402068]]}},{"type":"Feature","properties":{"id":"167604835","name":"3rd Main Road","highway":"residential","oneway":"no","maxspeed":""},"geometry":{"type":"LineString","coordinates":[[77.6198708,13.0409249],[77.6197573,13.0403703],[77.6196327,13.0401682],[77.6191417,13.0385862]]}},{"type":"Feature","properties":{"id":"167604836","name":"","highway":"residential","oneway":"no","maxspeed":""},"geometry":{"type":"LineString","coordinates":[[77.6199283,13.0391084],[77.6200313,13.0391447],[77.6206532,13.039121],[77.6207323,13.0391302],[77.6207954,13.0391753],[77.6208941,13.0396076]]}},{"type":"Feature","properties":{"id":"167604838","name":"19th A Cross Road","highway":"residential","oneway":"no","maxspeed":""},"geometry":{"type":"LineString","coordinates":[[77.6240012,13.0395838],[77.6242385,13.0393138]]}},{"type":"Feature","properties":{"id":"167604839","name":"","highway":"residential","oneway":"no","maxspeed":""},"geometry":{"type":"LineString","coordinates":[[77.61879,13.0386598],[77.6191417,13.0385862],[77.619441,13.0385236],[77.619727,13.0384638],[77.6207141,13.0382359]]}},{"type":"Feature","properties":{"id":"167604841","name":"4th cross Road","highway":"residential","oneway":"no","maxspeed":""},"geometry":{"type":"LineString","coordinates":[[77.6225547,13.0406643],[77.6217481,13.0408315]]}},{"type":"Feature","properties":{"id":"167613272","name":"Kanaka Nagar 1st Main Road","highway":"residential","oneway":"no","maxspeed":""},"geometry":{"type":"LineString","coordinates":[[77.6074092,13.0395303],[77.6074647,13.0397559],[77.6075031,13.0399546],[77.6075243,13.0400645],[77.6075649,13.040369],[77.6076181,13.0406115]]}},{"type":"Feature","properties":{"id":"169722388","name":"A P J Abdul Kalam Road","highway":"tertiary","oneway":"no","maxspeed":""},"geometry":{"type":"LineString","coordinates":[[77.6202403,13.0326208],[77.6200738,13.0326845],[77.6199578,13.0327289],[77.6197307,13.0328158],[77.6196119,13.0328498],[77.6193869,13.0329216],[77.6193407,13.0329364],[77.619124,13.0330065],[77.6191032,13.0330121],[77.6188403,13.0330949],[77.618758,13.0331222],[77.6185878,13.0331666],[77.6182972,13.0332423],[77.6181501,13.0332807],[77.6180367,13.0333103],[77.6179358,13.0333366],[77.6177301,13.0333863],[77.6176795,13.0334102],[77.6175658,13.033433],[77.6173578,13.0334837],[77.6172826,13.0335069],[77.6168323,13.0336243],[77.6167316,13.0336505],[77.6163761,13.0337432],[77.61604,13.033832],[77.6159589,13.033855],[77.6157908,13.0338958],[77.6156367,13.033936],[77.6156056,13.0339441],[77.6154663,13.0339804],[77.6153851,13.0340016],[77.6153038,13.0340228],[77.6152014,13.0340592],[77.614902,13.0341655],[77.6145001,13.0343081],[77.6144323,13.0343322],[77.6142929,13.0345215],[77.6142637,13.0345611],[77.6140374,13.0345637],[77.6134474,13.0345705]]}},{"type":"Feature","properties":{"id":"172920279","name":"Kanaka Nagar 1st Main Road","highway":"tertiary","oneway":"no","maxspeed":""},"geometry":{"type":"LineString","coordinates":[[77.6072458,13.0383684],[77.6073089,13.0388142],[77.607317,13.038871],[77.6073316,13.0389747],[77.6073563,13.0391492],[77.6073694,13.0392414],[77.6074092,13.0395303]]}},{"type":"Feature","properties":{"id":"172920280","name":"Kanaka Nagar 2nd Main Road","highway":"secondary","oneway":"no","maxspeed":""},"geometry":{"type":"LineString","coordinates":[[77.6103497,13.0383717],[77.6102988,13.0382938],[77.6102561,13.0382285],[77.6102083,13.0381065],[77.6101598,13.0379767],[77.6100816,13.0377256],[77.6099903,13.0374935],[77.6098843,13.0371907],[77.6097686,13.0367461],[77.6097188,13.0365418],[77.6096318,13.0362455],[77.6095713,13.0360001],[77.6095102,13.0357007],[77.6094499,13.0354135],[77.60944,13.0353665],[77.609383,13.0351397],[77.6093515,13.0350146],[77.6093129,13.0348448],[77.6092743,13.034675],[77.6092429,13.0345447],[77.6091798,13.0343071],[77.6091608,13.0342517],[77.6089389,13.0334824],[77.6088833,13.0332807],[77.6086352,13.0324589],[77.6085686,13.0322696]]}},{"type":"Feature","properties":{"id":"172920286","name":"Sulthanpalya Main Road","highway":"tertiary","oneway":"no","maxspeed":""},"geometry":{"type":"LineString","coordinates":[[77.6046493,13.034855],[77.6047041,13.0353452],[77.6047491,13.0357072],[77.6048033,13.0360039],[77.6048422,13.0361968],[77.6048563,13.0362735],[77.604922,13.0365595],[77.6049954,13.0368497],[77.6051743,13.0378118]]}},{"type":"Feature","properties":{"id":"172920290","name":"BBMP Park Road","highway":"tertiary","oneway":"no","maxspeed":""},"geometry":{"type":"LineString","coordinates":[[77.6076482,13.0514004],[77.6074314,13.0514844],[77.607324,13.051551],[77.6071092,13.0518165],[77.6070717,13.0518584],[77.6069821,13.0519824],[77.6066311,13.0524557],[77.6064459,13.0525413],[77.6061663,13.0526284],[77.6058769,13.0527157],[77.6055753,13.0528066],[77.6052933,13.0528916],[77.6049619,13.0529916],[77.6046522,13.0531016],[77.604341,13.0532149],[77.6040769,13.0533219],[77.6037611,13.0534327],[77.6034898,13.053519],[77.6031998,13.0536352],[77.6029274,13.0537461],[77.6027872,13.0538076],[77.6025758,13.0538848],[77.6021419,13.0540609],[77.6020086,13.0540942],[77.6019844,13.0542607],[77.6019539,13.0551725]]}},{"type":"Feature","properties":{"id":"172920293","name":"3rd Cross Road","highway":"tertiary","oneway":"no","maxspeed":""},"geometry":{"type":"LineString","coordinates":[[77.604341,13.0532149],[77.6042425,13.0527071],[77.6041613,13.0522185],[77.6040035,13.0512698],[77.603923,13.0508128],[77.6037834,13.0499819],[77.6037285,13.0496552],[77.6036706,13.0493102]]}},{"type":"Feature","properties":{"id":"172920311","name":"10 B Cross","highway":"residential","oneway":"no","maxspeed":""},"geometry":{"type":"LineString","coordinates":[[77.6051743,13.0378118],[77.6054228,13.0377739],[77.6056935,13.0377258],[77.6059606,13.0376783],[77.6062654,13.0376509],[77.6070879,13.0374824]]}},{"type":"Feature","properties":{"id":"184899016","name":"5th Cross Road","highway":"residential","oneway":"no","maxspeed":""},"geometry":{"type":"LineString","coordinates":[[77.6020593,13.0408784],[77.6020496,13.0407555],[77.6020512,13.0406978],[77.6020441,13.0404921],[77.6020406,13.0403902],[77.6020337,13.0401872],[77.6020224,13.040001],[77.6020158,13.0398928],[77.6019983,13.0396037]]}},{"type":"Feature","properties":{"id":"184899017","name":"5th C Cross Road","highway":"residential","oneway":"no","maxspeed":""},"geometry":{"type":"LineString","coordinates":[[77.6024039,13.0407012],[77.6020512,13.0406978]]}},{"type":"Feature","properties":{"id":"184899018","name":"5th A Cross Road","highway":"residential","oneway":"no","maxspeed":""},"geometry":{"type":"LineString","coordinates":[[77.6017728,13.040211],[77.6020337,13.0401872]]}},{"type":"Feature","properties":{"id":"184899019","name":"5th B Cross","highway":"residential","oneway":"no","maxspeed":""},"geometry":{"type":"LineString","coordinates":[[77.6017381,13.040779],[77.6020496,13.0407555]]}},{"type":"Feature","properties":{"id":"184943530","name":"","highway":"residential","oneway":"no","maxspeed":""},"geometry":{"type":"LineString","coordinates":[[77.6162795,13.0305021],[77.6163848,13.0307552],[77.6168696,13.0317152]]}},{"type":"Feature","properties":{"id":"184943547","name":"","highway":"residential","oneway":"no","maxspeed":""},"geometry":{"type":"LineString","coordinates":[[77.6190431,13.0310246],[77.6192567,13.0315283],[77.6192726,13.0315658],[77.6194439,13.0320333],[77.6194995,13.0321849],[77.6195454,13.0323208],[77.6197307,13.0328158]]}},{"type":"Feature","properties":{"id":"184943550","name":"","highway":"residential","oneway":"no","maxspeed":""},"geometry":{"type":"LineString","coordinates":[[77.618758,13.0331222],[77.6189445,13.033516],[77.619245,13.0341505],[77.6192661,13.0342018],[77.6193633,13.0344387]]}},{"type":"Feature","properties":{"id":"184943560","name":"","highway":"service","oneway":"no","maxspeed":""},"geometry":{"type":"LineString","coordinates":[[77.6194059,13.0345425],[77.6195068,13.0347586],[77.6196956,13.035133],[77.6197509,13.035265],[77.6197643,13.0352969],[77.6198082,13.0355041],[77.6198297,13.0357602],[77.6198575,13.0363193],[77.619867,13.0365112],[77.6198952,13.0371124]]}},{"type":"Feature","properties":{"id":"184943572","name":"","highway":"residential","oneway":"no","maxspeed":""},"geometry":{"type":"LineString","coordinates":[[77.6196119,13.0328498],[77.6198913,13.0336626],[77.6200117,13.0340121],[77.6201784,13.0345007],[77.620291,13.0345843],[77.620371,13.0346389],[77.6203983,13.0346575],[77.6206397,13.0349763],[77.6207567,13.0351349],[77.6208168,13.035154],[77.6208972,13.035154],[77.6210367,13.0351058],[77.6211219,13.0350764],[77.6211968,13.0350499],[77.6213809,13.0349847],[77.6214225,13.0349725],[77.6216209,13.0349039],[77.6218199,13.0348352],[77.6218307,13.034833],[77.6220023,13.0347777],[77.6220628,13.0347539]]}},{"type":"Feature","properties":{"id":"184946116","name":"9th Cross Road","highway":"residential","oneway":"no","maxspeed":""},"geometry":{"type":"LineString","coordinates":[[77.6222571,13.0430477],[77.6224519,13.0435416],[77.6230323,13.0452505],[77.6236274,13.0469322]]}},{"type":"Feature","properties":{"id":"184946119","name":"6th Cross Road","highway":"residential","oneway":"no","maxspeed":""},"geometry":{"type":"LineString","coordinates":[[77.6240595,13.0444692],[77.6242178,13.0448664],[77.6247944,13.0465436]]}},{"type":"Feature","properties":{"id":"184946126","name":"8th Cross Road","highway":"residential","oneway":"no","maxspeed":""},"geometry":{"type":"LineString","coordinates":[[77.6226353,13.0427681],[77.6228151,13.043316],[77.6228441,13.04341],[77.6231503,13.0442706],[77.6234443,13.0451115],[77.6236519,13.0457051],[77.6240223,13.0468007]]}},{"type":"Feature","properties":{"id":"184946128","name":"","highway":"residential","oneway":"no","maxspeed":""},"geometry":{"type":"LineString","coordinates":[[77.6206818,13.0375477],[77.6206669,13.0373837],[77.6206314,13.0371119],[77.6206347,13.0370653],[77.6206387,13.0366714],[77.620608,13.0363384],[77.6205821,13.036057],[77.6205618,13.0358366],[77.6205485,13.0356922],[77.6205118,13.0355509]]}},{"type":"Feature","properties":{"id":"184946135","name":"","highway":"residential","oneway":"no","maxspeed":""},"geometry":{"type":"LineString","coordinates":[[77.6206347,13.0370653],[77.6208919,13.037001],[77.6211869,13.0369405],[77.6214225,13.0368844],[77.6216684,13.0368258],[77.6218954,13.0367718],[77.6221455,13.0367122]]}},{"type":"Feature","properties":{"id":"184946137","name":"","highway":"residential","oneway":"no","maxspeed":""},"geometry":{"type":"LineString","coordinates":[[77.6222695,13.0366879],[77.6221455,13.0367122],[77.6219499,13.0364958],[77.6216632,13.0361566],[77.6215637,13.0360307],[77.6214547,13.0359323],[77.6213051,13.0357973],[77.6209843,13.0355812],[77.6208395,13.0354871],[77.6207107,13.0353199],[77.6206272,13.0352201],[77.6205927,13.0351788],[77.6205687,13.0351442],[77.620466,13.034996],[77.6204479,13.0349698],[77.620361,13.0348734],[77.6202209,13.034718],[77.6201153,13.0346301],[77.6199889,13.0345594],[77.6198991,13.0345165]]}},{"type":"Feature","properties":{"id":"184946140","name":"5th Cross Road","highway":"residential","oneway":"no","maxspeed":""},"geometry":{"type":"LineString","coordinates":[[77.6251291,13.0464321],[77.6245516,13.0447498],[77.6244458,13.0444457]]}},{"type":"Feature","properties":{"id":"184946147","name":"2nd Main Road","highway":"residential","oneway":"no","maxspeed":""},"geometry":{"type":"LineString","coordinates":[[77.622656,13.0453736],[77.6230323,13.0452505],[77.6234443,13.0451115],[77.6238365,13.0449832],[77.6242178,13.0448664],[77.6245516,13.0447498],[77.624891,13.0446313],[77.6251458,13.0445424],[77.6252565,13.0445053],[77.6255886,13.0443941],[77.6258405,13.0443098],[77.6259344,13.0442993]]}},{"type":"Feature","properties":{"id":"184946149","name":"1st Main Road","highway":"residential","oneway":"no","maxspeed":"15"},"geometry":{"type":"LineString","coordinates":[[77.626507,13.0459576],[77.6264333,13.0459978],[77.6261708,13.0460852],[77.6258249,13.0462004],[77.6254886,13.0463124],[77.6254558,13.0463233],[77.6251291,13.0464321],[77.6247944,13.0465436],[77.6244308,13.0466647],[77.6240223,13.0468007],[77.6236274,13.0469322],[77.623279,13.0470482],[77.6231825,13.047043]]}},{"type":"Feature","properties":{"id":"184946154","name":"10th Cross Road","highway":"residential","oneway":"no","maxspeed":""},"geometry":{"type":"LineString","coordinates":[[77.6231825,13.047043],[77.6231449,13.0469803],[77.6229679,13.0463166],[77.6227637,13.0456993],[77.622656,13.0453736],[77.6224475,13.0447436],[77.6221096,13.0436879],[77.622048,13.043458],[77.6219889,13.0432594]]}},{"type":"Feature","properties":{"id":"184946162","name":"","highway":"residential","oneway":"no","maxspeed":""},"geometry":{"type":"LineString","coordinates":[[77.6245062,13.0423249],[77.6245627,13.0424828],[77.6247852,13.0430967]]}},{"type":"Feature","properties":{"id":"190154943","name":"Service Road","highway":"tertiary","oneway":"yes","maxspeed":""},"geometry":{"type":"LineString","coordinates":[[77.613456,13.0420324],[77.6130815,13.0421257],[77.6128998,13.0421705],[77.6123159,13.0423144],[77.612208,13.042341],[77.6119708,13.0423994],[77.6115121,13.0425073],[77.6110708,13.0426112],[77.6105612,13.0427325],[77.6103345,13.0427865],[77.6100772,13.0428478],[77.6097809,13.0429184],[77.6096489,13.0429514],[77.6094221,13.0430125],[77.6093489,13.0430317],[77.6091422,13.0430951],[77.6090147,13.0431304],[77.6088782,13.0431569],[77.6085377,13.0432326],[77.6081996,13.0433078],[77.6081823,13.0433116],[77.6078743,13.0433653],[77.6078533,13.043369],[77.6073974,13.0434485],[77.6070343,13.043513],[77.606852,13.0435327],[77.6065047,13.0435525],[77.6063405,13.0435545],[77.6057244,13.0435409],[77.6039133,13.0435315],[77.6029072,13.0435176],[77.6018306,13.0435142],[77.6015985,13.0435195],[77.6014471,13.0435254],[77.6011526,13.0435316],[77.6003376,13.0435562],[77.6000997,13.0435579],[77.5999588,13.0435583],[77.5996604,13.0435348],[77.5994197,13.0434937],[77.5991711,13.0434055],[77.5989201,13.0432881],[77.5986071,13.0430516],[77.5983166,13.0428321],[77.5980804,13.0426414],[77.5974598,13.042166],[77.5972103,13.0420063],[77.5970728,13.0419343],[77.5969259,13.0418753],[77.5966633,13.0417974],[77.5964298,13.0417766],[77.5959575,13.0417828],[77.5943365,13.041804],[77.594005,13.0418321],[77.5935007,13.0419422]]}},{"type":"Feature","properties":{"id":"190154944","name":"","highway":"tertiary","oneway":"yes","maxspeed":""},"geometry":{"type":"LineString","coordinates":[[77.6008818,13.0438466],[77.6014477,13.0438355],[77.6023328,13.043822],[77.6060752,13.0438821],[77.6062182,13.0438834],[77.6065637,13.0438717],[77.6068365,13.0438474],[77.6071343,13.043811],[77.6104811,13.0430774]]}},{"type":"Feature","properties":{"id":"190154946","name":"Service Road","highway":"tertiary","oneway":"yes","maxspeed":""},"geometry":{"type":"LineString","coordinates":[[77.616134,13.0409785],[77.6158878,13.0410527],[77.6157152,13.0411058],[77.6151695,13.0412927],[77.6146754,13.0414681],[77.6145369,13.0415165],[77.6139553,13.0418087],[77.6137568,13.0419113],[77.6136204,13.0419819]]}},{"type":"Feature","properties":{"id":"197826713","name":"13th Main Road","highway":"tertiary","oneway":"no","maxspeed":""},"geometry":{"type":"LineString","coordinates":[[77.5915744,13.0583259],[77.5915329,13.0584069],[77.5913424,13.0585519],[77.5911585,13.0586918],[77.591001,13.0588116],[77.5909143,13.0588735],[77.5905387,13.0591417],[77.5902395,13.0593554],[77.5899345,13.0595731],[77.5896262,13.0597932],[77.5894029,13.0599502],[77.5892018,13.0600901],[77.589088,13.0601691],[77.588773,13.0603844],[77.5878474,13.0610362],[77.5873201,13.0614082],[77.5872664,13.0614465]]}},{"type":"Feature","properties":{"id":"197826718","name":"16th Main Road","highway":"residential","oneway":"no","maxspeed":""},"geometry":{"type":"LineString","coordinates":[[77.5886011,13.0621344],[77.588875,13.061931],[77.5890947,13.0617653],[77.5893361,13.0615782]]}},{"type":"Feature","properties":{"id":"200864548","name":"7th Main Road","highway":"residential","oneway":"no","maxspeed":""},"geometry":{"type":"LineString","coordinates":[[77.5789319,13.0647596],[77.5793465,13.0644605],[77.5806629,13.06354],[77.58137,13.0630535],[77.5821683,13.0624961],[77.5822453,13.0624546],[77.5835058,13.0616091],[77.5839925,13.0612849],[77.5853141,13.0603656],[77.5857568,13.0600451],[77.5861481,13.0597751],[77.5864542,13.0595639],[77.5872075,13.0590491],[77.587737,13.0586707],[77.587774,13.0586443]]}},{"type":"Feature","properties":{"id":"204955034","name":"Rama Road","highway":"tertiary","oneway":"no","maxspeed":""},"geometry":{"type":"LineString","coordinates":[[77.5974747,13.0499648],[77.5975012,13.0500726],[77.5975258,13.0501727],[77.5975624,13.0504402],[77.5975801,13.0505692],[77.5976036,13.0508363],[77.5976365,13.0512349],[77.5976554,13.0514637],[77.597673,13.051613],[77.5976742,13.0518291],[77.5976889,13.0519189],[77.5977543,13.0523177],[77.5977818,13.0524855],[77.5977937,13.0525798],[77.5978138,13.0527393],[77.5978183,13.0527748],[77.5978963,13.0531844],[77.5979049,13.053237],[77.597926,13.0533721],[77.597987,13.053526]]}},{"type":"Feature","properties":{"id":"226230444","name":"M M Road","highway":"residential","oneway":"no","maxspeed":""},"geometry":{"type":"LineString","coordinates":[[77.6119166,13.0491536],[77.6114159,13.049052],[77.6112808,13.049025],[77.6110983,13.0489885],[77.6108979,13.0489485],[77.6105306,13.0488493]]}},{"type":"Feature","properties":{"id":"232511351","name":"Bellary Road","highway":"trunk","oneway":"yes","maxspeed":"80"},"geometry":{"type":"LineString","coordinates":[[77.5921324,13.0481491],[77.5922067,13.0483019],[77.5922442,13.0483789],[77.5924124,13.0487555],[77.5925303,13.0490205],[77.5926212,13.0492776],[77.5926522,13.049394]]}},{"type":"Feature","properties":{"id":"232654696","name":"","highway":"service","oneway":"no","maxspeed":""},"geometry":{"type":"LineString","coordinates":[[77.5937768,13.04217],[77.5937071,13.04239],[77.593759,13.0424976],[77.5938297,13.0425138],[77.5938982,13.0425373],[77.5939638,13.0425678],[77.5940269,13.0426059],[77.5940853,13.0426504],[77.5941383,13.0427009],[77.5943204,13.0432071],[77.5943583,13.0434326],[77.5937666,13.0435434],[77.5936528,13.0435952],[77.5936186,13.0440497],[77.5944721,13.0438871]]}},{"type":"Feature","properties":{"id":"238031815","name":"Outer Ring Road","highway":"trunk_link","oneway":"yes","maxspeed":""},"geometry":{"type":"LineString","coordinates":[[77.6223149,13.0412142],[77.6225654,13.0412839],[77.6227147,13.0413079],[77.6228245,13.0413206]]}},{"type":"Feature","properties":{"id":"238155616","name":"","highway":"service","oneway":"no","maxspeed":""},"geometry":{"type":"LineString","coordinates":[[77.6114372,13.0661798],[77.6113177,13.0662107],[77.6112643,13.0662246],[77.610845,13.0663334],[77.6106671,13.0663799],[77.6103594,13.0664641],[77.6101583,13.0665192],[77.6099523,13.0665724],[77.6098214,13.0666098]]}},{"type":"Feature","properties":{"id":"238155617","name":"","highway":"service","oneway":"no","maxspeed":""},"geometry":{"type":"LineString","coordinates":[[77.6104367,13.067285],[77.6101583,13.0665192]]}},{"type":"Feature","properties":{"id":"238155618","name":"","highway":"service","oneway":"no","maxspeed":""},"geometry":{"type":"LineString","coordinates":[[77.6109034,13.0671465],[77.6106671,13.0663799]]}},{"type":"Feature","properties":{"id":"238184275","name":"","highway":"residential","oneway":"no","maxspeed":""},"geometry":{"type":"LineString","coordinates":[[77.5929561,13.0349261],[77.5931109,13.0349483],[77.5933459,13.0349323],[77.5936551,13.0348431],[77.5943073,13.0346278]]}},{"type":"Feature","properties":{"id":"238184276","name":"","highway":"residential","oneway":"no","maxspeed":""},"geometry":{"type":"LineString","coordinates":[[77.5909343,13.0361297],[77.5893897,13.0364164]]}},{"type":"Feature","properties":{"id":"238184277","name":"5th Main Road","highway":"residential","oneway":"no","maxspeed":""},"geometry":{"type":"LineString","coordinates":[[77.5911999,13.0364946],[77.5894545,13.0368067]]}},{"type":"Feature","properties":{"id":"238184278","name":"","highway":"residential","oneway":"no","maxspeed":""},"geometry":{"type":"LineString","coordinates":[[77.5910806,13.0369084],[77.5894674,13.037188]]}},{"type":"Feature","properties":{"id":"238184279","name":"","highway":"residential","oneway":"no","maxspeed":""},"geometry":{"type":"LineString","coordinates":[[77.5937835,13.0353242],[77.5939978,13.0360803],[77.5941187,13.0364872]]}},{"type":"Feature","properties":{"id":"238184280","name":"2nd Cross Road","highway":"residential","oneway":"no","maxspeed":""},"geometry":{"type":"LineString","coordinates":[[77.5940926,13.0352498],[77.5944099,13.0363912]]}},{"type":"Feature","properties":{"id":"238184281","name":"","highway":"residential","oneway":"no","maxspeed":""},"geometry":{"type":"LineString","coordinates":[[77.5935207,13.0353904],[77.5937835,13.0353242],[77.5940926,13.0352498],[77.5944032,13.0351756],[77.594471,13.0351566],[77.5948086,13.0350681]]}},{"type":"Feature","properties":{"id":"238184282","name":"3rd Cross Road","highway":"residential","oneway":"no","maxspeed":""},"geometry":{"type":"LineString","coordinates":[[77.5944032,13.0351756],[77.5945441,13.0356764],[77.594701,13.0362963]]}},{"type":"Feature","properties":{"id":"238185296","name":"Amarjyothy Layout, 2nd Main","highway":"residential","oneway":"no","maxspeed":""},"geometry":{"type":"LineString","coordinates":[[77.5947455,13.0346024],[77.5955355,13.0342866],[77.595865,13.0341844],[77.5963239,13.0341179],[77.5965596,13.0340712],[77.5967489,13.0340466]]}},{"type":"Feature","properties":{"id":"238185297","name":"Gundappa Reddy Layout, 1st Main Road","highway":"residential","oneway":"no","maxspeed":""},"geometry":{"type":"LineString","coordinates":[[77.5963239,13.0341179],[77.5963468,13.0344625],[77.5963503,13.0345156],[77.596378,13.0348555],[77.5963981,13.0352322],[77.59689,13.0353452]]}},{"type":"Feature","properties":{"id":"238185298","name":"","highway":"residential","oneway":"no","maxspeed":""},"geometry":{"type":"LineString","coordinates":[[77.5956953,13.0348586],[77.5957105,13.0349391],[77.595755,13.0351744],[77.5959302,13.0361007]]}},{"type":"Feature","properties":{"id":"238185299","name":"","highway":"residential","oneway":"no","maxspeed":""},"geometry":{"type":"LineString","coordinates":[[77.5967489,13.0340466],[77.5967716,13.0342706],[77.5967885,13.0344368],[77.5968067,13.0345999],[77.5968371,13.0348717],[77.59689,13.0353452],[77.5969652,13.0356247]]}},{"type":"Feature","properties":{"id":"238185300","name":"","highway":"residential","oneway":"no","maxspeed":""},"geometry":{"type":"LineString","coordinates":[[77.5938222,13.0335045],[77.5936915,13.0328267],[77.5936649,13.032611],[77.5936732,13.0325872]]}},{"type":"Feature","properties":{"id":"238185926","name":"","highway":"tertiary","oneway":"no","maxspeed":""},"geometry":{"type":"LineString","coordinates":[[77.6020086,13.0540942],[77.6019574,13.0538368],[77.6019461,13.0537876],[77.6019163,13.0536291],[77.6019008,13.0535521],[77.6018491,13.0532925],[77.6018435,13.0532641],[77.6017759,13.0530322],[77.6017349,13.0530214],[77.6015546,13.0529627],[77.6014952,13.0529298],[77.6014294,13.0526866],[77.6013627,13.0523726],[77.6013398,13.0522556],[77.6013213,13.0521531],[77.6012925,13.0519692],[77.601271,13.051832],[77.6012549,13.0516515],[77.6012457,13.0515523],[77.6012315,13.0513484],[77.6012255,13.0512193],[77.6011765,13.0508116],[77.6001195,13.0508749],[77.6000952,13.0508764],[77.6000476,13.0504041],[77.5999435,13.0498295]]}},{"type":"Feature","properties":{"id":"238186064","name":"5th Cross Road","highway":"residential","oneway":"no","maxspeed":""},"geometry":{"type":"LineString","coordinates":[[77.6047414,13.0491892],[77.6047948,13.0495281],[77.6048476,13.0498635],[77.6048682,13.0499943],[77.6049086,13.05025],[77.6049211,13.0503289],[77.6049762,13.0506774],[77.6050321,13.0510295],[77.6050891,13.0513973],[77.6051382,13.0517089],[77.6051462,13.05176],[77.6051816,13.0519854],[77.6052491,13.0524139]]}},{"type":"Feature","properties":{"id":"238186065","name":"4th Cross Road","highway":"residential","oneway":"no","maxspeed":""},"geometry":{"type":"LineString","coordinates":[[77.6046725,13.0520861],[77.604625,13.0517821],[77.6045786,13.0514855],[77.6045152,13.0510807],[77.6044623,13.0507434],[77.6043948,13.0503111],[77.6043378,13.0499468],[77.6043307,13.0499014],[77.6042846,13.049607],[77.6042313,13.0492659],[77.6041593,13.048808]]}},{"type":"Feature","properties":{"id":"238186763","name":"4th Main Road","highway":"residential","oneway":"no","maxspeed":""},"geometry":{"type":"LineString","coordinates":[[77.6062536,13.0489518],[77.6065985,13.0489146],[77.6070945,13.0488612],[77.6074451,13.0488234],[77.6080364,13.0487972]]}},{"type":"Feature","properties":{"id":"238186765","name":"","highway":"residential","oneway":"no","maxspeed":""},"geometry":{"type":"LineString","coordinates":[[77.6082048,13.0490895],[77.6080726,13.0490932],[77.6077352,13.0491077],[77.6074697,13.0491371]]}},{"type":"Feature","properties":{"id":"238186767","name":"11th Cross Road","highway":"residential","oneway":"no","maxspeed":""},"geometry":{"type":"LineString","coordinates":[[77.6074047,13.048438],[77.6074451,13.0488234],[77.6074697,13.0491371],[77.607511,13.049665],[77.6075202,13.0497827],[77.6075376,13.0500045],[77.6075629,13.0503279],[77.6075883,13.0506524],[77.6076119,13.0509535],[77.6076416,13.0513321]]}},{"type":"Feature","properties":{"id":"238186769","name":"9th Main Road","highway":"residential","oneway":"no","maxspeed":""},"geometry":{"type":"LineString","coordinates":[[77.6059341,13.0509401],[77.6050321,13.0510295],[77.6045152,13.0510807]]}},{"type":"Feature","properties":{"id":"238186770","name":"9th Main Road","highway":"residential","oneway":"no","maxspeed":""},"geometry":{"type":"LineString","coordinates":[[77.6075883,13.0506524],[77.6063124,13.050747]]}},{"type":"Feature","properties":{"id":"238186771","name":"12th Main Road","highway":"residential","oneway":"no","maxspeed":""},"geometry":{"type":"LineString","coordinates":[[77.6041613,13.0522185],[77.6041305,13.0522248],[77.6038055,13.0522919],[77.6034467,13.0523661],[77.602981,13.0524622],[77.6026779,13.0525248],[77.6023445,13.0525937]]}},{"type":"Feature","properties":{"id":"238186772","name":"","highway":"residential","oneway":"no","maxspeed":""},"geometry":{"type":"LineString","coordinates":[[77.608087,13.0495516],[77.6080726,13.0490932]]}},{"type":"Feature","properties":{"id":"238186774","name":"6th Main Road","highway":"residential","oneway":"no","maxspeed":""},"geometry":{"type":"LineString","coordinates":[[77.6055208,13.0499116],[77.6048682,13.0499943]]}},{"type":"Feature","properties":{"id":"238186775","name":"6th Main Road","highway":"residential","oneway":"no","maxspeed":""},"geometry":{"type":"LineString","coordinates":[[77.608925,13.0497597],[77.6086238,13.049754],[77.6075202,13.0497827]]}},{"type":"Feature","properties":{"id":"238186777","name":"9th Cross Road","highway":"residential","oneway":"no","maxspeed":""},"geometry":{"type":"LineString","coordinates":[[77.6066078,13.0492462],[77.6066213,13.0497264],[77.6066307,13.0500579]]}},{"type":"Feature","properties":{"id":"238186778","name":"10th Main Road","highway":"residential","oneway":"no","maxspeed":""},"geometry":{"type":"LineString","coordinates":[[77.6063281,13.0512144],[77.6059439,13.05125],[77.6054666,13.0513322],[77.6050891,13.0513973],[77.6045786,13.0514855]]}},{"type":"Feature","properties":{"id":"238186779","name":"6th Main Road","highway":"residential","oneway":"no","maxspeed":""},"geometry":{"type":"LineString","coordinates":[[77.6066213,13.0497264],[77.6071402,13.0496874],[77.607511,13.049665]]}},{"type":"Feature","properties":{"id":"238186780","name":"6th Cross Road","highway":"residential","oneway":"no","maxspeed":""},"geometry":{"type":"LineString","coordinates":[[77.6059439,13.05125],[77.6059341,13.0509401],[77.6059219,13.050556],[77.6059101,13.0501825],[77.605884,13.0493596],[77.6058696,13.0490197],[77.6058557,13.0485674],[77.6057625,13.0479571],[77.6058286,13.0477538],[77.605661,13.0472717]]}},{"type":"Feature","properties":{"id":"238186781","name":"10th Main Road","highway":"residential","oneway":"no","maxspeed":""},"geometry":{"type":"LineString","coordinates":[[77.6084283,13.0508998],[77.6082636,13.050908],[77.6079863,13.0509256],[77.6077894,13.050936],[77.6076119,13.0509535],[77.606323,13.051076]]}},{"type":"Feature","properties":{"id":"238186782","name":"8th Cross Road","highway":"residential","oneway":"no","maxspeed":""},"geometry":{"type":"LineString","coordinates":[[77.6063543,13.0520547],[77.6063374,13.051528],[77.6063281,13.0512144],[77.606323,13.051076],[77.6063124,13.050747],[77.6063019,13.0504176],[77.606291,13.0500779],[77.6062661,13.0493005],[77.6062536,13.0489518],[77.6062411,13.0485127]]}},{"type":"Feature","properties":{"id":"238186783","name":"","highway":"residential","oneway":"no","maxspeed":""},"geometry":{"type":"LineString","coordinates":[[77.6077437,13.0495646],[77.6077352,13.0491077]]}},{"type":"Feature","properties":{"id":"238186784","name":"10th Cross Road","highway":"residential","oneway":"no","maxspeed":""},"geometry":{"type":"LineString","coordinates":[[77.6070945,13.0488612],[77.6071186,13.0491686],[77.6071402,13.0496874]]}},{"type":"Feature","properties":{"id":"238186785","name":"8th Main Road","highway":"residential","oneway":"no","maxspeed":""},"geometry":{"type":"LineString","coordinates":[[77.6059219,13.050556],[77.6049762,13.0506774],[77.6044623,13.0507434],[77.6039841,13.0508048],[77.603923,13.0508128]]}},{"type":"Feature","properties":{"id":"238186786","name":"5th Main Road","highway":"residential","oneway":"no","maxspeed":""},"geometry":{"type":"LineString","coordinates":[[77.6042846,13.049607],[77.6047948,13.0495281],[77.6054857,13.0494212],[77.605884,13.0493596],[77.6062661,13.0493005],[77.6066078,13.0492462]]}},{"type":"Feature","properties":{"id":"238186788","name":"4th Main Road","highway":"residential","oneway":"no","maxspeed":""},"geometry":{"type":"LineString","coordinates":[[77.6058696,13.0490197],[77.6047414,13.0491892],[77.6042313,13.0492659]]}},{"type":"Feature","properties":{"id":"238186789","name":"7th Main Road","highway":"residential","oneway":"no","maxspeed":""},"geometry":{"type":"LineString","coordinates":[[77.6059101,13.0501825],[77.6055345,13.0502381],[77.6049211,13.0503289]]}},{"type":"Feature","properties":{"id":"238186790","name":"8th Main Road","highway":"residential","oneway":"no","maxspeed":""},"geometry":{"type":"LineString","coordinates":[[77.6087763,13.050291],[77.6085311,13.0502985],[77.6084438,13.0503011],[77.6082331,13.0503075],[77.6079467,13.0503162],[77.6075629,13.0503279],[77.6063019,13.0504176]]}},{"type":"Feature","properties":{"id":"238186791","name":"7th Main Road","highway":"residential","oneway":"no","maxspeed":""},"geometry":{"type":"LineString","coordinates":[[77.6075376,13.0500045],[77.6066307,13.0500579],[77.606291,13.0500779]]}},{"type":"Feature","properties":{"id":"238186792","name":"7th Main Road","highway":"residential","oneway":"no","maxspeed":""},"geometry":{"type":"LineString","coordinates":[[77.6049086,13.05025],[77.6043948,13.0503111]]}},{"type":"Feature","properties":{"id":"238186793","name":"6th Main Road","highway":"residential","oneway":"no","maxspeed":""},"geometry":{"type":"LineString","coordinates":[[77.6043378,13.0499468],[77.6048476,13.0498635]]}},{"type":"Feature","properties":{"id":"238187519","name":"3rd Main Road","highway":"residential","oneway":"no","maxspeed":""},"geometry":{"type":"LineString","coordinates":[[77.6074047,13.048438],[77.6078851,13.0484533],[77.608109,13.0484605],[77.6081715,13.0484621],[77.6083679,13.0484671],[77.608619,13.0484791],[77.6088895,13.0484956]]}},{"type":"Feature","properties":{"id":"238187522","name":"Saint Anthony Church Road","highway":"tertiary","oneway":"no","maxspeed":""},"geometry":{"type":"LineString","coordinates":[[77.6104454,13.0497311],[77.6106436,13.0496997],[77.6107709,13.0496779],[77.6108792,13.0496586],[77.6109706,13.0496329],[77.6112051,13.0495724],[77.6113124,13.0495436],[77.6114484,13.0495118],[77.6115719,13.0494808],[77.6118065,13.0494387]]}},{"type":"Feature","properties":{"id":"238187675","name":"11th Main Road","highway":"residential","oneway":"no","maxspeed":""},"geometry":{"type":"LineString","coordinates":[[77.6076482,13.0514004],[77.6076416,13.0513321],[77.6063374,13.051528],[77.6055217,13.0516529]]}},{"type":"Feature","properties":{"id":"238187819","name":"13th Main Road","highway":"residential","oneway":"no","maxspeed":""},"geometry":{"type":"LineString","coordinates":[[77.6070717,13.0518584],[77.6063543,13.0520547],[77.6056367,13.0522879],[77.6052491,13.0524139],[77.6042807,13.052696],[77.6042425,13.0527071],[77.6042103,13.0527155],[77.603888,13.0527992],[77.60359,13.0528794],[77.6033261,13.0529719],[77.6032779,13.0530202],[77.6026274,13.0532084],[77.6026958,13.0534721],[77.6027872,13.0538076]]}},{"type":"Feature","properties":{"id":"238191030","name":"","highway":"residential","oneway":"no","maxspeed":""},"geometry":{"type":"LineString","coordinates":[[77.5947677,13.040185],[77.5942791,13.0402963]]}},{"type":"Feature","properties":{"id":"238191031","name":"1st Main Road","highway":"residential","oneway":"no","maxspeed":""},"geometry":{"type":"LineString","coordinates":[[77.5932741,13.0408387],[77.5932355,13.0405693],[77.5932223,13.0405197],[77.5930066,13.0401237],[77.5929249,13.0400396]]}},{"type":"Feature","properties":{"id":"238191032","name":"","highway":"residential","oneway":"no","maxspeed":""},"geometry":{"type":"LineString","coordinates":[[77.593518,13.0399547],[77.5934694,13.0399084],[77.5934455,13.039811],[77.593371,13.0390997]]}},{"type":"Feature","properties":{"id":"238191033","name":"1st Main Road","highway":"residential","oneway":"no","maxspeed":""},"geometry":{"type":"LineString","coordinates":[[77.591866,13.0409557],[77.591837,13.0407977],[77.5917339,13.0403153]]}},{"type":"Feature","properties":{"id":"238191035","name":"","highway":"residential","oneway":"no","maxspeed":""},"geometry":{"type":"LineString","coordinates":[[77.5924713,13.0408712],[77.591866,13.0409557],[77.5913662,13.0410254],[77.5913092,13.0408564]]}},{"type":"Feature","properties":{"id":"238191036","name":"","highway":"residential","oneway":"no","maxspeed":""},"geometry":{"type":"LineString","coordinates":[[77.5936121,13.0404721],[77.5932355,13.0405693],[77.5927901,13.0406844]]}},{"type":"Feature","properties":{"id":"238191037","name":"","highway":"residential","oneway":"no","maxspeed":""},"geometry":{"type":"LineString","coordinates":[[77.594175,13.0407695],[77.5941114,13.0403798],[77.5936121,13.0404721]]}},{"type":"Feature","properties":{"id":"238191039","name":"1st Cross Road","highway":"residential","oneway":"no","maxspeed":""},"geometry":{"type":"LineString","coordinates":[[77.5953735,13.0401579],[77.5951771,13.0395185]]}},{"type":"Feature","properties":{"id":"238191040","name":"2nd Cross Road","highway":"residential","oneway":"no","maxspeed":""},"geometry":{"type":"LineString","coordinates":[[77.5951857,13.0406256],[77.594881,13.0396197],[77.5947967,13.0393111],[77.5947907,13.0386849]]}},{"type":"Feature","properties":{"id":"238191041","name":"3rd Cross Road","highway":"residential","oneway":"no","maxspeed":""},"geometry":{"type":"LineString","coordinates":[[77.5943462,13.0406569],[77.5948556,13.0405393]]}},{"type":"Feature","properties":{"id":"238191042","name":"5th Cross Road","highway":"residential","oneway":"no","maxspeed":""},"geometry":{"type":"LineString","coordinates":[[77.5943611,13.0409981],[77.594941,13.0408836]]}},{"type":"Feature","properties":{"id":"238191043","name":"","highway":"residential","oneway":"no","maxspeed":""},"geometry":{"type":"LineString","coordinates":[[77.5951857,13.0406256],[77.595614,13.0404993],[77.5956515,13.0404882],[77.5968614,13.0401315]]}},{"type":"Feature","properties":{"id":"238191044","name":"","highway":"residential","oneway":"no","maxspeed":""},"geometry":{"type":"LineString","coordinates":[[77.5968614,13.0401315],[77.5968377,13.0400728],[77.5966341,13.0397737],[77.5964893,13.0396875],[77.5964315,13.0394537],[77.5963553,13.0391908]]}},{"type":"Feature","properties":{"id":"238191046","name":"1st Main Road","highway":"residential","oneway":"no","maxspeed":""},"geometry":{"type":"LineString","coordinates":[[77.5949658,13.0409836],[77.5949554,13.0409416],[77.594941,13.0408836],[77.5949275,13.0408361],[77.5948991,13.0407148],[77.5948556,13.0405393],[77.5948035,13.0403361],[77.5947677,13.040185],[77.5947098,13.0399517],[77.5946473,13.0396996]]}},{"type":"Feature","properties":{"id":"238191047","name":"4th Cross Road","highway":"residential","oneway":"no","maxspeed":""},"geometry":{"type":"LineString","coordinates":[[77.5944,13.0408149],[77.5948991,13.0407148]]}},{"type":"Feature","properties":{"id":"238203444","name":"","highway":"residential","oneway":"no","maxspeed":""},"geometry":{"type":"LineString","coordinates":[[77.6023981,13.0354321],[77.6014672,13.0355937]]}},{"type":"Feature","properties":{"id":"238203445","name":"","highway":"residential","oneway":"no","maxspeed":""},"geometry":{"type":"LineString","coordinates":[[77.5983145,13.0363624],[77.5983561,13.0375395]]}},{"type":"Feature","properties":{"id":"238203447","name":"8th Cross Road","highway":"residential","oneway":"no","maxspeed":""},"geometry":{"type":"LineString","coordinates":[[77.5979513,13.0378075],[77.597778,13.0378112],[77.5966803,13.0378363]]}},{"type":"Feature","properties":{"id":"238203448","name":"","highway":"tertiary","oneway":"no","maxspeed":""},"geometry":{"type":"LineString","coordinates":[[77.5974675,13.0367243],[77.5973296,13.0363353],[77.5972806,13.0362107],[77.5971091,13.0359413],[77.5970235,13.0358415]]}},{"type":"Feature","properties":{"id":"238203450","name":"","highway":"residential","oneway":"no","maxspeed":""},"geometry":{"type":"LineString","coordinates":[[77.597778,13.0378112],[77.597708,13.0372079],[77.5976855,13.0370143],[77.5974132,13.0369901]]}},{"type":"Feature","properties":{"id":"238203451","name":"8th A Cross Road","highway":"residential","oneway":"no","maxspeed":""},"geometry":{"type":"LineString","coordinates":[[77.6008263,13.0362904],[77.6015427,13.0362533]]}},{"type":"Feature","properties":{"id":"238203453","name":"10th Cross Road","highway":"residential","oneway":"no","maxspeed":""},"geometry":{"type":"LineString","coordinates":[[77.5965595,13.0381635],[77.5963993,13.0380836],[77.5962263,13.0380806],[77.5961322,13.0380764],[77.5958675,13.0380792],[77.5955503,13.0380653],[77.5955417,13.0379692]]}},{"type":"Feature","properties":{"id":"238203455","name":"","highway":"residential","oneway":"no","maxspeed":""},"geometry":{"type":"LineString","coordinates":[[77.6029402,13.0361106],[77.6015709,13.0363505]]}},{"type":"Feature","properties":{"id":"238203456","name":"11th Cross Road","highway":"residential","oneway":"no","maxspeed":""},"geometry":{"type":"LineString","coordinates":[[77.5987959,13.0386918],[77.5963436,13.0387347]]}},{"type":"Feature","properties":{"id":"238203457","name":"","highway":"residential","oneway":"no","maxspeed":""},"geometry":{"type":"LineString","coordinates":[[77.5986123,13.0375316],[77.5986029,13.0363401]]}},{"type":"Feature","properties":{"id":"238203459","name":"","highway":"residential","oneway":"no","maxspeed":""},"geometry":{"type":"LineString","coordinates":[[77.6028165,13.0364524],[77.6016658,13.0366824]]}},{"type":"Feature","properties":{"id":"238203460","name":"","highway":"residential","oneway":"no","maxspeed":""},"geometry":{"type":"LineString","coordinates":[[77.6013697,13.0350681],[77.6014491,13.0355104],[77.6014672,13.0355937],[77.6014871,13.035897],[77.6015197,13.0360925],[77.6015427,13.0362533],[77.6015709,13.0363505],[77.6016658,13.0366824],[77.6016794,13.0369364],[77.6016484,13.0370129],[77.6016014,13.0370822],[77.601427,13.0373408],[77.6012396,13.0376355],[77.6010834,13.0378903],[77.6008692,13.0382032],[77.6007754,13.0385028],[77.6006734,13.0388565],[77.6003931,13.0392771]]}},{"type":"Feature","properties":{"id":"238203463","name":"9th Cross Road","highway":"residential","oneway":"no","maxspeed":""},"geometry":{"type":"LineString","coordinates":[[77.6014491,13.0355104],[77.599924,13.0356117],[77.5998568,13.035615]]}},{"type":"Feature","properties":{"id":"238203466","name":"","highway":"residential","oneway":"no","maxspeed":""},"geometry":{"type":"LineString","coordinates":[[77.601427,13.0373408],[77.6000203,13.0371893],[77.5993685,13.0371956]]}},{"type":"Feature","properties":{"id":"238203467","name":"","highway":"residential","oneway":"no","maxspeed":""},"geometry":{"type":"LineString","coordinates":[[77.6008692,13.0382032],[77.6000405,13.0380736],[77.5993512,13.038035]]}},{"type":"Feature","properties":{"id":"238203469","name":"8th Cross Road","highway":"residential","oneway":"no","maxspeed":""},"geometry":{"type":"LineString","coordinates":[[77.6014871,13.035897],[77.5998662,13.0359664]]}},{"type":"Feature","properties":{"id":"238203470","name":"10th Cross Road","highway":"residential","oneway":"no","maxspeed":""},"geometry":{"type":"LineString","coordinates":[[77.598683,13.0383901],[77.5964834,13.038387]]}},{"type":"Feature","properties":{"id":"238203472","name":"","highway":"residential","oneway":"no","maxspeed":""},"geometry":{"type":"LineString","coordinates":[[77.6027897,13.0358839],[77.6018327,13.0360537],[77.6015197,13.0360925]]}},{"type":"Feature","properties":{"id":"238203473","name":"","highway":"residential","oneway":"no","maxspeed":""},"geometry":{"type":"LineString","coordinates":[[77.5986029,13.0363401],[77.5983145,13.0363624],[77.5981149,13.036385]]}},{"type":"Feature","properties":{"id":"238203475","name":"","highway":"residential","oneway":"no","maxspeed":""},"geometry":{"type":"LineString","coordinates":[[77.6012396,13.0376355],[77.6000565,13.0374759]]}},{"type":"Feature","properties":{"id":"238203477","name":"","highway":"residential","oneway":"no","maxspeed":""},"geometry":{"type":"LineString","coordinates":[[77.6010834,13.0378903],[77.600055,13.0377992],[77.5990167,13.0378091],[77.5988978,13.0378102]]}},{"type":"Feature","properties":{"id":"238203478","name":"","highway":"residential","oneway":"no","maxspeed":""},"geometry":{"type":"LineString","coordinates":[[77.5998568,13.035615],[77.5998662,13.0359664],[77.5998929,13.0362411],[77.5999119,13.0362959],[77.5999428,13.0364815],[77.5999755,13.0367556],[77.5999896,13.0368575],[77.6000034,13.0370323],[77.6000203,13.0371893],[77.6000565,13.0374759],[77.6000625,13.0375658],[77.600055,13.0377992],[77.6000405,13.0380736],[77.5999667,13.0384449],[77.599909,13.0387323],[77.5998142,13.0391235]]}},{"type":"Feature","properties":{"id":"238203480","name":"","highway":"residential","oneway":"no","maxspeed":""},"geometry":{"type":"LineString","coordinates":[[77.6016014,13.0370822],[77.6011682,13.0370141],[77.6007204,13.0369437],[77.5999896,13.0368575]]}},{"type":"Feature","properties":{"id":"238204089","name":"","highway":"residential","oneway":"no","maxspeed":""},"geometry":{"type":"LineString","coordinates":[[77.5986565,13.0332619],[77.5987848,13.0341737]]}},{"type":"Feature","properties":{"id":"238204090","name":"4th Cross Road","highway":"residential","oneway":"no","maxspeed":""},"geometry":{"type":"LineString","coordinates":[[77.5973951,13.034336],[77.5978627,13.0342885],[77.5985358,13.0342261],[77.5987848,13.0341737],[77.5993645,13.0340467]]}},{"type":"Feature","properties":{"id":"238204091","name":"1st Main Road","highway":"residential","oneway":"no","maxspeed":""},"geometry":{"type":"LineString","coordinates":[[77.5984902,13.0333951],[77.5984768,13.0338158],[77.5985358,13.0342261],[77.5985687,13.0344492]]}},{"type":"Feature","properties":{"id":"238204092","name":"","highway":"residential","oneway":"no","maxspeed":""},"geometry":{"type":"LineString","coordinates":[[77.5978645,13.0345005],[77.5978665,13.0347262],[77.5978684,13.0349449],[77.5978687,13.0349758],[77.5978703,13.0351666],[77.5978743,13.0356198]]}},{"type":"Feature","properties":{"id":"238204954","name":"","highway":"tertiary","oneway":"yes","maxspeed":""},"geometry":{"type":"LineString","coordinates":[[77.5896413,13.0391168],[77.5896333,13.0390477],[77.5896159,13.0388971],[77.5895934,13.0387022],[77.5895569,13.0384562],[77.5895434,13.0383093],[77.5895396,13.0382688],[77.5895168,13.0380097],[77.5894958,13.0376843],[77.5894897,13.0375654],[77.5894674,13.037188],[77.5894545,13.0368067],[77.5893897,13.0364164],[77.5893585,13.0362732],[77.5893359,13.0361655],[77.5892772,13.0359949],[77.58924,13.0359144],[77.5892312,13.0358943],[77.5892169,13.0358613],[77.5892032,13.0358257],[77.5891702,13.0357548],[77.589153,13.0357179],[77.5888455,13.0350662],[77.5888141,13.0350071],[77.5886427,13.034619],[77.5885703,13.0343925],[77.5885063,13.0341558],[77.5884959,13.0340825],[77.5884633,13.0338577],[77.5884402,13.0335721],[77.588374,13.0332776],[77.588352,13.0331796],[77.5882036,13.0328078],[77.5880042,13.0324173],[77.5877483,13.031916],[77.5873759,13.0310874],[77.5870899,13.0304228],[77.5870571,13.0303467],[77.5868858,13.0299177],[77.5868452,13.029816],[77.5867828,13.0296395],[77.5864491,13.0288208],[77.5863536,13.0285724]]}},{"type":"Feature","properties":{"id":"238207736","name":"11th Main Road","highway":"residential","oneway":"no","maxspeed":""},"geometry":{"type":"LineString","coordinates":[[77.6063783,13.053743],[77.6061663,13.0526284]]}},{"type":"Feature","properties":{"id":"238207738","name":"","highway":"residential","oneway":"no","maxspeed":""},"geometry":{"type":"LineString","coordinates":[[77.6044553,13.0546256],[77.6041401,13.0547128]]}},{"type":"Feature","properties":{"id":"238207740","name":"","highway":"residential","oneway":"no","maxspeed":""},"geometry":{"type":"LineString","coordinates":[[77.6046522,13.0531016],[77.6049244,13.0544826],[77.6050231,13.0549784],[77.6051488,13.0555093]]}},{"type":"Feature","properties":{"id":"238207742","name":"","highway":"residential","oneway":"no","maxspeed":""},"geometry":{"type":"LineString","coordinates":[[77.6160076,13.0493841],[77.6148491,13.049395],[77.6143898,13.0493993],[77.6140603,13.0494024],[77.6139749,13.0494052],[77.6136588,13.0494154],[77.613424,13.049423],[77.613092,13.0494338],[77.6118065,13.0494387]]}},{"type":"Feature","properties":{"id":"238207743","name":"10th Cross Road","highway":"residential","oneway":"no","maxspeed":""},"geometry":{"type":"LineString","coordinates":[[77.6025758,13.0538848],[77.6028129,13.0544432],[77.6030781,13.0554195],[77.6032458,13.0560964]]}},{"type":"Feature","properties":{"id":"238207745","name":"9th Main Road","highway":"residential","oneway":"no","maxspeed":""},"geometry":{"type":"LineString","coordinates":[[77.6055753,13.0528066],[77.6058223,13.0539269]]}},{"type":"Feature","properties":{"id":"238207747","name":"14th B Cross Road","highway":"residential","oneway":"no","maxspeed":""},"geometry":{"type":"LineString","coordinates":[[77.6042354,13.0539123],[77.6040769,13.0533219]]}},{"type":"Feature","properties":{"id":"238207749","name":"4th Main Road","highway":"residential","oneway":"no","maxspeed":""},"geometry":{"type":"LineString","coordinates":[[77.6034898,13.053519],[77.6040434,13.0554248],[77.6041676,13.0558654]]}},{"type":"Feature","properties":{"id":"238207751","name":"7th Main Road","highway":"residential","oneway":"no","maxspeed":""},"geometry":{"type":"LineString","coordinates":[[77.6049619,13.0529916],[77.6052497,13.054423],[77.6053469,13.0548556],[77.6054814,13.0555067]]}},{"type":"Feature","properties":{"id":"238207752","name":"10th Main Road","highway":"residential","oneway":"no","maxspeed":""},"geometry":{"type":"LineString","coordinates":[[77.6061094,13.0538565],[77.6058769,13.0527157]]}},{"type":"Feature","properties":{"id":"238207754","name":"5th Main Road","highway":"residential","oneway":"no","maxspeed":""},"geometry":{"type":"LineString","coordinates":[[77.6037611,13.0534327],[77.6040227,13.054327],[77.6041401,13.0547128],[77.6042704,13.0551409],[77.6043736,13.0554799]]}},{"type":"Feature","properties":{"id":"238207755","name":"8th Main Road","highway":"residential","oneway":"no","maxspeed":""},"geometry":{"type":"LineString","coordinates":[[77.6052933,13.0528916],[77.6055224,13.0540003],[77.6056697,13.0547528],[77.6058596,13.0555038]]}},{"type":"Feature","properties":{"id":"238207756","name":"11th Cross Road","highway":"residential","oneway":"no","maxspeed":""},"geometry":{"type":"LineString","coordinates":[[77.6029274,13.0537461],[77.6032635,13.0548946],[77.6034067,13.0554192],[77.6035464,13.0560211]]}},{"type":"Feature","properties":{"id":"238207758","name":"12 Cross Road","highway":"residential","oneway":"no","maxspeed":""},"geometry":{"type":"LineString","coordinates":[[77.6031998,13.0536352],[77.6037116,13.0554216],[77.6038633,13.0559417],[77.6039994,13.0561608]]}},{"type":"Feature","properties":{"id":"238207760","name":"6th Main Road","highway":"residential","oneway":"no","maxspeed":""},"geometry":{"type":"LineString","coordinates":[[77.604341,13.0532149],[77.6047863,13.0555086]]}},{"type":"Feature","properties":{"id":"238207762","name":"","highway":"residential","oneway":"no","maxspeed":""},"geometry":{"type":"LineString","coordinates":[[77.6043775,13.0542415],[77.6040227,13.054327]]}},{"type":"Feature","properties":{"id":"238207910","name":"","highway":"residential","oneway":"no","maxspeed":""},"geometry":{"type":"LineString","coordinates":[[77.6071212,13.0533106],[77.6070921,13.0530077],[77.6070616,13.0527279],[77.6070311,13.0524295],[77.6070108,13.0521376],[77.6069821,13.0519824]]}},{"type":"Feature","properties":{"id":"238207911","name":"","highway":"residential","oneway":"no","maxspeed":""},"geometry":{"type":"LineString","coordinates":[[77.6071212,13.0533106],[77.6077809,13.0532065]]}},{"type":"Feature","properties":{"id":"238207912","name":"","highway":"residential","oneway":"no","maxspeed":""},"geometry":{"type":"LineString","coordinates":[[77.6071509,13.0536014],[77.6063783,13.053743],[77.6061094,13.0538565],[77.6058223,13.0539269],[77.6055224,13.0540003]]}},{"type":"Feature","properties":{"id":"238207913","name":"","highway":"residential","oneway":"no","maxspeed":""},"geometry":{"type":"LineString","coordinates":[[77.6064603,13.0539991],[77.6070219,13.0538976],[77.6071751,13.0538679],[77.6080766,13.0537283],[77.6081942,13.0537101],[77.6083454,13.0536867],[77.6085082,13.0536615],[77.6089601,13.053561],[77.6090231,13.0535662],[77.6091075,13.0538989]]}},{"type":"Feature","properties":{"id":"238288273","name":"","highway":"residential","oneway":"no","maxspeed":""},"geometry":{"type":"LineString","coordinates":[[77.589338,13.054284],[77.58923,13.0543067],[77.5891367,13.0543646],[77.5891094,13.0544088],[77.5890835,13.0544507],[77.5890431,13.0546078],[77.5889893,13.0548174],[77.5888618,13.0549958],[77.5887103,13.055024],[77.5882078,13.0552472],[77.5881095,13.0552872],[77.5872813,13.0556159],[77.5872115,13.0557047],[77.5871841,13.0557718],[77.5872658,13.0562164],[77.5872854,13.0563232]]}},{"type":"Feature","properties":{"id":"238288276","name":"","highway":"residential","oneway":"no","maxspeed":""},"geometry":{"type":"LineString","coordinates":[[77.5887103,13.055024],[77.5887579,13.0560304],[77.5887778,13.0564527],[77.5888007,13.0569373],[77.5888214,13.0573762],[77.58884,13.0577689]]}},{"type":"Feature","properties":{"id":"238290267","name":"14th Main Road","highway":"tertiary","oneway":"no","maxspeed":""},"geometry":{"type":"LineString","coordinates":[[77.587195,13.06227],[77.5876068,13.0619808],[77.5895181,13.0605717]]}},{"type":"Feature","properties":{"id":"238464385","name":"Thanisandra Main Road","highway":"primary","oneway":"yes","maxspeed":""},"geometry":{"type":"LineString","coordinates":[[77.6243728,13.0404789],[77.6244461,13.0407202],[77.6246472,13.0413738],[77.6247393,13.0416779]]}},{"type":"Feature","properties":{"id":"248099387","name":"","highway":"tertiary","oneway":"no","maxspeed":""},"geometry":{"type":"LineString","coordinates":[[77.5900133,13.060197],[77.5899345,13.0595731]]}},{"type":"Feature","properties":{"id":"248099388","name":"","highway":"service","oneway":"yes","maxspeed":""},"geometry":{"type":"LineString","coordinates":[[77.5919781,13.0540501],[77.5919934,13.0541503],[77.5920142,13.0542862],[77.5920612,13.0545936],[77.5922007,13.0547242],[77.5923563,13.0548497],[77.5924636,13.0548653],[77.5926475,13.0548499],[77.5927893,13.054838],[77.5932403,13.0548002]]}},{"type":"Feature","properties":{"id":"248458853","name":"14th Cross Road","highway":"residential","oneway":"no","maxspeed":""},"geometry":{"type":"LineString","coordinates":[[77.6032504,13.0603894],[77.6031756,13.0592979],[77.6031142,13.0584876],[77.603138,13.05842],[77.6032214,13.0584093],[77.6032989,13.0583934],[77.6033957,13.0583736],[77.6036377,13.0583241],[77.6037655,13.0582979],[77.6039675,13.0582566],[77.6041941,13.0582103],[77.6043845,13.0581714],[77.6046269,13.0581218],[77.6047986,13.0580539],[77.6048703,13.057984],[77.6047182,13.0567569],[77.6047093,13.0566386],[77.6045916,13.0557466]]}},{"type":"Feature","properties":{"id":"248458854","name":"7th Cross Road","highway":"residential","oneway":"no","maxspeed":""},"geometry":{"type":"LineString","coordinates":[[77.6020221,13.0557189],[77.602209,13.0563561],[77.6023739,13.0567109],[77.6034384,13.0580594],[77.6036377,13.0583241]]}},{"type":"Feature","properties":{"id":"248458855","name":"1st Main Road","highway":"residential","oneway":"no","maxspeed":""},"geometry":{"type":"LineString","coordinates":[[77.6048703,13.057984],[77.6051666,13.0579819],[77.6054608,13.0580124],[77.6056034,13.0580217],[77.6057775,13.0580331],[77.6060067,13.0580481],[77.6063302,13.0580691],[77.6066792,13.0580841],[77.6070139,13.0580936],[77.6070289,13.0580936],[77.6073378,13.058104],[77.6077115,13.0581218],[77.6079821,13.058143],[77.6082615,13.0580833],[77.6083015,13.0580748],[77.608532,13.0579784],[77.6087951,13.0578684],[77.6088568,13.0578467],[77.6090374,13.0577832],[77.6091074,13.0577585],[77.609348,13.0576738],[77.609443,13.0576379],[77.60961,13.0575747],[77.6097313,13.0575288],[77.6098919,13.0574681],[77.6100167,13.0574207],[77.6101662,13.0573682],[77.6104977,13.057274]]}},{"type":"Feature","properties":{"id":"248458856","name":"1st Main Road","highway":"tertiary","oneway":"no","maxspeed":""},"geometry":{"type":"LineString","coordinates":[[77.5992893,13.0570882],[77.599412,13.0570589],[77.5995899,13.0570154],[77.5999336,13.0569327],[77.6002344,13.0568599],[77.6003115,13.0568413]]}},{"type":"Feature","properties":{"id":"248458857","name":"6th Cross","highway":"residential","oneway":"no","maxspeed":""},"geometry":{"type":"LineString","coordinates":[[77.6032989,13.0583934],[77.6027708,13.0577195],[77.6022583,13.0570404],[77.6020252,13.05669],[77.6019288,13.0564263],[77.601728,13.055788]]}},{"type":"Feature","properties":{"id":"248458859","name":"4th Cross Road","highway":"residential","oneway":"no","maxspeed":""},"geometry":{"type":"LineString","coordinates":[[77.6008888,13.0551391],[77.6011321,13.0559593],[77.6013392,13.056574],[77.6014519,13.0569049],[77.6024192,13.0581946],[77.6025158,13.058305],[77.602564,13.0583886],[77.6025962,13.0585402],[77.6026246,13.0589742]]}},{"type":"Feature","properties":{"id":"248458860","name":"5th Cross Road","highway":"residential","oneway":"no","maxspeed":""},"geometry":{"type":"LineString","coordinates":[[77.6026562,13.0580285],[77.6017731,13.0568781],[77.6016403,13.0564986],[77.601446,13.0558698],[77.6012228,13.0551479]]}},{"type":"Feature","properties":{"id":"248458861","name":"3rd Cross Road","highway":"residential","oneway":"no","maxspeed":""},"geometry":{"type":"LineString","coordinates":[[77.6021741,13.0583733],[77.6015317,13.057547],[77.6012122,13.0570979],[77.6010393,13.0566477]]}},{"type":"Feature","properties":{"id":"249189308","name":"","highway":"tertiary","oneway":"no","maxspeed":""},"geometry":{"type":"LineString","coordinates":[[77.5895181,13.0605717],[77.5900133,13.060197]]}},{"type":"Feature","properties":{"id":"249189327","name":"14th Cross Road","highway":"tertiary","oneway":"no","maxspeed":""},"geometry":{"type":"LineString","coordinates":[[77.5932558,13.0586479],[77.592517,13.0588116],[77.5922923,13.0588614],[77.5920533,13.0589144],[77.5920044,13.0589252],[77.5917115,13.0589902],[77.591412,13.0590919],[77.5910945,13.0593235],[77.5908355,13.0595175],[77.5903628,13.05993],[77.5902886,13.0599867],[77.5900133,13.060197]]}},{"type":"Feature","properties":{"id":"249189337","name":"N Damodaran Road","highway":"tertiary","oneway":"no","maxspeed":""},"geometry":{"type":"LineString","coordinates":[[77.5902886,13.0599867],[77.5902629,13.0596559],[77.5902546,13.05955],[77.5902395,13.0593554]]}},{"type":"Feature","properties":{"id":"249189350","name":"","highway":"residential","oneway":"no","maxspeed":""},"geometry":{"type":"LineString","coordinates":[[77.5874784,13.0602872],[77.5875248,13.0602896],[77.5879777,13.0603123],[77.5887747,13.0603547],[77.588773,13.0603844]]}},{"type":"Feature","properties":{"id":"255430604","name":"Kodigehalli Road","highway":"secondary","oneway":"no","maxspeed":""},"geometry":{"type":"LineString","coordinates":[[77.5914225,13.0576689],[77.5913522,13.0576608],[77.5913386,13.0576568],[77.5912315,13.0576256],[77.5908977,13.0575094],[77.5907482,13.0574904],[77.5906476,13.0574994],[77.590552,13.0575201],[77.5903193,13.0575703],[77.5901588,13.057605],[77.590017,13.0576356],[77.5898685,13.0576522],[77.5896346,13.0576784],[77.5894349,13.0577008],[77.5892913,13.0577169],[77.5891658,13.057731],[77.5890578,13.0577431],[77.58884,13.0577689],[77.588459,13.057829],[77.5883743,13.0578424],[77.5880557,13.0578917],[77.5879581,13.0579068],[77.5879092,13.0579144],[77.587861,13.0579219],[77.5876071,13.0579613],[77.5867496,13.0580944],[77.5861679,13.0581848],[77.5860084,13.0582095],[77.585313,13.0583176],[77.5851096,13.0583491],[77.5841436,13.0584991],[77.5839818,13.0585242],[77.5834219,13.0586041],[77.5833254,13.0586204],[77.5827453,13.0587055],[77.5826994,13.0587122],[77.5823272,13.0587313],[77.5820543,13.0587453],[77.5815078,13.0588256],[77.5811818,13.0588771],[77.5811101,13.058884],[77.5810356,13.0588949],[77.5807444,13.0589377],[77.5802174,13.0590578],[77.5791957,13.0593368],[77.5789768,13.0593962],[77.578642,13.0594862],[77.5783399,13.0595517],[77.5777691,13.0596754],[77.5777041,13.0596882],[77.5774844,13.0597351],[77.5772883,13.0597773],[77.5771216,13.0598023],[77.5770511,13.0598079],[77.5769342,13.0598017]]}},{"type":"Feature","properties":{"id":"255910636","name":"1st B Main Road","highway":"residential","oneway":"no","maxspeed":""},"geometry":{"type":"LineString","coordinates":[[77.5989789,13.0536644],[77.6018435,13.0532641]]}},{"type":"Feature","properties":{"id":"255910637","name":"1st Main Road","highway":"residential","oneway":"no","maxspeed":""},"geometry":{"type":"LineString","coordinates":[[77.5990817,13.0541084],[77.5995868,13.0539817],[77.5998669,13.0539274],[77.6001754,13.0538676],[77.60042,13.0538278],[77.6019008,13.0535521]]}},{"type":"Feature","properties":{"id":"255910638","name":"2nd Main Road Venkate Gowda Layout Ayyappa Swamy Temple Street","highway":"residential","oneway":"no","maxspeed":""},"geometry":{"type":"LineString","coordinates":[[77.5992142,13.0544783],[77.6002403,13.0542099],[77.6019574,13.0538368]]}},{"type":"Feature","properties":{"id":"257095990","name":"Outer Ring Road","highway":"trunk","oneway":"yes","maxspeed":"60"},"geometry":{"type":"LineString","coordinates":[[77.6170994,13.04105],[77.6172129,13.0410365],[77.6172307,13.0410344],[77.617336,13.0410305],[77.6177296,13.0410471],[77.6190967,13.0411086],[77.6198433,13.0411292]]}},{"type":"Feature","properties":{"id":"263612060","name":"Hebbal Flyover Ramp","highway":"trunk_link","oneway":"yes","maxspeed":""},"geometry":{"type":"LineString","coordinates":[[77.5899357,13.0418641],[77.5899444,13.0419516],[77.5899445,13.0420313],[77.5899316,13.0421173],[77.5899157,13.0422071],[77.5898893,13.0422832],[77.5898708,13.0423174],[77.5898454,13.0423568],[77.5897942,13.0424233],[77.5897408,13.0424722],[77.5896845,13.0425113],[77.5896044,13.0425531],[77.5895237,13.042583],[77.5894333,13.0426026],[77.5893445,13.0426093],[77.5892556,13.0426072],[77.5891451,13.0425872],[77.5889213,13.0425302],[77.5887749,13.0424994],[77.588609,13.0424709],[77.5884725,13.0424542],[77.5883078,13.0424402],[77.5882023,13.042437],[77.5880667,13.0424369]]}},{"type":"Feature","properties":{"id":"275576973","name":"Sneha Nagar 1st Cross","highway":"residential","oneway":"no","maxspeed":""},"geometry":{"type":"LineString","coordinates":[[77.5972833,13.0662992],[77.5969979,13.0651325]]}},{"type":"Feature","properties":{"id":"275576974","name":"Sneha Nagar 2nd Cross","highway":"residential","oneway":"no","maxspeed":""},"geometry":{"type":"LineString","coordinates":[[77.5969966,13.0663598],[77.596709,13.0652057]]}},{"type":"Feature","properties":{"id":"278603900","name":"4th Cross Road","highway":"residential","oneway":"no","maxspeed":""},"geometry":{"type":"LineString","coordinates":[[77.5917115,13.0589902],[77.5916475,13.0585096],[77.5915744,13.0583259]]}},{"type":"Feature","properties":{"id":"287432766","name":"","highway":"residential","oneway":"no","maxspeed":""},"geometry":{"type":"LineString","coordinates":[[77.596657,13.0571258],[77.5955446,13.0574397]]}},{"type":"Feature","properties":{"id":"287432767","name":"","highway":"residential","oneway":"no","maxspeed":""},"geometry":{"type":"LineString","coordinates":[[77.5964042,13.0562961],[77.5964733,13.0565228],[77.5965638,13.0568091],[77.596657,13.0571258]]}},{"type":"Feature","properties":{"id":"287432768","name":"","highway":"residential","oneway":"no","maxspeed":""},"geometry":{"type":"LineString","coordinates":[[77.5965638,13.0568091],[77.5976391,13.0564658]]}},{"type":"Feature","properties":{"id":"287432769","name":"","highway":"residential","oneway":"no","maxspeed":""},"geometry":{"type":"LineString","coordinates":[[77.5954449,13.0571755],[77.5965638,13.0568091]]}},{"type":"Feature","properties":{"id":"291428607","name":"","highway":"tertiary","oneway":"yes","maxspeed":""},"geometry":{"type":"LineString","coordinates":[[77.6219009,13.0500315],[77.6218577,13.0500648],[77.6218274,13.0501098],[77.6218133,13.0501618],[77.6218168,13.0502154],[77.6218372,13.0502649],[77.6218725,13.0503056],[77.6219191,13.0503335],[77.6219724,13.0503458],[77.6220269,13.0503413],[77.6220772,13.0503203],[77.6221182,13.050285],[77.6221459,13.050239],[77.6221573,13.0501868],[77.6221537,13.050143],[77.6221288,13.0500777],[77.6221058,13.0500583],[77.6220608,13.0500272],[77.622008,13.0500117],[77.6219528,13.0500131],[77.6219009,13.0500315]]}},{"type":"Feature","properties":{"id":"306150491","name":"2nd Main Road","highway":"residential","oneway":"no","maxspeed":""},"geometry":{"type":"LineString","coordinates":[[77.6088833,13.0332807],[77.6092368,13.0332142],[77.6095435,13.0331493],[77.6098521,13.0330791],[77.6101563,13.0330281]]}},{"type":"Feature","properties":{"id":"308917009","name":"","highway":"residential","oneway":"no","maxspeed":""},"geometry":{"type":"LineString","coordinates":[[77.6122043,13.0319399],[77.6105449,13.0324722]]}},{"type":"Feature","properties":{"id":"325929761","name":"","highway":"residential","oneway":"no","maxspeed":""},"geometry":{"type":"LineString","coordinates":[[77.5935504,13.0366364],[77.5936533,13.0370451],[77.5937488,13.0375209],[77.5937675,13.0376142],[77.59373,13.0377971],[77.5936664,13.0378154],[77.5936005,13.0380846]]}},{"type":"Feature","properties":{"id":"325929762","name":"","highway":"residential","oneway":"no","maxspeed":""},"geometry":{"type":"LineString","coordinates":[[77.5916504,13.0404081],[77.5916207,13.0403543],[77.5915998,13.0401796],[77.5915467,13.0397358],[77.591491,13.0393416],[77.5912577,13.0392983],[77.5905346,13.0391785],[77.5903463,13.039164],[77.5896413,13.0391168]]}},{"type":"Feature","properties":{"id":"325929764","name":"","highway":"residential","oneway":"no","maxspeed":""},"geometry":{"type":"LineString","coordinates":[[77.5967367,13.0376898],[77.5967233,13.0376031],[77.596602,13.0368212],[77.5971983,13.0366873]]}},{"type":"Feature","properties":{"id":"325929767","name":"","highway":"residential","oneway":"no","maxspeed":""},"geometry":{"type":"LineString","coordinates":[[77.5938196,13.0365727],[77.5939247,13.0370088],[77.5939841,13.0373798],[77.5939899,13.0375627],[77.5939945,13.0377091],[77.5939669,13.0378475],[77.5939606,13.0378789],[77.5939703,13.0380698],[77.5940129,13.0381844],[77.5940489,13.038297],[77.5941554,13.0383989],[77.5943305,13.0385043],[77.5944709,13.0385888],[77.5945202,13.0386184],[77.5947907,13.0386849],[77.59496,13.0387005],[77.5950047,13.0387066]]}},{"type":"Feature","properties":{"id":"325929768","name":"","highway":"residential","oneway":"no","maxspeed":""},"geometry":{"type":"LineString","coordinates":[[77.5936439,13.0344236],[77.5935633,13.0344324],[77.5932604,13.0344857],[77.5932974,13.034716],[77.5933459,13.0349323]]}},{"type":"Feature","properties":{"id":"325929771","name":"5th Cross Road","highway":"residential","oneway":"no","maxspeed":""},"geometry":{"type":"LineString","coordinates":[[77.593803,13.0381606],[77.5936824,13.0387558]]}},{"type":"Feature","properties":{"id":"325929772","name":"","highway":"residential","oneway":"no","maxspeed":""},"geometry":{"type":"LineString","coordinates":[[77.5925417,13.0385441],[77.5925394,13.0389409],[77.5925373,13.0392922],[77.5925325,13.0401026]]}},{"type":"Feature","properties":{"id":"325929773","name":"1st Main Road","highway":"residential","oneway":"no","maxspeed":""},"geometry":{"type":"LineString","coordinates":[[77.5916504,13.0404081],[77.59142,13.0404289],[77.5912181,13.040346],[77.5911241,13.0402453],[77.5911022,13.0402093],[77.5910819,13.040176],[77.5910389,13.0400931],[77.5910121,13.0400572],[77.5909636,13.0400138],[77.590789,13.0400439],[77.590703,13.0400587],[77.5905965,13.0400744],[77.590308,13.0401269],[77.5899715,13.0401849],[77.5897923,13.0402163]]}},{"type":"Feature","properties":{"id":"326557690","name":"SS Ashram Road","highway":"tertiary","oneway":"no","maxspeed":""},"geometry":{"type":"LineString","coordinates":[[77.5894897,13.0375654],[77.5896725,13.037542],[77.5910647,13.0372695],[77.5911242,13.0372586],[77.5913075,13.0372228],[77.5917075,13.0371983],[77.5919692,13.0371714],[77.5922182,13.0371423],[77.5923375,13.037115],[77.5926466,13.0369383],[77.5927183,13.0369185],[77.5928907,13.036853],[77.5929592,13.036828],[77.5935504,13.0366364],[77.5936891,13.0366057],[77.5938196,13.0365727],[77.5941187,13.0364872],[77.5944099,13.0363912],[77.594701,13.0362963],[77.5950458,13.0361812],[77.5951326,13.0361667],[77.5954837,13.0361688],[77.5956907,13.0361369],[77.5958571,13.0361118],[77.5959302,13.0361007],[77.5961298,13.0360646],[77.5962708,13.0360391],[77.5963266,13.036029],[77.5966485,13.0359976],[77.5968523,13.0359036],[77.5969821,13.035853],[77.5970235,13.0358415],[77.5973531,13.035718],[77.5974437,13.0356841],[77.5978743,13.0356198],[77.5982397,13.03553],[77.5984003,13.0354906],[77.5986763,13.0354228],[77.5987105,13.0354107],[77.5988161,13.0353809]]}},{"type":"Feature","properties":{"id":"327069434","name":"1st Main Road","highway":"tertiary","oneway":"no","maxspeed":""},"geometry":{"type":"LineString","coordinates":[[77.5871235,13.0622103],[77.5871839,13.0618785],[77.5872664,13.0614465],[77.5874784,13.0602872],[77.5875846,13.059692],[77.5876444,13.0593591],[77.587774,13.0586443],[77.5878126,13.0584376],[77.5879092,13.0579144]]}},{"type":"Feature","properties":{"id":"328903550","name":"SS Ashram Road","highway":"tertiary","oneway":"no","maxspeed":""},"geometry":{"type":"LineString","coordinates":[[77.5988161,13.0353809],[77.5988637,13.0353703],[77.5990464,13.035309],[77.599398,13.0352308],[77.5995006,13.0352193],[77.5995983,13.0352045],[77.5999113,13.0351482],[77.6001736,13.0351093],[77.6002451,13.0350975],[77.6004501,13.0350643],[77.60066,13.035027],[77.600879,13.035032],[77.6010975,13.0350547],[77.6013697,13.0350681],[77.601676,13.0351353],[77.6021008,13.0351298]]}},{"type":"Feature","properties":{"id":"346326725","name":"Manyata Gate 4 Road","highway":"residential","oneway":"no","maxspeed":"20"},"geometry":{"type":"LineString","coordinates":[[77.6162663,13.0538342],[77.6158925,13.0538561],[77.6156117,13.0539523],[77.6153266,13.0540231],[77.6152869,13.0540297],[77.6150128,13.0540756],[77.614711,13.0541239],[77.6144032,13.0541828],[77.6140579,13.0543029],[77.6138835,13.0543735],[77.6137012,13.0544545],[77.6134246,13.054586],[77.6132746,13.0546444],[77.6131455,13.0546904],[77.6130226,13.0547341],[77.612816,13.0547833],[77.6127597,13.0547968],[77.6123868,13.0548217],[77.6118153,13.0548598]]}},{"type":"Feature","properties":{"id":"367148877","name":"","highway":"residential","oneway":"no","maxspeed":""},"geometry":{"type":"LineString","coordinates":[[77.6063914,13.0347838],[77.6058548,13.0348092],[77.6055445,13.0348184],[77.6052588,13.0348301],[77.6051958,13.0348327],[77.6049414,13.0348431],[77.6049005,13.0348448],[77.6046493,13.034855]]}},{"type":"Feature","properties":{"id":"367414084","name":"Amarjyothy Layout, 4th Main","highway":"residential","oneway":"no","maxspeed":""},"geometry":{"type":"LineString","coordinates":[[77.5964741,13.0331201],[77.5959084,13.0331955],[77.5957012,13.0332736],[77.59554,13.0333428],[77.5952491,13.0334498],[77.5949831,13.0335544],[77.5944508,13.0337638]]}},{"type":"Feature","properties":{"id":"367415172","name":"Gundappa Reddy Layout, 1st Cross Road","highway":"residential","oneway":"no","maxspeed":""},"geometry":{"type":"LineString","coordinates":[[77.5965596,13.0340712],[77.5965052,13.0335579],[77.5964741,13.0331201],[77.5964485,13.0328177],[77.5964472,13.0327471],[77.5960481,13.0327727],[77.595837,13.0327863],[77.5958222,13.0325758],[77.5958307,13.0324067]]}},{"type":"Feature","properties":{"id":"369786366","name":"","highway":"service","oneway":"yes","maxspeed":""},"geometry":{"type":"LineString","coordinates":[[77.5902393,13.0427099],[77.5900805,13.0426746],[77.5898579,13.0426235],[77.5897631,13.0426259],[77.5896666,13.0426283],[77.5893148,13.0427369]]}},{"type":"Feature","properties":{"id":"369786367","name":"Outer Ring Road","highway":"trunk","oneway":"yes","maxspeed":"60"},"geometry":{"type":"LineString","coordinates":[[77.5887603,13.0425898],[77.58863,13.0425638],[77.5885022,13.0425546],[77.5883775,13.0425574],[77.5882234,13.0425741],[77.5880616,13.0425962],[77.5878306,13.0426411],[77.5868557,13.042807],[77.5866219,13.0428593],[77.5858518,13.0430314],[77.5856549,13.0430777],[77.5854148,13.0431367],[77.5852554,13.0431868],[77.5850735,13.0432609],[77.5849128,13.043338],[77.5848991,13.0433459],[77.5847455,13.0434345],[77.5834038,13.0443215],[77.5831793,13.0444626]]}},{"type":"Feature","properties":{"id":"369845099","name":"Bellary Road","highway":"trunk","oneway":"yes","maxspeed":"80"},"geometry":{"type":"LineString","coordinates":[[77.5967557,13.0910786],[77.5967074,13.0908551],[77.5966121,13.0905027],[77.5965055,13.0901399],[77.5963702,13.0897434],[77.5960565,13.0889378],[77.5957744,13.0882661],[77.5954524,13.087523],[77.5949386,13.0863971],[77.594661,13.08571],[77.5943967,13.0850105],[77.5940424,13.0841383],[77.5936713,13.08316],[77.593538,13.0827228],[77.5933882,13.0821277],[77.593306,13.081674],[77.5932684,13.0813265],[77.5931519,13.0798389],[77.592918,13.0773222],[77.5927304,13.0750944],[77.5927207,13.0746365],[77.5927175,13.0739855],[77.5927367,13.0734405],[77.5927674,13.072786],[77.5927954,13.072387],[77.5929451,13.0702509],[77.5930571,13.0684528],[77.5931042,13.0678087],[77.5931847,13.0670951],[77.5932809,13.0660025],[77.5933253,13.0650374],[77.5933363,13.0639888],[77.5933698,13.0633043],[77.593447,13.0619123],[77.5934758,13.0612877],[77.5935112,13.0605856],[77.5935183,13.0603409],[77.5935247,13.0598328],[77.5935138,13.0593937],[77.5935053,13.0583956],[77.593495,13.0579041],[77.593485,13.0572396],[77.5934789,13.0565803],[77.5934663,13.0559609],[77.5934738,13.0555593],[77.5934792,13.0553999]]}},{"type":"Feature","properties":{"id":"369845100","name":"Bellary Road","highway":"trunk","oneway":"yes","maxspeed":"80"},"geometry":{"type":"LineString","coordinates":[[77.5931518,13.0507869],[77.5930887,13.0505397],[77.5929593,13.0500194],[77.5928947,13.0497769],[77.5928584,13.0496305],[77.5928424,13.0495642],[77.5927576,13.0492968],[77.5926674,13.049025],[77.5925732,13.0487876],[77.5922288,13.048061]]}},{"type":"Feature","properties":{"id":"369868961","name":"Bellary Road","highway":"trunk","oneway":"yes","maxspeed":"80"},"geometry":{"type":"LineString","coordinates":[[77.5933563,13.0553958],[77.5933475,13.0555515],[77.5933377,13.0559755],[77.5933778,13.0577806],[77.593397,13.0592849],[77.5934103,13.0597378],[77.5934075,13.0599622],[77.593393,13.060589],[77.5933734,13.0612763],[77.5933467,13.0619068],[77.5932663,13.0632956],[77.5932341,13.0639901],[77.5932129,13.0651247],[77.5931952,13.065479],[77.593174,13.0659707],[77.593126,13.0665586],[77.5930769,13.0670461],[77.5929984,13.0677945],[77.5929483,13.0684578],[77.5928628,13.0696599],[77.5928059,13.070573],[77.5926678,13.0726368],[77.5926221,13.0732858],[77.5926157,13.0739541],[77.5926078,13.0747853],[77.5926147,13.0750774],[77.5926353,13.0753531],[77.5927914,13.0771288],[77.5930432,13.0798362],[77.5931517,13.0813317],[77.5931966,13.0816902],[77.5932254,13.081849],[77.5932765,13.0821174],[77.5933983,13.0826274],[77.5935302,13.0830825],[77.5936666,13.0834569],[77.5938351,13.0838953],[77.5943865,13.0852932],[77.5947187,13.0861699],[77.5949639,13.0867273],[77.5954449,13.0877861],[77.5957116,13.0884161],[77.5960281,13.0891842],[77.5962637,13.0897682],[77.5963182,13.0899223],[77.5963969,13.0901453],[77.5965088,13.0905372],[77.5965993,13.0908735],[77.5966712,13.0912246]]}},{"type":"Feature","properties":{"id":"370130269","name":"Vishwanatha Nagenhalli Main Road","highway":"tertiary","oneway":"no","maxspeed":""},"geometry":{"type":"LineString","coordinates":[[77.6048808,13.0395321],[77.6049666,13.039532],[77.6056048,13.0395316],[77.6059976,13.0395313],[77.6063975,13.039531],[77.6069497,13.0395307],[77.6074092,13.0395303]]}},{"type":"Feature","properties":{"id":"370194197","name":"","highway":"service","oneway":"yes","maxspeed":""},"geometry":{"type":"LineString","coordinates":[[77.5935154,13.0515187],[77.5938047,13.0514725],[77.594881,13.0512979],[77.5952252,13.0512332]]}},{"type":"Feature","properties":{"id":"370194983","name":"","highway":"tertiary","oneway":"yes","maxspeed":"30"},"geometry":{"type":"LineString","coordinates":[[77.5932674,13.0573653],[77.593241,13.0574138],[77.5932444,13.0576725],[77.5932491,13.0580354],[77.5932513,13.0581997],[77.5932558,13.0586479],[77.5932578,13.0589042],[77.5932585,13.0592296],[77.5932592,13.0595128],[77.5932599,13.0598178],[77.5932605,13.0600762],[77.5932606,13.0601274],[77.5932346,13.0607211],[77.5932264,13.0609069],[77.5932158,13.0611487],[77.5932142,13.061185],[77.5931744,13.0624009],[77.5931717,13.0624648],[77.5931702,13.0625263],[77.5931516,13.0630724],[77.5931351,13.0635564],[77.5930973,13.0644415],[77.5930958,13.0651249],[77.5930956,13.0652051],[77.5930952,13.0653934],[77.5930758,13.0656701],[77.593067,13.0657585],[77.5930215,13.0661924],[77.5929574,13.0669633],[77.5929388,13.0671271],[77.592928,13.0672467],[77.592913,13.0673843],[77.5928772,13.0677557],[77.5928419,13.0682632],[77.5928283,13.0684157],[77.5927991,13.0687438],[77.5927339,13.0694659],[77.5927219,13.069639],[77.5927112,13.0697855],[77.5927011,13.0699226],[77.5926956,13.0700168],[77.5926402,13.0707499],[77.592566,13.0717591],[77.5925525,13.0720013],[77.5925476,13.0720872],[77.592541,13.0722341],[77.5925296,13.0724895],[77.5925237,13.0725758],[77.592515,13.0730482],[77.5925071,13.0732288],[77.5924939,13.0734571]]}},{"type":"Feature","properties":{"id":"370527314","name":"5th Main Road","highway":"residential","oneway":"no","maxspeed":""},"geometry":{"type":"LineString","coordinates":[[77.5999113,13.0351482],[77.5998508,13.0349127],[77.5998183,13.0346943],[77.5997789,13.0344458]]}},{"type":"Feature","properties":{"id":"375372896","name":"","highway":"tertiary","oneway":"no","maxspeed":""},"geometry":{"type":"LineString","coordinates":[[77.6012154,13.0496512],[77.6011901,13.0490661],[77.6011882,13.0490212],[77.6011804,13.0488623],[77.6010754,13.0483008],[77.6010632,13.0481854],[77.6010548,13.0481066],[77.6010425,13.048029],[77.6010537,13.0476715],[77.6010547,13.0475034],[77.6010613,13.0474483],[77.6010776,13.0471851],[77.6010472,13.0468944],[77.6010965,13.0466418],[77.6011103,13.0462967],[77.6011066,13.0461604],[77.6010991,13.0458463]]}},{"type":"Feature","properties":{"id":"375372897","name":"","highway":"residential","oneway":"no","maxspeed":""},"geometry":{"type":"LineString","coordinates":[[77.6010776,13.0471851],[77.6008266,13.0472287],[77.6007684,13.0472346],[77.6005781,13.0472539],[77.6005168,13.0472602],[77.6001885,13.0473014],[77.599733,13.0473596],[77.5995442,13.0473838],[77.5992667,13.0474193],[77.5990997,13.0474382],[77.5987368,13.0474794],[77.5979603,13.0475514],[77.5979469,13.0471642],[77.5979449,13.0471063],[77.5979367,13.0468711],[77.5979357,13.046843],[77.5979171,13.046602],[77.5978951,13.0463155]]}},{"type":"Feature","properties":{"id":"375372941","name":"","highway":"residential","oneway":"no","maxspeed":""},"geometry":{"type":"LineString","coordinates":[[77.5979603,13.0475514],[77.5980036,13.0478549],[77.5980355,13.0480781],[77.598045,13.0482813],[77.5980518,13.0484255],[77.5980581,13.0485396],[77.5980662,13.0486852],[77.5980956,13.0490504],[77.5981008,13.0491154],[77.598177,13.0499418],[77.5981629,13.050031]]}},{"type":"Feature","properties":{"id":"376530241","name":"Veerannapalya Flyover","highway":"trunk","oneway":"yes","maxspeed":"50"},"geometry":{"type":"LineString","coordinates":[[77.6125608,13.0425252],[77.6132842,13.0423457],[77.6135427,13.0422872],[77.6135801,13.0422761],[77.6137194,13.0422349],[77.6138732,13.0421761],[77.6140284,13.0421031],[77.6141614,13.0420222],[77.6143384,13.0419102],[77.614481,13.0418298],[77.6146847,13.041742],[77.6158932,13.0413381],[77.6160832,13.0412847],[77.6162952,13.0412137]]}},{"type":"Feature","properties":{"id":"376530248","name":"Flyover","highway":"trunk_link","oneway":"yes","maxspeed":""},"geometry":{"type":"LineString","coordinates":[[77.5930246,13.043174],[77.5933932,13.0425492],[77.5934553,13.0424533],[77.5935126,13.0423734],[77.5935747,13.0423173],[77.5937768,13.04217]]}},{"type":"Feature","properties":{"id":"376530252","name":"Outer Ring Road","highway":"trunk","oneway":"yes","maxspeed":"50"},"geometry":{"type":"LineString","coordinates":[[77.5986002,13.0432947],[77.5988021,13.0434353],[77.5989165,13.0435037],[77.5989627,13.0435313],[77.5991223,13.043608],[77.5992782,13.0436664],[77.599463,13.0437109],[77.5996638,13.043739],[77.5999061,13.0437643],[77.6003273,13.0437559],[77.6008769,13.043745],[77.6010305,13.0437419],[77.601448,13.0437336],[77.6016445,13.0437297],[77.6024357,13.0437294],[77.6035829,13.043729],[77.6063821,13.04376],[77.6066284,13.0437501],[77.6068609,13.0437343],[77.607125,13.0436957],[77.6073973,13.0436566],[77.6084504,13.0434677],[77.6096311,13.0431991],[77.6104578,13.0430167]]}},{"type":"Feature","properties":{"id":"376530259","name":"Srinagar - Kanyakumari Highway","highway":"trunk","oneway":"yes","maxspeed":""},"geometry":{"type":"LineString","coordinates":[[77.5902694,13.0430588],[77.5904485,13.0433965],[77.5905403,13.0435841],[77.5905897,13.0437693],[77.5906193,13.0438803],[77.5906452,13.0442877],[77.5906832,13.0447841],[77.5907638,13.0453254],[77.5908197,13.0455443],[77.5908461,13.0456132],[77.5908832,13.045685],[77.5910429,13.04598],[77.591249,13.0463638]]}},{"type":"Feature","properties":{"id":"376534575","name":"Nagawara Flyover","highway":"trunk","oneway":"yes","maxspeed":"60"},"geometry":{"type":"LineString","coordinates":[[77.6236445,13.0410065],[77.623803,13.0408934],[77.6240296,13.0406538],[77.62424,13.0403948],[77.6243484,13.0402551],[77.6245224,13.0400309],[77.6249827,13.0394532]]}},{"type":"Feature","properties":{"id":"376534579","name":"","highway":"tertiary","oneway":"yes","maxspeed":""},"geometry":{"type":"LineString","coordinates":[[77.6244106,13.0403525],[77.6244466,13.0403038],[77.6245736,13.0401321],[77.6249527,13.0396195],[77.6251978,13.0392745]]}},{"type":"Feature","properties":{"id":"376649534","name":"Outer Ring Road","highway":"tertiary","oneway":"yes","maxspeed":"60"},"geometry":{"type":"LineString","coordinates":[[77.6219127,13.0411046],[77.621615,13.0410937],[77.6213324,13.0410845],[77.6207441,13.0410642],[77.6203038,13.0410526],[77.6201366,13.0410481],[77.6199529,13.0410442],[77.6187194,13.0409889],[77.6183459,13.0409667],[77.618144,13.0409538],[77.6175156,13.0409257],[77.6173244,13.0409217],[77.6171879,13.0409247],[77.6170562,13.0409409]]}},{"type":"Feature","properties":{"id":"376649535","name":"Outer Ring Road","highway":"trunk","oneway":"yes","maxspeed":"40"},"geometry":{"type":"LineString","coordinates":[[77.6072042,13.0435763],[77.606968,13.043613],[77.6068347,13.0436289],[77.6066418,13.0436432],[77.6063946,13.0436545],[77.6036749,13.0436274],[77.6016181,13.0436279],[77.6014511,13.0436319],[77.6003423,13.0436585],[77.6000225,13.0436662],[77.5998058,13.0436588],[77.599635,13.0436394],[77.5994459,13.0436072],[77.5992855,13.0435642],[77.5991173,13.0434938],[77.5989699,13.0434212],[77.5988051,13.0433203]]}},{"type":"Feature","properties":{"id":"376649536","name":"Outer Ring Road","highway":"tertiary","oneway":"yes","maxspeed":""},"geometry":{"type":"LineString","coordinates":[[77.6162491,13.0411335],[77.61593,13.0412239],[77.6156782,13.0413033],[77.6146745,13.0416424],[77.6145243,13.0416976],[77.614428,13.0417472],[77.6141249,13.0419304],[77.6140948,13.0419486],[77.6140493,13.0419766],[77.6139813,13.0420185],[77.6139104,13.0420547],[77.6138544,13.0420833],[77.6137221,13.0421374],[77.6136292,13.0421634]]}},{"type":"Feature","properties":{"id":"376649537","name":"Outer Ring Road","highway":"trunk","oneway":"yes","maxspeed":"60"},"geometry":{"type":"LineString","coordinates":[[77.5938775,13.041947],[77.5937526,13.041958],[77.5935212,13.0420245],[77.5925617,13.0423305],[77.5916681,13.0425837],[77.5913527,13.0426643],[77.5912454,13.0426788],[77.5910894,13.0427005]]}},{"type":"Feature","properties":{"id":"376649538","name":"Nagawara Flyover","highway":"trunk","oneway":"yes","maxspeed":"40"},"geometry":{"type":"LineString","coordinates":[[77.6248816,13.0392688],[77.6244382,13.0398631],[77.6240525,13.0403531],[77.623929,13.0405108],[77.6237966,13.0406471],[77.6236008,13.0408113],[77.6234194,13.0409133],[77.6232752,13.0409682],[77.6231218,13.0410121],[77.6229136,13.0410434],[77.6227854,13.0410616],[77.6226422,13.0410667]]}},{"type":"Feature","properties":{"id":"376649539","name":"Veerannapalya Flyover","highway":"trunk","oneway":"yes","maxspeed":"60"},"geometry":{"type":"LineString","coordinates":[[77.6173541,13.0408678],[77.6169791,13.0408985],[77.6160587,13.0411025],[77.6159112,13.0411417],[77.6146478,13.0415572],[77.61449,13.0416139],[77.614347,13.0416871],[77.6140278,13.0418859],[77.6139059,13.0419536],[77.6137563,13.0420245],[77.6136157,13.0420755],[77.6135805,13.0420853],[77.6134552,13.0421186],[77.6131734,13.04218],[77.6110671,13.0426834]]}},{"type":"Feature","properties":{"id":"377832173","name":"Bellary Road","highway":"trunk","oneway":"yes","maxspeed":"60"},"geometry":{"type":"LineString","coordinates":[[77.5876668,13.0320205],[77.5873958,13.0314534],[77.5871391,13.0308462],[77.5870068,13.0305333],[77.5865729,13.0294512],[77.586235,13.028622]]}},{"type":"Feature","properties":{"id":"377832174","name":"Bellary Road","highway":"trunk","oneway":"yes","maxspeed":"60"},"geometry":{"type":"LineString","coordinates":[[77.589516,13.0393318],[77.5894789,13.0391065],[77.5893944,13.0385944],[77.5893785,13.0384662],[77.5893715,13.0383177],[77.589351,13.038078],[77.589311,13.0376646],[77.5892901,13.0366875],[77.5892819,13.0365127],[77.5892804,13.0364797],[77.589247,13.0363012],[77.5891947,13.0361346],[77.5891229,13.0359547],[77.5891036,13.0359091],[77.5890565,13.0357979],[77.5890438,13.0357679],[77.5887346,13.0350515],[77.588618,13.0347782],[77.5885209,13.0345081],[77.5884633,13.0342845],[77.588413,13.034059],[77.588355,13.0335843],[77.5883088,13.0334036],[77.5882425,13.0332254],[77.588199,13.0330792],[77.5881293,13.0328976]]}},{"type":"Feature","properties":{"id":"377832176","name":"","highway":"trunk_link","oneway":"yes","maxspeed":"30"},"geometry":{"type":"LineString","coordinates":[[77.5921579,13.0433062],[77.592248,13.0434147],[77.5922987,13.0434961],[77.5923337,13.0435805],[77.5923569,13.0436777],[77.5923657,13.0437725],[77.5923616,13.0438575],[77.5923488,13.0439222],[77.5923346,13.0439844],[77.5923011,13.0440694],[77.5922634,13.0441417],[77.5922194,13.0442095],[77.5921655,13.0442697],[77.5920907,13.0443326],[77.5920081,13.0443838],[77.5918923,13.0444249],[77.5917943,13.0444447],[77.5916763,13.0444447],[77.5915906,13.0444376],[77.5914991,13.0444141],[77.5914134,13.0443822],[77.5912994,13.0443195],[77.5912179,13.0442475],[77.5911372,13.0441578],[77.5910618,13.044051],[77.5909992,13.0439289],[77.5908717,13.0436877]]}},{"type":"Feature","properties":{"id":"377832181","name":"Hebbal Flyover","highway":"trunk","oneway":"yes","maxspeed":"60"},"geometry":{"type":"LineString","coordinates":[[77.5918637,13.0473039],[77.591608,13.0468087],[77.5915321,13.0466515],[77.5914969,13.0465358],[77.591447,13.0463767],[77.5913877,13.0461232],[77.5913612,13.0459536]]}},{"type":"Feature","properties":{"id":"377832182","name":"Hebbal Flyover","highway":"trunk","oneway":"yes","maxspeed":"60"},"geometry":{"type":"LineString","coordinates":[[77.5907549,13.0435892],[77.5904967,13.0430383],[77.5904205,13.0428665],[77.5903175,13.0426161],[77.5901565,13.0420902]]}},{"type":"Feature","properties":{"id":"377832185","name":"Bellary Road","highway":"trunk","oneway":"yes","maxspeed":"60"},"geometry":{"type":"LineString","coordinates":[[77.5881293,13.0328976],[77.5876668,13.0320205]]}},{"type":"Feature","properties":{"id":"377832186","name":"Hebbal Flyover","highway":"trunk","oneway":"yes","maxspeed":"60"},"geometry":{"type":"LineString","coordinates":[[77.5913612,13.0459536],[77.5912879,13.0453143],[77.5912571,13.0451033],[77.5912182,13.0448898],[77.5911352,13.0445665],[77.591043,13.0442738],[77.5909587,13.0440407],[77.5909033,13.0439171],[77.5907549,13.0435892]]}},{"type":"Feature","properties":{"id":"377852248","name":"Hebbal Flyover","highway":"trunk","oneway":"yes","maxspeed":"30"},"geometry":{"type":"LineString","coordinates":[[77.5894807,13.039608],[77.589603,13.040348],[77.5896851,13.0407089],[77.5898427,13.0412857],[77.590048,13.0420497],[77.5902942,13.0427696],[77.5903526,13.0429078],[77.5904649,13.0431543],[77.5906655,13.0435356],[77.590702,13.043622]]}},{"type":"Feature","properties":{"id":"377852249","name":"Flyover Ramp","highway":"trunk_link","oneway":"yes","maxspeed":"60"},"geometry":{"type":"LineString","coordinates":[[77.5907207,13.0438388],[77.5907545,13.0442123],[77.5908756,13.0452698],[77.590899,13.0453971],[77.5909351,13.045499],[77.5909869,13.0455768],[77.5910499,13.0456373],[77.5911342,13.0456891]]}},{"type":"Feature","properties":{"id":"377857854","name":"Bellary Road","highway":"trunk","oneway":"yes","maxspeed":"60"},"geometry":{"type":"LineString","coordinates":[[77.5875656,13.0320681],[77.5880232,13.0329352]]}},{"type":"Feature","properties":{"id":"377857856","name":"Bellary Road","highway":"trunk","oneway":"yes","maxspeed":"60"},"geometry":{"type":"LineString","coordinates":[[77.5880232,13.0329352],[77.5881032,13.0330682],[77.5881722,13.0333085],[77.5882265,13.0335027],[77.5882716,13.0338253],[77.588291,13.0340024],[77.5883357,13.0342442],[77.5884182,13.0345033],[77.5885099,13.0347852],[77.5889404,13.0358285],[77.5890163,13.0360075],[77.5890483,13.0360806],[77.5890995,13.0362406],[77.5891498,13.0364246],[77.5891769,13.0366101],[77.5891813,13.0367666],[77.5891935,13.0372578],[77.589203,13.0374634],[77.5892161,13.0376983],[77.5892202,13.0378672],[77.5892477,13.0382016],[77.589262,13.03833],[77.5892805,13.0384761],[77.5892953,13.0385738],[77.5893079,13.0386768],[77.5893431,13.038932]]}},{"type":"Feature","properties":{"id":"379326802","name":"","highway":"tertiary","oneway":"yes","maxspeed":""},"geometry":{"type":"LineString","coordinates":[[77.5813029,13.0461574],[77.5815278,13.0459716],[77.5818631,13.045692],[77.5821849,13.045402],[77.5824907,13.0451591],[77.5827428,13.0449892],[77.582991,13.0448429],[77.5848149,13.0436122],[77.5850898,13.0434658],[77.585348,13.0433622],[77.5856179,13.0432885],[77.5858419,13.0432387],[77.5877635,13.0428763],[77.5881017,13.0428346],[77.58844,13.0427888],[77.5885979,13.0428049],[77.5887474,13.0428304],[77.5895298,13.0430224],[77.5896637,13.043062],[77.5897443,13.0430803],[77.5898146,13.0430962],[77.589942,13.0431251]]}},{"type":"Feature","properties":{"id":"379857264","name":"Outer Ring Road","highway":"trunk","oneway":"yes","maxspeed":"60"},"geometry":{"type":"LineString","coordinates":[[77.5790501,13.0475618],[77.5792403,13.0474925],[77.5794436,13.047401],[77.579626,13.0472938],[77.5797923,13.0471815],[77.5805984,13.0465787],[77.5807231,13.0464864],[77.5808679,13.0463688],[77.5812328,13.0460731],[77.5821103,13.0453133],[77.5822846,13.0451827],[77.5824933,13.0450362],[77.5827406,13.0448639],[77.5829525,13.0447306],[77.5843607,13.0438056],[77.5845908,13.0436562],[77.584594,13.0436541],[77.5847523,13.0435574],[77.5849052,13.0434686],[77.5850736,13.0433849],[77.5852372,13.0433144],[77.5854089,13.0432491],[77.5855913,13.0431994],[77.5862296,13.0430505],[77.5876552,13.0427735],[77.5882681,13.0426846],[77.5884403,13.0426716],[77.588598,13.0426794],[77.5887616,13.0427082]]}},{"type":"Feature","properties":{"id":"379862163","name":"Flyover Ramp","highway":"trunk_link","oneway":"yes","maxspeed":"60"},"geometry":{"type":"LineString","coordinates":[[77.5911342,13.0456891],[77.5912167,13.0457206],[77.5913083,13.045739],[77.5913972,13.0457394],[77.5914939,13.0457176],[77.5915979,13.0456658],[77.5916695,13.0456139],[77.5917344,13.0455384],[77.5917931,13.045445],[77.5927392,13.0437702]]}},{"type":"Feature","properties":{"id":"380720120","name":"Flyover Ramp","highway":"trunk_link","oneway":"yes","maxspeed":"60"},"geometry":{"type":"LineString","coordinates":[[77.5927392,13.0437702],[77.5930209,13.0432606]]}},{"type":"Feature","properties":{"id":"395483360","name":"","highway":"residential","oneway":"no","maxspeed":""},"geometry":{"type":"LineString","coordinates":[[77.6204152,13.0399453],[77.6203239,13.0395111]]}},{"type":"Feature","properties":{"id":"395483361","name":"Rajendra Infotech Road","highway":"residential","oneway":"no","maxspeed":""},"geometry":{"type":"LineString","coordinates":[[77.6202521,13.0400597],[77.6204263,13.0409475]]}},{"type":"Feature","properties":{"id":"395885005","name":"Hebbal Flyover","highway":"trunk","oneway":"yes","maxspeed":"80"},"geometry":{"type":"LineString","coordinates":[[77.5912763,13.0460225],[77.5913216,13.0462464],[77.5913425,13.0463696],[77.5913704,13.0465475]]}},{"type":"Feature","properties":{"id":"409872979","name":"","highway":"residential","oneway":"no","maxspeed":""},"geometry":{"type":"LineString","coordinates":[[77.5966586,13.0664383],[77.5966239,13.0662844],[77.5965873,13.0661349],[77.5965457,13.0659487],[77.5965356,13.0659017],[77.5964796,13.0657144]]}},{"type":"Feature","properties":{"id":"409872980","name":"","highway":"residential","oneway":"no","maxspeed":""},"geometry":{"type":"LineString","coordinates":[[77.596709,13.0652057],[77.596602,13.0652511],[77.5964008,13.0652955],[77.5963661,13.0653021],[77.5961943,13.0653347],[77.5959609,13.0653844],[77.5958617,13.0654092],[77.5957276,13.0654497],[77.5957383,13.0655202],[77.5957839,13.0656587],[77.5957946,13.0657058]]}},{"type":"Feature","properties":{"id":"409872981","name":"","highway":"residential","oneway":"no","maxspeed":""},"geometry":{"type":"LineString","coordinates":[[77.5957276,13.0654497],[77.5956337,13.0654706],[77.5955077,13.0655072],[77.595395,13.0655307],[77.5952582,13.0655699],[77.5951804,13.0655856]]}},{"type":"Feature","properties":{"id":"409873196","name":"","highway":"residential","oneway":"no","maxspeed":""},"geometry":{"type":"LineString","coordinates":[[77.5980821,13.0660863],[77.5980149,13.0659057],[77.597977,13.0658113],[77.5979193,13.0657376],[77.5978392,13.0656836],[77.5978084,13.0655725],[77.5977887,13.0655303],[77.5977502,13.0654384],[77.597742,13.0654115],[77.597721,13.0653448],[77.5977067,13.0652994],[77.5976451,13.0651763],[77.5976328,13.0651463],[77.5975589,13.0650923],[77.5975483,13.0650205],[77.5975126,13.0648822],[77.5975084,13.0648514],[77.5974911,13.0647231],[77.5974866,13.0646594],[77.5974784,13.0645437],[77.5974696,13.0645068],[77.5974656,13.0643682]]}},{"type":"Feature","properties":{"id":"409873242","name":"","highway":"residential","oneway":"no","maxspeed":""},"geometry":{"type":"LineString","coordinates":[[77.5974656,13.0643682],[77.5974586,13.0643288],[77.5974485,13.0642714],[77.5974378,13.0641199],[77.597427,13.064031],[77.5974217,13.0639004],[77.5974002,13.0638325],[77.597368,13.0637802],[77.5973251,13.0637018],[77.5972339,13.0636443],[77.5971052,13.063613],[77.5969388,13.0636538],[77.5968888,13.0636753],[77.5967856,13.0637001],[77.5966796,13.0637171],[77.5965469,13.0637067],[77.5964302,13.0636845]]}},{"type":"Feature","properties":{"id":"410065323","name":"","highway":"residential","oneway":"no","maxspeed":""},"geometry":{"type":"LineString","coordinates":[[77.5963476,13.0688375],[77.5968864,13.0684998],[77.5980667,13.0677599],[77.5984416,13.0675227]]}},{"type":"Feature","properties":{"id":"410065350","name":"","highway":"residential","oneway":"no","maxspeed":""},"geometry":{"type":"LineString","coordinates":[[77.5982778,13.0664862],[77.597937,13.0665678],[77.5975831,13.066649],[77.597569,13.0666644],[77.5975627,13.0666813],[77.5975622,13.0667031],[77.597567,13.0667311],[77.597701,13.0674149]]}},{"type":"Feature","properties":{"id":"410065870","name":"","highway":"residential","oneway":"no","maxspeed":""},"geometry":{"type":"LineString","coordinates":[[77.597937,13.0665678],[77.5980374,13.0671831],[77.5980349,13.0671937],[77.5980322,13.0672004],[77.5980275,13.0672089],[77.5980168,13.0672198],[77.5979714,13.0672524],[77.597701,13.0674149],[77.5974868,13.0675512],[77.5971294,13.0677787],[77.5968677,13.0679447],[77.5966033,13.0681135],[77.596204,13.0683664]]}},{"type":"Feature","properties":{"id":"410073283","name":"Talacauvery Road","highway":"residential","oneway":"no","maxspeed":""},"geometry":{"type":"LineString","coordinates":[[77.5956857,13.0666655],[77.5958277,13.0671315],[77.596204,13.0683664],[77.5963476,13.0688375]]}},{"type":"Feature","properties":{"id":"410073669","name":"","highway":"residential","oneway":"no","maxspeed":""},"geometry":{"type":"LineString","coordinates":[[77.5966033,13.0681135],[77.5962575,13.0670027]]}},{"type":"Feature","properties":{"id":"410073670","name":"","highway":"residential","oneway":"no","maxspeed":""},"geometry":{"type":"LineString","coordinates":[[77.5965513,13.0669147],[77.5968677,13.0679447]]}},{"type":"Feature","properties":{"id":"410094806","name":"","highway":"residential","oneway":"no","maxspeed":""},"geometry":{"type":"LineString","coordinates":[[77.5997476,13.0659653],[77.5998052,13.0662527],[77.5998613,13.0665325],[77.5999165,13.0668078],[77.5999746,13.0670976],[77.6000313,13.0673807],[77.6001197,13.0678217],[77.6002547,13.0683562],[77.6003048,13.068555],[77.6003228,13.0686258],[77.6003918,13.0688991],[77.6004596,13.0691678],[77.600468,13.0692009]]}},{"type":"Feature","properties":{"id":"410095643","name":"","highway":"residential","oneway":"no","maxspeed":""},"geometry":{"type":"LineString","coordinates":[[77.5998052,13.0662527],[77.6004711,13.0661278]]}},{"type":"Feature","properties":{"id":"410095644","name":"","highway":"residential","oneway":"no","maxspeed":""},"geometry":{"type":"LineString","coordinates":[[77.5998613,13.0665325],[77.600503,13.0664085]]}},{"type":"Feature","properties":{"id":"410095646","name":"","highway":"residential","oneway":"no","maxspeed":""},"geometry":{"type":"LineString","coordinates":[[77.5999746,13.0670976],[77.6006365,13.0669736]]}},{"type":"Feature","properties":{"id":"410095647","name":"","highway":"residential","oneway":"no","maxspeed":""},"geometry":{"type":"LineString","coordinates":[[77.6000313,13.0673807],[77.6004145,13.067303],[77.600678,13.0672495]]}},{"type":"Feature","properties":{"id":"410095649","name":"","highway":"residential","oneway":"no","maxspeed":""},"geometry":{"type":"LineString","coordinates":[[77.6004145,13.067303],[77.6006244,13.0684869],[77.6007476,13.069183]]}},{"type":"Feature","properties":{"id":"410096311","name":"Amruth Nagar Main Road","highway":"tertiary","oneway":"no","maxspeed":""},"geometry":{"type":"LineString","coordinates":[[77.6008287,13.0657146],[77.6009367,13.0656858],[77.6010359,13.0656675],[77.6010332,13.0655395],[77.6010079,13.0653456],[77.6010039,13.0653147],[77.6009957,13.0652521],[77.6009903,13.0650326],[77.6009769,13.0649229],[77.6009706,13.0648748],[77.6008831,13.0646668],[77.6008717,13.0645183],[77.6008726,13.0644522],[77.600855,13.0642563],[77.6008354,13.064166],[77.6007767,13.0639862],[77.6007122,13.0637673],[77.6006658,13.0634018],[77.600568,13.063018],[77.6004503,13.0628877],[77.5998718,13.0624703],[77.5997544,13.0623145],[77.5996988,13.0621416],[77.5996962,13.0618485],[77.5996794,13.0616812],[77.5996199,13.0613398],[77.5995602,13.0609382],[77.5995743,13.0607744],[77.5996563,13.0606551],[77.600023,13.0603788],[77.6000951,13.0602164],[77.6000971,13.0601433]]}},{"type":"Feature","properties":{"id":"410096453","name":"","highway":"residential","oneway":"no","maxspeed":""},"geometry":{"type":"LineString","coordinates":[[77.5927747,13.062661],[77.5927765,13.0626019],[77.5928037,13.0615222]]}},{"type":"Feature","properties":{"id":"410096455","name":"","highway":"residential","oneway":"no","maxspeed":""},"geometry":{"type":"LineString","coordinates":[[77.5924391,13.0628265],[77.5924419,13.0627711],[77.5924609,13.0625433],[77.5924919,13.0616985]]}},{"type":"Feature","properties":{"id":"410096457","name":"","highway":"residential","oneway":"no","maxspeed":""},"geometry":{"type":"LineString","coordinates":[[77.5921416,13.0626102],[77.5921547,13.0622417],[77.5921692,13.061816]]}},{"type":"Feature","properties":{"id":"410096913","name":"","highway":"residential","oneway":"no","maxspeed":""},"geometry":{"type":"LineString","coordinates":[[77.5916449,13.0632174],[77.5916338,13.0631634],[77.5915714,13.0628597],[77.5915086,13.062554]]}},{"type":"Feature","properties":{"id":"410096914","name":"","highway":"residential","oneway":"no","maxspeed":""},"geometry":{"type":"LineString","coordinates":[[77.5915714,13.0628597],[77.5921416,13.0626102]]}},{"type":"Feature","properties":{"id":"410100447","name":"","highway":"residential","oneway":"no","maxspeed":""},"geometry":{"type":"LineString","coordinates":[[77.5905901,13.0635904],[77.5905692,13.063511],[77.5905441,13.0634211],[77.5904957,13.0632313],[77.5903376,13.0622642]]}},{"type":"Feature","properties":{"id":"410100449","name":"","highway":"residential","oneway":"no","maxspeed":""},"geometry":{"type":"LineString","coordinates":[[77.5904957,13.0632313],[77.5909315,13.0630379],[77.5912487,13.0628971]]}},{"type":"Feature","properties":{"id":"410100452","name":"","highway":"residential","oneway":"no","maxspeed":""},"geometry":{"type":"LineString","coordinates":[[77.5909315,13.0630379],[77.5907427,13.062152]]}},{"type":"Feature","properties":{"id":"410100453","name":"","highway":"residential","oneway":"no","maxspeed":""},"geometry":{"type":"LineString","coordinates":[[77.5910501,13.0620664],[77.5907427,13.062152],[77.5903376,13.0622642],[77.5900708,13.0623381],[77.5898278,13.0624052]]}},{"type":"Feature","properties":{"id":"410143975","name":"10th Cross F/G Block Rd","highway":"residential","oneway":"no","maxspeed":""},"geometry":{"type":"LineString","coordinates":[[77.5900542,13.0637459],[77.5900421,13.0636739],[77.5898278,13.0624052],[77.5895882,13.0609869],[77.5895181,13.0605717]]}},{"type":"Feature","properties":{"id":"410143976","name":"11th Cross Road","highway":"residential","oneway":"no","maxspeed":""},"geometry":{"type":"LineString","coordinates":[[77.5897114,13.063751],[77.5897011,13.0636913],[77.5896466,13.0633766],[77.5895888,13.0630412],[77.5895339,13.0627233],[77.5893361,13.0615782],[77.5892737,13.0612165]]}},{"type":"Feature","properties":{"id":"410284129","name":"18th Main","highway":"residential","oneway":"no","maxspeed":""},"geometry":{"type":"LineString","coordinates":[[77.5886037,13.0630459],[77.5895888,13.0630412]]}},{"type":"Feature","properties":{"id":"410284130","name":"17th Main","highway":"residential","oneway":"no","maxspeed":""},"geometry":{"type":"LineString","coordinates":[[77.5883755,13.0627229],[77.588605,13.0627245],[77.5887081,13.0627245],[77.588992,13.0627242],[77.5892495,13.0627238],[77.5895339,13.0627233]]}},{"type":"Feature","properties":{"id":"410284131","name":"13th Cross Road","highway":"residential","oneway":"no","maxspeed":""},"geometry":{"type":"LineString","coordinates":[[77.588992,13.0627242],[77.588875,13.061931]]}},{"type":"Feature","properties":{"id":"410284132","name":"12th Cross Road","highway":"residential","oneway":"no","maxspeed":""},"geometry":{"type":"LineString","coordinates":[[77.5892495,13.0627238],[77.5890947,13.0617653]]}},{"type":"Feature","properties":{"id":"410284499","name":"","highway":"residential","oneway":"no","maxspeed":""},"geometry":{"type":"LineString","coordinates":[[77.5932599,13.0598178],[77.5928001,13.059897],[77.5927227,13.0596101],[77.592644,13.0593182],[77.5925606,13.0590092],[77.592517,13.0588116]]}},{"type":"Feature","properties":{"id":"410284500","name":"","highway":"residential","oneway":"no","maxspeed":""},"geometry":{"type":"LineString","coordinates":[[77.592644,13.0593182],[77.592919,13.059278],[77.5931827,13.0592395],[77.5932585,13.0592296]]}},{"type":"Feature","properties":{"id":"410284501","name":"","highway":"residential","oneway":"no","maxspeed":""},"geometry":{"type":"LineString","coordinates":[[77.5927227,13.0596101],[77.5932592,13.0595128]]}},{"type":"Feature","properties":{"id":"410284502","name":"","highway":"residential","oneway":"no","maxspeed":""},"geometry":{"type":"LineString","coordinates":[[77.5920044,13.0589252],[77.5920806,13.0593901],[77.592293,13.059363],[77.5923621,13.0593542],[77.592644,13.0593182]]}},{"type":"Feature","properties":{"id":"410284503","name":"","highway":"residential","oneway":"no","maxspeed":""},"geometry":{"type":"LineString","coordinates":[[77.5923621,13.0593542],[77.5922923,13.0588614]]}},{"type":"Feature","properties":{"id":"410284504","name":"","highway":"service","oneway":"no","maxspeed":""},"geometry":{"type":"LineString","coordinates":[[77.5920806,13.0593901],[77.5920576,13.0594617],[77.5920463,13.0594963],[77.5908519,13.059754]]}},{"type":"Feature","properties":{"id":"410284610","name":"","highway":"residential","oneway":"no","maxspeed":""},"geometry":{"type":"LineString","coordinates":[[77.5925606,13.0590092],[77.5931639,13.0589225],[77.5932578,13.0589042]]}},{"type":"Feature","properties":{"id":"410285495","name":"","highway":"residential","oneway":"no","maxspeed":""},"geometry":{"type":"LineString","coordinates":[[77.592293,13.059363],[77.5924567,13.0599834]]}},{"type":"Feature","properties":{"id":"410285549","name":"","highway":"residential","oneway":"no","maxspeed":""},"geometry":{"type":"LineString","coordinates":[[77.590895,13.0597212],[77.5908355,13.0595175]]}},{"type":"Feature","properties":{"id":"410285550","name":"","highway":"residential","oneway":"no","maxspeed":""},"geometry":{"type":"LineString","coordinates":[[77.5911686,13.0596372],[77.5910945,13.0593235]]}},{"type":"Feature","properties":{"id":"410285551","name":"5th Cross Road","highway":"residential","oneway":"no","maxspeed":""},"geometry":{"type":"LineString","coordinates":[[77.5914695,13.05954],[77.591412,13.0590919]]}},{"type":"Feature","properties":{"id":"410285552","name":"","highway":"residential","oneway":"no","maxspeed":""},"geometry":{"type":"LineString","coordinates":[[77.5917865,13.059488],[77.5917115,13.0589902]]}},{"type":"Feature","properties":{"id":"410285573","name":"","highway":"residential","oneway":"no","maxspeed":""},"geometry":{"type":"LineString","coordinates":[[77.5920533,13.0589144],[77.5919609,13.0584472]]}},{"type":"Feature","properties":{"id":"410390756","name":"","highway":"residential","oneway":"no","maxspeed":""},"geometry":{"type":"LineString","coordinates":[[77.5888213,13.0637526],[77.5888246,13.0638137],[77.5888614,13.064303],[77.5889187,13.0645951],[77.5889981,13.0648287],[77.5890076,13.0648593]]}},{"type":"Feature","properties":{"id":"410390860","name":"","highway":"residential","oneway":"no","maxspeed":""},"geometry":{"type":"LineString","coordinates":[[77.5874104,13.06337],[77.5886024,13.0633736],[77.5896466,13.0633766]]}},{"type":"Feature","properties":{"id":"410390861","name":"","highway":"residential","oneway":"no","maxspeed":""},"geometry":{"type":"LineString","coordinates":[[77.5874731,13.0630415],[77.5878041,13.0630434],[77.5881305,13.0630444],[77.5886037,13.0630459]]}},{"type":"Feature","properties":{"id":"410390862","name":"","highway":"residential","oneway":"no","maxspeed":""},"geometry":{"type":"LineString","coordinates":[[77.5881305,13.0630444],[77.5879178,13.0625586],[77.5878215,13.0623385]]}},{"type":"Feature","properties":{"id":"410390865","name":"15th Main Road","highway":"residential","oneway":"no","maxspeed":""},"geometry":{"type":"LineString","coordinates":[[77.5878215,13.0623385],[77.5880692,13.0621421],[77.5892737,13.0612165],[77.5895882,13.0609869]]}},{"type":"Feature","properties":{"id":"410390867","name":"","highway":"residential","oneway":"no","maxspeed":""},"geometry":{"type":"LineString","coordinates":[[77.5880692,13.0621421],[77.588208,13.0624054],[77.5883755,13.0627229]]}},{"type":"Feature","properties":{"id":"410390868","name":"","highway":"residential","oneway":"no","maxspeed":""},"geometry":{"type":"LineString","coordinates":[[77.5876068,13.0619808],[77.5876315,13.062022],[77.5878215,13.0623385]]}},{"type":"Feature","properties":{"id":"410390997","name":"","highway":"residential","oneway":"no","maxspeed":""},"geometry":{"type":"LineString","coordinates":[[77.5900133,13.060197],[77.5900493,13.0604687]]}},{"type":"Feature","properties":{"id":"410390998","name":"","highway":"residential","oneway":"no","maxspeed":""},"geometry":{"type":"LineString","coordinates":[[77.5902886,13.0599867],[77.5903501,13.0602463]]}},{"type":"Feature","properties":{"id":"410392692","name":"","highway":"residential","oneway":"no","maxspeed":""},"geometry":{"type":"LineString","coordinates":[[77.5903501,13.0602463],[77.590877,13.0601111]]}},{"type":"Feature","properties":{"id":"410393570","name":"","highway":"residential","oneway":"no","maxspeed":""},"geometry":{"type":"LineString","coordinates":[[77.5934781,13.0653592],[77.5940103,13.0653841],[77.5941176,13.065439],[77.5941963,13.0654869],[77.5944259,13.0654328],[77.5947023,13.0653533],[77.5949629,13.0652958],[77.595051,13.0653047],[77.5950917,13.065329],[77.5951067,13.0653471],[77.5951365,13.0653919],[77.5956425,13.0652851],[77.5958251,13.0652376],[77.5963716,13.0650954],[77.5965061,13.0650679]]}},{"type":"Feature","properties":{"id":"410393571","name":"","highway":"residential","oneway":"no","maxspeed":""},"geometry":{"type":"LineString","coordinates":[[77.5958617,13.0654092],[77.5958251,13.0652376],[77.5957628,13.06493]]}},{"type":"Feature","properties":{"id":"410393572","name":"","highway":"residential","oneway":"no","maxspeed":""},"geometry":{"type":"LineString","coordinates":[[77.5949144,13.0651234],[77.5954018,13.0649989],[77.5957628,13.06493],[77.5962017,13.0648058],[77.5964575,13.0647381]]}},{"type":"Feature","properties":{"id":"410393573","name":"","highway":"residential","oneway":"no","maxspeed":""},"geometry":{"type":"LineString","coordinates":[[77.5948259,13.0648289],[77.5952426,13.0647334],[77.5956673,13.0646231],[77.5961168,13.0645197],[77.5964047,13.0644421],[77.5964424,13.0644335],[77.5967715,13.0644059],[77.5971927,13.0643714]]}},{"type":"Feature","properties":{"id":"410393574","name":"","highway":"residential","oneway":"no","maxspeed":""},"geometry":{"type":"LineString","coordinates":[[77.5971927,13.0643714],[77.5974656,13.0643682]]}},{"type":"Feature","properties":{"id":"410394037","name":"","highway":"residential","oneway":"no","maxspeed":""},"geometry":{"type":"LineString","coordinates":[[77.5935003,13.064531],[77.5935652,13.0645312],[77.5947641,13.0643555],[77.5948509,13.0644324],[77.5949523,13.0644092]]}},{"type":"Feature","properties":{"id":"410394873","name":"","highway":"residential","oneway":"no","maxspeed":""},"geometry":{"type":"LineString","coordinates":[[77.5954242,13.0643097],[77.5953056,13.0637551],[77.5954085,13.0637393],[77.5957186,13.0637018],[77.5957466,13.0634903],[77.595669,13.0628483],[77.5956492,13.0626725]]}},{"type":"Feature","properties":{"id":"410394874","name":"","highway":"residential","oneway":"no","maxspeed":""},"geometry":{"type":"LineString","coordinates":[[77.5969388,13.0636538],[77.5968336,13.062928]]}},{"type":"Feature","properties":{"id":"410394875","name":"","highway":"residential","oneway":"no","maxspeed":""},"geometry":{"type":"LineString","coordinates":[[77.597368,13.0637802],[77.5974466,13.0637],[77.5975235,13.0636175],[77.597644,13.0635601],[77.5976671,13.0634327],[77.5976767,13.0631411]]}},{"type":"Feature","properties":{"id":"410395237","name":"","highway":"residential","oneway":"no","maxspeed":""},"geometry":{"type":"LineString","coordinates":[[77.5985405,13.0659708],[77.598521,13.0657472],[77.598523,13.0656056],[77.5985239,13.0655384],[77.5985305,13.0653379],[77.5985326,13.0652902],[77.5985398,13.0650926],[77.5985376,13.0650658],[77.5985441,13.0649743],[77.5985535,13.0648223],[77.5985528,13.0647779]]}},{"type":"Feature","properties":{"id":"410395839","name":"","highway":"residential","oneway":"no","maxspeed":""},"geometry":{"type":"LineString","coordinates":[[77.6014687,13.0687719],[77.6018278,13.0687389],[77.6022976,13.0686972],[77.6021296,13.0672191]]}},{"type":"Feature","properties":{"id":"410395840","name":"","highway":"residential","oneway":"no","maxspeed":""},"geometry":{"type":"LineString","coordinates":[[77.6019085,13.0685185],[77.6017843,13.067248],[77.6021296,13.0672191],[77.6025016,13.0671881]]}},{"type":"Feature","properties":{"id":"410395842","name":"","highway":"residential","oneway":"no","maxspeed":""},"geometry":{"type":"LineString","coordinates":[[77.6030259,13.0689939],[77.6029862,13.0687986],[77.6029744,13.0687067],[77.6029473,13.0685015],[77.602931,13.0682957],[77.6029249,13.0681318],[77.6029235,13.0674165],[77.602929,13.0670248],[77.6029494,13.0666101]]}},{"type":"Feature","properties":{"id":"410395843","name":"","highway":"residential","oneway":"no","maxspeed":""},"geometry":{"type":"LineString","coordinates":[[77.6025568,13.0685819],[77.6025016,13.0671881],[77.6024953,13.06703]]}},{"type":"Feature","properties":{"id":"410395966","name":"","highway":"residential","oneway":"no","maxspeed":""},"geometry":{"type":"LineString","coordinates":[[77.6010594,13.0666378],[77.6017897,13.0665782],[77.6027118,13.0664998]]}},{"type":"Feature","properties":{"id":"410395968","name":"","highway":"residential","oneway":"no","maxspeed":""},"geometry":{"type":"LineString","coordinates":[[77.6017897,13.0665782],[77.6017603,13.0662672],[77.6017391,13.0659866],[77.60171,13.0657669],[77.6027467,13.0656977],[77.6027556,13.0659031],[77.6027628,13.0660687],[77.6032617,13.0659851],[77.6032482,13.0656429]]}},{"type":"Feature","properties":{"id":"410396314","name":"Chandra Mouleshwara Swamy Temple Road","highway":"residential","oneway":"no","maxspeed":""},"geometry":{"type":"LineString","coordinates":[[77.5982095,13.0660542],[77.5982778,13.0664862],[77.5984416,13.0675227],[77.5984977,13.067971],[77.5984985,13.0679904],[77.5984953,13.0680112],[77.5984899,13.0680243],[77.5984804,13.0680413],[77.598447,13.0680675],[77.598228,13.0682058],[77.597454,13.0686944],[77.5970443,13.068953]]}},{"type":"Feature","properties":{"id":"417315411","name":"","highway":"residential","oneway":"no","maxspeed":""},"geometry":{"type":"LineString","coordinates":[[77.5968654,13.0491562],[77.5972286,13.0491013],[77.5972981,13.049091],[77.5973805,13.0490788],[77.5973912,13.0490783],[77.5975882,13.0490694],[77.5977017,13.0490657],[77.5978409,13.0490592],[77.5978613,13.0490582],[77.5980956,13.0490504]]}},{"type":"Feature","properties":{"id":"417316018","name":"","highway":"residential","oneway":"no","maxspeed":""},"geometry":{"type":"LineString","coordinates":[[77.5950652,13.0490908],[77.5951767,13.0490098],[77.595166,13.0488767],[77.5968825,13.0487399]]}},{"type":"Feature","properties":{"id":"417316282","name":"","highway":"residential","oneway":"no","maxspeed":""},"geometry":{"type":"LineString","coordinates":[[77.595166,13.0488767],[77.5951206,13.0485434],[77.5968052,13.0484343],[77.5968762,13.048426]]}},{"type":"Feature","properties":{"id":"417318124","name":"","highway":"residential","oneway":"no","maxspeed":""},"geometry":{"type":"LineString","coordinates":[[77.5990997,13.0474382],[77.5990501,13.0471904],[77.5987413,13.0472122],[77.5984262,13.0471899],[77.5979469,13.0471642]]}},{"type":"Feature","properties":{"id":"417318653","name":"","highway":"residential","oneway":"no","maxspeed":""},"geometry":{"type":"LineString","coordinates":[[77.5968654,13.0491562],[77.5968937,13.0490806],[77.5968825,13.0487399],[77.5968762,13.048426],[77.5968755,13.0480568],[77.5968713,13.0477473]]}},{"type":"Feature","properties":{"id":"419803427","name":"60 Feet Road","highway":"tertiary","oneway":"no","maxspeed":""},"geometry":{"type":"LineString","coordinates":[[77.5868327,13.0637166],[77.5873424,13.0637263],[77.5886009,13.063748],[77.5888213,13.0637526],[77.5897114,13.063751],[77.5900542,13.0637459],[77.5903159,13.0636698],[77.5905901,13.0635904],[77.5910304,13.0634629],[77.5912502,13.0633863]]}},{"type":"Feature","properties":{"id":"448084333","name":"Royal Enclave Road","highway":"residential","oneway":"no","maxspeed":"40"},"geometry":{"type":"LineString","coordinates":[[77.6194614,13.0605668],[77.6194104,13.0608806],[77.6192306,13.06086],[77.6188065,13.060813],[77.6182037,13.0607332]]}},{"type":"Feature","properties":{"id":"455667171","name":"Saint Anns Church Road","highway":"residential","oneway":"no","maxspeed":""},"geometry":{"type":"LineString","coordinates":[[77.6203774,13.0614781],[77.6205536,13.0614761],[77.6206251,13.0614744],[77.6209373,13.0614844],[77.6213417,13.0615112],[77.6216584,13.0615523],[77.6223722,13.061515],[77.6226051,13.0615028],[77.622722,13.0614987],[77.6228233,13.0614882],[77.6230882,13.061479],[77.6233091,13.0614689],[77.6234823,13.0614516],[77.6235212,13.0614477],[77.6236064,13.0614392],[77.6239341,13.0614064],[77.6241341,13.0613904]]}},{"type":"Feature","properties":{"id":"456379821","name":"","highway":"residential","oneway":"no","maxspeed":""},"geometry":{"type":"LineString","coordinates":[[77.6243291,13.066514],[77.6238984,13.0660421],[77.623472,13.0655802],[77.6233596,13.0654585],[77.6232721,13.0654017],[77.6231532,13.065382],[77.6230294,13.0653815],[77.6229629,13.0653812],[77.622615,13.0653797],[77.6223277,13.0653784],[77.6221748,13.0653777],[77.621827,13.0653471],[77.6205908,13.0653973]]}},{"type":"Feature","properties":{"id":"456555188","name":"","highway":"residential","oneway":"no","maxspeed":""},"geometry":{"type":"LineString","coordinates":[[77.6220786,13.051003],[77.6224892,13.050906],[77.6249937,13.0503746],[77.6250172,13.0505034]]}},{"type":"Feature","properties":{"id":"456555194","name":"","highway":"service","oneway":"no","maxspeed":""},"geometry":{"type":"LineString","coordinates":[[77.6224892,13.050906],[77.6223025,13.0501677],[77.6221573,13.0501868]]}},{"type":"Feature","properties":{"id":"456555195","name":"","highway":"service","oneway":"yes","maxspeed":""},"geometry":{"type":"LineString","coordinates":[[77.6221288,13.0500777],[77.622432,13.0500263],[77.6224555,13.0501403],[77.6224653,13.0501875],[77.6225499,13.050701],[77.6226038,13.0507448],[77.6226846,13.0507491],[77.6240798,13.0504095],[77.624124,13.050351],[77.6240998,13.0502387],[77.6240252,13.0499439],[77.6238021,13.0490628],[77.6237673,13.0489871],[77.6237109,13.0489426],[77.6235822,13.0489453],[77.6234347,13.0490027],[77.6232603,13.0490707],[77.623204,13.0491465],[77.6231557,13.0492013],[77.623094,13.0492484],[77.6229505,13.0493062],[77.6228929,13.0493294],[77.6226112,13.0493999],[77.6223375,13.0494749],[77.621813,13.0495978]]}},{"type":"Feature","properties":{"id":"456709743","name":"2nd A Cross Road","highway":"residential","oneway":"no","maxspeed":""},"geometry":{"type":"LineString","coordinates":[[77.6209895,13.0527381],[77.6209824,13.0520755]]}},{"type":"Feature","properties":{"id":"456709744","name":"2nd Cross Road","highway":"residential","oneway":"no","maxspeed":""},"geometry":{"type":"LineString","coordinates":[[77.6219357,13.0536567],[77.6219386,13.0537121],[77.6219462,13.0548053],[77.6219502,13.0555913]]}},{"type":"Feature","properties":{"id":"456883010","name":"1st Main Road","highway":"residential","oneway":"no","maxspeed":""},"geometry":{"type":"LineString","coordinates":[[77.6247628,13.0520162],[77.6242029,13.0520265],[77.6236686,13.0520287],[77.6231298,13.0520369],[77.6226025,13.0520576],[77.6220538,13.0520598],[77.6215067,13.0520655],[77.6209824,13.0520755],[77.6204281,13.0521043],[77.6203343,13.0521048],[77.6199643,13.0521193]]}},{"type":"Feature","properties":{"id":"456883011","name":"Residency Road","highway":"tertiary","oneway":"yes","maxspeed":""},"geometry":{"type":"LineString","coordinates":[[77.6199273,13.0522343],[77.6203393,13.052791],[77.6205336,13.053045],[77.6211278,13.0536137]]}},{"type":"Feature","properties":{"id":"456883012","name":"","highway":"residential","oneway":"no","maxspeed":""},"geometry":{"type":"LineString","coordinates":[[77.6247399,13.0551983],[77.6242906,13.0551984],[77.6238546,13.0551904],[77.6234365,13.0551908]]}},{"type":"Feature","properties":{"id":"456883013","name":"","highway":"tertiary","oneway":"yes","maxspeed":""},"geometry":{"type":"LineString","coordinates":[[77.6199479,13.0520914],[77.6198593,13.0518665],[77.619782,13.051709],[77.6197332,13.0515373],[77.6196662,13.051365],[77.6195092,13.050811]]}},{"type":"Feature","properties":{"id":"458681911","name":"Bhoopasandra Main Road","highway":"tertiary","oneway":"no","maxspeed":""},"geometry":{"type":"LineString","coordinates":[[77.58117,13.0424339],[77.5812468,13.0424213],[77.5817424,13.0423397],[77.5818056,13.0423293],[77.5819625,13.0423034],[77.5821958,13.042265],[77.5823741,13.042236],[77.5824532,13.0422232],[77.5827201,13.0421759],[77.5828788,13.0421465],[77.5836598,13.0420012],[77.5841153,13.0419169],[77.5856514,13.0417363],[77.5874285,13.0415274],[77.5880445,13.041455],[77.5894782,13.0412727],[77.5895455,13.0412642]]}},{"type":"Feature","properties":{"id":"460437119","name":"","highway":"residential","oneway":"no","maxspeed":""},"geometry":{"type":"LineString","coordinates":[[77.6049047,13.0555112],[77.604972,13.0561438],[77.6050506,13.0567475],[77.6051257,13.05738],[77.6051666,13.0579819],[77.6050723,13.059193]]}},{"type":"Feature","properties":{"id":"460437120","name":"","highway":"residential","oneway":"no","maxspeed":""},"geometry":{"type":"LineString","coordinates":[[77.605209,13.0555088],[77.605287,13.0562713],[77.605339,13.0567292],[77.6053754,13.0570505],[77.6054427,13.057678],[77.6054608,13.0580124]]}},{"type":"Feature","properties":{"id":"460437121","name":"","highway":"residential","oneway":"no","maxspeed":""},"geometry":{"type":"LineString","coordinates":[[77.6055098,13.0555065],[77.6056503,13.056726],[77.6057364,13.0576435],[77.6057775,13.0580331]]}},{"type":"Feature","properties":{"id":"460437122","name":"","highway":"residential","oneway":"no","maxspeed":""},"geometry":{"type":"LineString","coordinates":[[77.6058596,13.0555038],[77.6059436,13.0562039],[77.605893,13.0563346],[77.6059467,13.056717]]}},{"type":"Feature","properties":{"id":"460437123","name":"","highway":"residential","oneway":"no","maxspeed":""},"geometry":{"type":"LineString","coordinates":[[77.6063302,13.0580691],[77.6062668,13.0573879],[77.6062534,13.0572445],[77.6062036,13.0567092],[77.6061611,13.0560748]]}},{"type":"Feature","properties":{"id":"460437124","name":"","highway":"residential","oneway":"no","maxspeed":""},"geometry":{"type":"LineString","coordinates":[[77.6064297,13.0607564],[77.6064791,13.0602273],[77.6065768,13.0591814],[77.6066225,13.0586805],[77.6066792,13.0580841],[77.6066177,13.0572417]]}},{"type":"Feature","properties":{"id":"460437125","name":"","highway":"residential","oneway":"no","maxspeed":""},"geometry":{"type":"LineString","coordinates":[[77.6067712,13.0607486],[77.606807,13.0602498],[77.6068968,13.0591989],[77.6070139,13.0580936]]}},{"type":"Feature","properties":{"id":"460437126","name":"","highway":"residential","oneway":"no","maxspeed":""},"geometry":{"type":"LineString","coordinates":[[77.6046269,13.0581218],[77.6044258,13.0577821],[77.6043186,13.0566742]]}},{"type":"Feature","properties":{"id":"464004470","name":"","highway":"residential","oneway":"no","maxspeed":""},"geometry":{"type":"LineString","coordinates":[[77.6041747,13.0674453],[77.6041717,13.0674079],[77.604145,13.0670785],[77.6041428,13.0670448],[77.6041286,13.0668225],[77.6041203,13.0666938],[77.6041219,13.0665194],[77.6041252,13.0661697]]}},{"type":"Feature","properties":{"id":"464004471","name":"","highway":"residential","oneway":"no","maxspeed":""},"geometry":{"type":"LineString","coordinates":[[77.6038814,13.0686573],[77.6038537,13.0679585],[77.6038389,13.0665159]]}},{"type":"Feature","properties":{"id":"464004472","name":"","highway":"residential","oneway":"no","maxspeed":""},"geometry":{"type":"LineString","coordinates":[[77.6049524,13.0682541],[77.6049363,13.0679766],[77.6049079,13.0673759],[77.6049122,13.0671125],[77.6049199,13.0667951],[77.6049268,13.0665112],[77.6049341,13.0662132],[77.6049305,13.0659395],[77.6049303,13.0659273]]}},{"type":"Feature","properties":{"id":"464004475","name":"","highway":"residential","oneway":"no","maxspeed":""},"geometry":{"type":"LineString","coordinates":[[77.6043202,13.066206],[77.6044067,13.066207],[77.6049341,13.0662132]]}},{"type":"Feature","properties":{"id":"464004476","name":"","highway":"residential","oneway":"no","maxspeed":""},"geometry":{"type":"LineString","coordinates":[[77.604426,13.067112],[77.6044165,13.0673911]]}},{"type":"Feature","properties":{"id":"464004477","name":"","highway":"residential","oneway":"no","maxspeed":""},"geometry":{"type":"LineString","coordinates":[[77.6044165,13.0673911],[77.6049079,13.0673759]]}},{"type":"Feature","properties":{"id":"464004478","name":"","highway":"residential","oneway":"no","maxspeed":""},"geometry":{"type":"LineString","coordinates":[[77.604426,13.067112],[77.6049122,13.0671125]]}},{"type":"Feature","properties":{"id":"464004479","name":"","highway":"residential","oneway":"no","maxspeed":""},"geometry":{"type":"LineString","coordinates":[[77.6044418,13.066812],[77.6049199,13.0667951]]}},{"type":"Feature","properties":{"id":"464004480","name":"","highway":"residential","oneway":"no","maxspeed":""},"geometry":{"type":"LineString","coordinates":[[77.6044216,13.0665207],[77.6044685,13.0665198],[77.6049268,13.0665112]]}},{"type":"Feature","properties":{"id":"464004481","name":"","highway":"residential","oneway":"no","maxspeed":""},"geometry":{"type":"LineString","coordinates":[[77.6049303,13.0659273],[77.6044036,13.0659249],[77.6043227,13.0659245]]}},{"type":"Feature","properties":{"id":"465286605","name":"","highway":"residential","oneway":"no","maxspeed":""},"geometry":{"type":"LineString","coordinates":[[77.5982123,13.0567197],[77.597567,13.0568907],[77.5973084,13.0569652],[77.5970136,13.0570374],[77.596657,13.0571258]]}},{"type":"Feature","properties":{"id":"473087884","name":"","highway":"residential","oneway":"no","maxspeed":""},"geometry":{"type":"LineString","coordinates":[[77.6102221,13.0601336],[77.6102352,13.0603646],[77.6102527,13.0604034],[77.6103071,13.0604274],[77.6108874,13.0603898],[77.6110142,13.0603877],[77.6110454,13.0603743],[77.611059,13.0603439],[77.6110644,13.0602503],[77.6123049,13.0601344],[77.6124489,13.0601526],[77.6125402,13.0601631]]}},{"type":"Feature","properties":{"id":"473087885","name":"","highway":"residential","oneway":"no","maxspeed":""},"geometry":{"type":"LineString","coordinates":[[77.6110644,13.0602503],[77.6110322,13.0600415],[77.6110455,13.059771],[77.6110586,13.0597233],[77.6111007,13.0597169],[77.6114012,13.0597674],[77.611731,13.0598098]]}},{"type":"Feature","properties":{"id":"473087886","name":"","highway":"residential","oneway":"no","maxspeed":""},"geometry":{"type":"LineString","coordinates":[[77.6114012,13.0597674],[77.6114522,13.0594636],[77.6115086,13.0591278],[77.6115303,13.0589964],[77.6115394,13.0589412]]}},{"type":"Feature","properties":{"id":"473087887","name":"","highway":"residential","oneway":"no","maxspeed":""},"geometry":{"type":"LineString","coordinates":[[77.6114522,13.0594636],[77.6119615,13.0595907]]}},{"type":"Feature","properties":{"id":"473087888","name":"","highway":"residential","oneway":"no","maxspeed":""},"geometry":{"type":"LineString","coordinates":[[77.6105386,13.0587906],[77.6115303,13.0589964]]}},{"type":"Feature","properties":{"id":"473087889","name":"","highway":"residential","oneway":"no","maxspeed":""},"geometry":{"type":"LineString","coordinates":[[77.6115086,13.0591278],[77.6117739,13.0591812]]}},{"type":"Feature","properties":{"id":"473087890","name":"","highway":"residential","oneway":"no","maxspeed":""},"geometry":{"type":"LineString","coordinates":[[77.6116197,13.0577657],[77.6116262,13.0575454],[77.6116247,13.0574669],[77.6116221,13.0573335],[77.6115647,13.0570029],[77.6114809,13.0567241]]}},{"type":"Feature","properties":{"id":"473087891","name":"","highway":"residential","oneway":"no","maxspeed":""},"geometry":{"type":"LineString","coordinates":[[77.6116247,13.0574669],[77.6120634,13.057472],[77.6121105,13.0574726],[77.6123416,13.0574753],[77.6123443,13.0570874],[77.612268,13.057085]]}},{"type":"Feature","properties":{"id":"473087892","name":"","highway":"residential","oneway":"no","maxspeed":""},"geometry":{"type":"LineString","coordinates":[[77.6121105,13.0574726],[77.6121087,13.0570816]]}},{"type":"Feature","properties":{"id":"473087893","name":"","highway":"residential","oneway":"no","maxspeed":""},"geometry":{"type":"LineString","coordinates":[[77.612268,13.057085],[77.6121087,13.0570816],[77.611925,13.057089]]}},{"type":"Feature","properties":{"id":"473087894","name":"","highway":"residential","oneway":"no","maxspeed":""},"geometry":{"type":"LineString","coordinates":[[77.6115615,13.0565102],[77.6116748,13.0565426],[77.6119148,13.0565747],[77.6122777,13.0566004],[77.6126889,13.0566126],[77.613068,13.0565918]]}},{"type":"Feature","properties":{"id":"473087895","name":"","highway":"residential","oneway":"no","maxspeed":""},"geometry":{"type":"LineString","coordinates":[[77.6117096,13.0555247],[77.6119384,13.0555452],[77.6121587,13.0555452],[77.612245,13.0555361],[77.6124437,13.0555152],[77.6124689,13.055512],[77.6128191,13.0554669],[77.6129842,13.0554648],[77.613302,13.0554316],[77.6135482,13.0553703]]}},{"type":"Feature","properties":{"id":"473087896","name":"","highway":"residential","oneway":"no","maxspeed":""},"geometry":{"type":"LineString","coordinates":[[77.6130802,13.0567812],[77.613068,13.0565918],[77.6130514,13.0561874],[77.6130615,13.0560825],[77.6138162,13.0559995],[77.6138192,13.05613],[77.6138248,13.0563782],[77.613829,13.056562],[77.6138249,13.0567822],[77.6138189,13.0567972],[77.6138063,13.0568004],[77.6135635,13.0567829],[77.6131765,13.0567753],[77.6130802,13.0567812]]}},{"type":"Feature","properties":{"id":"473087897","name":"","highway":"service","oneway":"no","maxspeed":""},"geometry":{"type":"LineString","coordinates":[[77.613006,13.0560563],[77.6128681,13.0559572],[77.6128429,13.0557052]]}},{"type":"Feature","properties":{"id":"473087899","name":"","highway":"residential","oneway":"no","maxspeed":""},"geometry":{"type":"LineString","coordinates":[[77.6138162,13.0559995],[77.6138224,13.0557728]]}},{"type":"Feature","properties":{"id":"473087900","name":"","highway":"residential","oneway":"no","maxspeed":""},"geometry":{"type":"LineString","coordinates":[[77.6138248,13.0563782],[77.6148261,13.0563857]]}},{"type":"Feature","properties":{"id":"473087901","name":"","highway":"residential","oneway":"no","maxspeed":""},"geometry":{"type":"LineString","coordinates":[[77.6138192,13.05613],[77.6148307,13.0561361]]}},{"type":"Feature","properties":{"id":"473087903","name":"","highway":"residential","oneway":"no","maxspeed":""},"geometry":{"type":"LineString","coordinates":[[77.6130406,13.0601733],[77.6130971,13.0599046],[77.6130703,13.0594265],[77.6130558,13.0593555],[77.6130177,13.0591689]]}},{"type":"Feature","properties":{"id":"473087904","name":"","highway":"residential","oneway":"no","maxspeed":""},"geometry":{"type":"LineString","coordinates":[[77.6131734,13.058171],[77.6130809,13.0581316],[77.6129884,13.0580111],[77.6129933,13.0572799]]}},{"type":"Feature","properties":{"id":"473087905","name":"","highway":"residential","oneway":"no","maxspeed":""},"geometry":{"type":"LineString","coordinates":[[77.6131734,13.058171],[77.6132624,13.0582106],[77.6132871,13.0582153],[77.6133361,13.0582148],[77.6133664,13.0581998],[77.6133877,13.0581829],[77.613407,13.058166],[77.6134283,13.0581432],[77.6134471,13.0581183],[77.6134623,13.0580905],[77.6134709,13.0580626],[77.6134721,13.0579507],[77.6134709,13.0579177],[77.6134872,13.0578927],[77.6135304,13.0578699],[77.6135876,13.057854],[77.6136717,13.0578404],[77.613744,13.0578174],[77.613762,13.0578045],[77.6137739,13.0577818],[77.6137813,13.0575987],[77.6137818,13.057587],[77.6137941,13.0574273],[77.6137954,13.0574106],[77.6138177,13.0573713],[77.6139036,13.0573203],[77.6139723,13.0572624]]}},{"type":"Feature","properties":{"id":"473087916","name":"","highway":"residential","oneway":"no","maxspeed":""},"geometry":{"type":"LineString","coordinates":[[77.6115603,13.062029],[77.6114871,13.0618119],[77.6113563,13.0614241],[77.611142,13.0607177]]}},{"type":"Feature","properties":{"id":"473087917","name":"","highway":"residential","oneway":"no","maxspeed":""},"geometry":{"type":"LineString","coordinates":[[77.6112551,13.0622752],[77.611089,13.0617558],[77.6109847,13.0614445],[77.6108645,13.0610636],[77.6109441,13.0609722],[77.6109152,13.0607472],[77.6108874,13.0603898]]}},{"type":"Feature","properties":{"id":"473087922","name":"","highway":"residential","oneway":"no","maxspeed":""},"geometry":{"type":"LineString","coordinates":[[77.6092489,13.0622654],[77.6095452,13.0622685]]}},{"type":"Feature","properties":{"id":"473087924","name":"","highway":"residential","oneway":"no","maxspeed":""},"geometry":{"type":"LineString","coordinates":[[77.6165538,13.0679721],[77.6166018,13.0678227],[77.6167044,13.0674987],[77.6167521,13.0673774],[77.6167757,13.0673173],[77.6168481,13.0672423],[77.6169017,13.0669843],[77.6169018,13.0669794],[77.6169036,13.066855]]}},{"type":"Feature","properties":{"id":"473087925","name":"","highway":"residential","oneway":"no","maxspeed":""},"geometry":{"type":"LineString","coordinates":[[77.6169018,13.0669794],[77.6170315,13.0669616],[77.61719,13.066924],[77.617373,13.066825],[77.6174486,13.0667816],[77.6175214,13.0667398],[77.617618,13.0666963],[77.6176916,13.0666587]]}},{"type":"Feature","properties":{"id":"473087926","name":"","highway":"residential","oneway":"no","maxspeed":""},"geometry":{"type":"LineString","coordinates":[[77.6147652,13.067839],[77.6148092,13.0675028],[77.6148108,13.0673963],[77.6148123,13.0672897],[77.6148108,13.0671057],[77.614786,13.0669644]]}},{"type":"Feature","properties":{"id":"473087927","name":"","highway":"residential","oneway":"no","maxspeed":""},"geometry":{"type":"LineString","coordinates":[[77.6151524,13.0667152],[77.615231,13.0657081]]}},{"type":"Feature","properties":{"id":"473087928","name":"","highway":"residential","oneway":"no","maxspeed":""},"geometry":{"type":"LineString","coordinates":[[77.6154245,13.0670024],[77.6154372,13.0668387],[77.6155236,13.0657215]]}},{"type":"Feature","properties":{"id":"473087929","name":"","highway":"residential","oneway":"no","maxspeed":""},"geometry":{"type":"LineString","coordinates":[[77.6158171,13.0664866],[77.6158119,13.0657301]]}},{"type":"Feature","properties":{"id":"473087930","name":"","highway":"residential","oneway":"no","maxspeed":""},"geometry":{"type":"LineString","coordinates":[[77.6160974,13.0664156],[77.6160851,13.0657292]]}},{"type":"Feature","properties":{"id":"473087931","name":"","highway":"residential","oneway":"no","maxspeed":""},"geometry":{"type":"LineString","coordinates":[[77.6162828,13.0664221],[77.6162859,13.0662962],[77.6162743,13.0657286]]}},{"type":"Feature","properties":{"id":"473087932","name":"","highway":"residential","oneway":"yes","maxspeed":""},"geometry":{"type":"LineString","coordinates":[[77.616875,13.0658818],[77.6168539,13.0658822],[77.616729,13.0658893],[77.6167271,13.0659294],[77.6167215,13.0660708],[77.6166104,13.0660719],[77.6165663,13.0660679],[77.6165336,13.0661202],[77.6165398,13.0663497],[77.6165382,13.0664266],[77.6165837,13.066432],[77.6170644,13.0664091]]}},{"type":"Feature","properties":{"id":"473087933","name":"","highway":"residential","oneway":"no","maxspeed":""},"geometry":{"type":"LineString","coordinates":[[77.6174486,13.0667816],[77.617495,13.0671958],[77.6175594,13.0671958],[77.6175876,13.0674165]]}},{"type":"Feature","properties":{"id":"473087938","name":"","highway":"residential","oneway":"no","maxspeed":""},"geometry":{"type":"LineString","coordinates":[[77.6195091,13.0682755],[77.6195634,13.0681779],[77.6196443,13.0680346],[77.6196107,13.0678281],[77.6195796,13.0676367],[77.6195619,13.067528],[77.6195233,13.0672903],[77.6195168,13.0672505],[77.6194869,13.0670667],[77.6194534,13.0668605],[77.6193559,13.0662606]]}},{"type":"Feature","properties":{"id":"473087941","name":"","highway":"residential","oneway":"no","maxspeed":""},"geometry":{"type":"LineString","coordinates":[[77.6187864,13.0676298],[77.6189262,13.0676114],[77.6195619,13.067528]]}},{"type":"Feature","properties":{"id":"473087943","name":"","highway":"residential","oneway":"no","maxspeed":""},"geometry":{"type":"LineString","coordinates":[[77.6189262,13.0676114],[77.6188963,13.0674377],[77.6188682,13.0672748]]}},{"type":"Feature","properties":{"id":"473087947","name":"","highway":"residential","oneway":"no","maxspeed":""},"geometry":{"type":"LineString","coordinates":[[77.6209017,13.0686317],[77.6205859,13.0686723],[77.6205226,13.0682459],[77.6205057,13.0681316],[77.6204611,13.0678312],[77.6204502,13.0677576],[77.6204256,13.0675685],[77.6204069,13.0674245],[77.6203806,13.0672225],[77.6203689,13.0671326],[77.6203488,13.0669786],[77.6203301,13.0668348],[77.6203258,13.0668015],[77.6203192,13.0667575],[77.6203014,13.0666386],[77.6202922,13.066577],[77.6202887,13.0665534],[77.6202936,13.0664467],[77.6202962,13.0663885],[77.6202967,13.0663783],[77.6203127,13.0661723],[77.6203216,13.065971],[77.6203408,13.065682]]}},{"type":"Feature","properties":{"id":"473087949","name":"","highway":"residential","oneway":"no","maxspeed":""},"geometry":{"type":"LineString","coordinates":[[77.6203127,13.0661723],[77.6208676,13.0661589]]}},{"type":"Feature","properties":{"id":"473087963","name":"","highway":"residential","oneway":"no","maxspeed":""},"geometry":{"type":"LineString","coordinates":[[77.61706,13.0624458],[77.6171328,13.0617407],[77.6172427,13.0606754],[77.6172608,13.0606392]]}},{"type":"Feature","properties":{"id":"473087964","name":"","highway":"residential","oneway":"no","maxspeed":""},"geometry":{"type":"LineString","coordinates":[[77.6179984,13.0627397],[77.6180923,13.0618224],[77.6182037,13.0607332]]}},{"type":"Feature","properties":{"id":"473087966","name":"","highway":"residential","oneway":"no","maxspeed":""},"geometry":{"type":"LineString","coordinates":[[77.6172608,13.0606392],[77.6172942,13.0606281],[77.6176316,13.0606671],[77.6182037,13.0607332]]}},{"type":"Feature","properties":{"id":"473087968","name":"","highway":"residential","oneway":"no","maxspeed":""},"geometry":{"type":"LineString","coordinates":[[77.618993,13.0603675],[77.6194501,13.0604149]]}},{"type":"Feature","properties":{"id":"473087969","name":"","highway":"residential","oneway":"no","maxspeed":""},"geometry":{"type":"LineString","coordinates":[[77.6166832,13.0633696],[77.6167583,13.0627321],[77.6170272,13.0627638],[77.6170812,13.0627702],[77.6171058,13.0627676],[77.6171411,13.0627532],[77.6172129,13.0627014],[77.6172405,13.0626881],[77.617275,13.0626878],[77.6174005,13.0626968],[77.6179984,13.0627397],[77.6185547,13.0627761],[77.6186072,13.0627796],[77.6186483,13.0627688]]}},{"type":"Feature","properties":{"id":"473087971","name":"","highway":"residential","oneway":"no","maxspeed":""},"geometry":{"type":"LineString","coordinates":[[77.6188065,13.060813],[77.6186941,13.0623177],[77.6186627,13.0627411],[77.6186483,13.0627688]]}},{"type":"Feature","properties":{"id":"473087973","name":"","highway":"residential","oneway":"no","maxspeed":""},"geometry":{"type":"LineString","coordinates":[[77.6148301,13.0656201],[77.614924,13.0648604]]}},{"type":"Feature","properties":{"id":"473087975","name":"","highway":"residential","oneway":"no","maxspeed":""},"geometry":{"type":"LineString","coordinates":[[77.6151608,13.0657049],[77.6152961,13.0648109]]}},{"type":"Feature","properties":{"id":"473087976","name":"","highway":"residential","oneway":"no","maxspeed":""},"geometry":{"type":"LineString","coordinates":[[77.6152961,13.0648109],[77.6157624,13.0648532],[77.6158119,13.0657301]]}},{"type":"Feature","properties":{"id":"473087978","name":"","highway":"residential","oneway":"no","maxspeed":""},"geometry":{"type":"LineString","coordinates":[[77.6160851,13.0657292],[77.6160685,13.0653533],[77.6160613,13.0651898]]}},{"type":"Feature","properties":{"id":"473087980","name":"","highway":"residential","oneway":"no","maxspeed":""},"geometry":{"type":"LineString","coordinates":[[77.6172087,13.0657508],[77.6172796,13.0656136],[77.6173355,13.0656064],[77.6177355,13.0655554],[77.6181057,13.0655195],[77.618086,13.065352],[77.6180584,13.0651279]]}},{"type":"Feature","properties":{"id":"473087981","name":"","highway":"residential","oneway":"no","maxspeed":""},"geometry":{"type":"LineString","coordinates":[[77.6177355,13.0655554],[77.6176324,13.0646484]]}},{"type":"Feature","properties":{"id":"473087983","name":"","highway":"residential","oneway":"no","maxspeed":""},"geometry":{"type":"LineString","coordinates":[[77.6173355,13.0656064],[77.6172986,13.0654683],[77.617184,13.0642885]]}},{"type":"Feature","properties":{"id":"473087987","name":"","highway":"residential","oneway":"no","maxspeed":""},"geometry":{"type":"LineString","coordinates":[[77.6184708,13.0658668],[77.6185008,13.0662607],[77.6188441,13.0662488]]}},{"type":"Feature","properties":{"id":"473087988","name":"","highway":"residential","oneway":"no","maxspeed":""},"geometry":{"type":"LineString","coordinates":[[77.6188646,13.0664165],[77.6188441,13.0662488],[77.6189026,13.0656752],[77.6189159,13.0655286],[77.6189185,13.0654993],[77.6189174,13.0654795],[77.6189088,13.0653202],[77.6189118,13.0651424],[77.6189051,13.0651254],[77.618891,13.0651136],[77.618558,13.0651033],[77.6184948,13.0651014]]}},{"type":"Feature","properties":{"id":"473087991","name":"","highway":"residential","oneway":"no","maxspeed":""},"geometry":{"type":"LineString","coordinates":[[77.618086,13.065352],[77.6185005,13.0653331],[77.6187158,13.0653237],[77.6189088,13.0653202]]}},{"type":"Feature","properties":{"id":"473087993","name":"","highway":"residential","oneway":"no","maxspeed":""},"geometry":{"type":"LineString","coordinates":[[77.6191469,13.0654748],[77.6191148,13.0652998],[77.6189622,13.0646521]]}},{"type":"Feature","properties":{"id":"473087998","name":"","highway":"residential","oneway":"no","maxspeed":""},"geometry":{"type":"LineString","coordinates":[[77.6185674,13.0649407],[77.6184225,13.0641628],[77.6183998,13.0639808],[77.6184745,13.0634031]]}},{"type":"Feature","properties":{"id":"473088001","name":"","highway":"residential","oneway":"no","maxspeed":""},"geometry":{"type":"LineString","coordinates":[[77.6189622,13.0646521],[77.6189119,13.0644021],[77.6188652,13.0640912],[77.6188347,13.0637961]]}},{"type":"Feature","properties":{"id":"473088003","name":"","highway":"residential","oneway":"no","maxspeed":""},"geometry":{"type":"LineString","coordinates":[[77.6188347,13.0637961],[77.6188826,13.0634371]]}},{"type":"Feature","properties":{"id":"473088004","name":"","highway":"residential","oneway":"no","maxspeed":""},"geometry":{"type":"LineString","coordinates":[[77.6166648,13.0657274],[77.6166111,13.0650379],[77.616595,13.0647139],[77.6166308,13.0641966],[77.6166326,13.0641704],[77.6166822,13.0641391],[77.6167466,13.0641143],[77.6172535,13.0641064],[77.6172911,13.0640803],[77.6173055,13.0640459],[77.6173146,13.0638955],[77.6173504,13.0633023],[77.6174005,13.0626968]]}},{"type":"Feature","properties":{"id":"473088006","name":"5th Cross Road","highway":"residential","oneway":"no","maxspeed":""},"geometry":{"type":"LineString","coordinates":[[77.6173504,13.0633023],[77.6184745,13.0634031]]}},{"type":"Feature","properties":{"id":"473088008","name":"5th Cross Road","highway":"residential","oneway":"no","maxspeed":""},"geometry":{"type":"LineString","coordinates":[[77.6184745,13.0634031],[77.6188826,13.0634371],[77.6192218,13.0634268],[77.6193134,13.0634189],[77.6197239,13.0634014],[77.6200968,13.0633881]]}},{"type":"Feature","properties":{"id":"473088010","name":"","highway":"residential","oneway":"no","maxspeed":""},"geometry":{"type":"LineString","coordinates":[[77.619757,13.0643876],[77.6197239,13.0634014],[77.6196978,13.0629984]]}},{"type":"Feature","properties":{"id":"473088012","name":"","highway":"residential","oneway":"no","maxspeed":""},"geometry":{"type":"LineString","coordinates":[[77.620602,13.0641648],[77.6201381,13.0641879],[77.6200968,13.0633881],[77.6200857,13.063008]]}},{"type":"Feature","properties":{"id":"473088029","name":"","highway":"residential","oneway":"yes","maxspeed":""},"geometry":{"type":"LineString","coordinates":[[77.6230882,13.061479],[77.6230982,13.0615455],[77.6231047,13.0616158],[77.6232699,13.0633943],[77.6230221,13.0634206],[77.6228398,13.0616285],[77.6228325,13.061557],[77.6228233,13.0614882]]}},{"type":"Feature","properties":{"id":"473088031","name":"","highway":"residential","oneway":"no","maxspeed":""},"geometry":{"type":"LineString","coordinates":[[77.6234863,13.0634036],[77.6234052,13.0625296],[77.6233091,13.0614689]]}},{"type":"Feature","properties":{"id":"473088033","name":"","highway":"residential","oneway":"no","maxspeed":""},"geometry":{"type":"LineString","coordinates":[[77.6237243,13.0625113],[77.6236064,13.0614392]]}},{"type":"Feature","properties":{"id":"473088035","name":"","highway":"residential","oneway":"no","maxspeed":""},"geometry":{"type":"LineString","coordinates":[[77.6227996,13.0624029],[77.622722,13.0614987]]}},{"type":"Feature","properties":{"id":"473088038","name":"","highway":"residential","oneway":"no","maxspeed":""},"geometry":{"type":"LineString","coordinates":[[77.6240328,13.0624904],[77.6239341,13.0614064]]}},{"type":"Feature","properties":{"id":"473088048","name":"","highway":"residential","oneway":"no","maxspeed":""},"geometry":{"type":"LineString","coordinates":[[77.6244796,13.0645148],[77.6247207,13.06445],[77.625051,13.0643373],[77.6252879,13.0642661],[77.6253124,13.0642283],[77.625258,13.0640399],[77.6252005,13.0638775],[77.6251329,13.0636891],[77.6250915,13.0636789],[77.6248597,13.0637549],[77.6246935,13.0638095],[77.6245235,13.0638652],[77.6242854,13.0639433],[77.6242671,13.0639738],[77.6244485,13.0645026],[77.6244796,13.0645148]]}},{"type":"Feature","properties":{"id":"473088050","name":"","highway":"residential","oneway":"no","maxspeed":""},"geometry":{"type":"LineString","coordinates":[[77.6247207,13.06445],[77.6245235,13.0638652]]}},{"type":"Feature","properties":{"id":"473088054","name":"","highway":"residential","oneway":"no","maxspeed":""},"geometry":{"type":"LineString","coordinates":[[77.6246935,13.0638095],[77.6244902,13.0631607]]}},{"type":"Feature","properties":{"id":"490075168","name":"","highway":"residential","oneway":"no","maxspeed":""},"geometry":{"type":"LineString","coordinates":[[77.5994692,13.0564271],[77.5995224,13.056699],[77.5995899,13.0570154]]}},{"type":"Feature","properties":{"id":"490075169","name":"","highway":"residential","oneway":"no","maxspeed":""},"geometry":{"type":"LineString","coordinates":[[77.5994692,13.0564271],[77.5993603,13.0558038],[77.5992375,13.0552619]]}},{"type":"Feature","properties":{"id":"490075171","name":"","highway":"residential","oneway":"no","maxspeed":""},"geometry":{"type":"LineString","coordinates":[[77.5995224,13.056699],[77.6000242,13.0565568]]}},{"type":"Feature","properties":{"id":"491335692","name":"","highway":"service","oneway":"no","maxspeed":""},"geometry":{"type":"LineString","coordinates":[[77.619782,13.051709],[77.6198674,13.051694],[77.6200457,13.0516627],[77.6200712,13.0515974],[77.6206719,13.0514754],[77.6208773,13.0514337],[77.6208685,13.0513996],[77.6208589,13.0513621]]}},{"type":"Feature","properties":{"id":"491335693","name":"","highway":"service","oneway":"yes","maxspeed":""},"geometry":{"type":"LineString","coordinates":[[77.6206618,13.0506842],[77.6206466,13.0506191],[77.6214653,13.0504101],[77.6214403,13.0503133]]}},{"type":"Feature","properties":{"id":"505041899","name":"","highway":"residential","oneway":"no","maxspeed":""},"geometry":{"type":"LineString","coordinates":[[77.6195619,13.067528],[77.6204069,13.0674245]]}},{"type":"Feature","properties":{"id":"505041900","name":"","highway":"residential","oneway":"no","maxspeed":""},"geometry":{"type":"LineString","coordinates":[[77.6203806,13.0672225],[77.6195233,13.0672903]]}},{"type":"Feature","properties":{"id":"505041901","name":"","highway":"residential","oneway":"no","maxspeed":""},"geometry":{"type":"LineString","coordinates":[[77.6194534,13.0668605],[77.6203192,13.0667575]]}},{"type":"Feature","properties":{"id":"505041902","name":"","highway":"residential","oneway":"no","maxspeed":""},"geometry":{"type":"LineString","coordinates":[[77.6203014,13.0666386],[77.6197672,13.0666851],[77.6197459,13.0666812],[77.6197385,13.0666579],[77.6196949,13.0663632],[77.6197096,13.0663341],[77.6197518,13.0663203],[77.6197682,13.0663222],[77.6197717,13.0662008]]}},{"type":"Feature","properties":{"id":"505041903","name":"","highway":"residential","oneway":"no","maxspeed":""},"geometry":{"type":"LineString","coordinates":[[77.6203488,13.0669786],[77.6194869,13.0670667]]}},{"type":"Feature","properties":{"id":"505041904","name":"","highway":"residential","oneway":"no","maxspeed":""},"geometry":{"type":"LineString","coordinates":[[77.6079742,13.0698394],[77.6079789,13.069798],[77.6080214,13.0694364],[77.6079385,13.0688476],[77.6079375,13.0684948],[77.6079538,13.0680801],[77.6079699,13.0679815],[77.6080924,13.06723]]}},{"type":"Feature","properties":{"id":"505280981","name":"","highway":"residential","oneway":"no","maxspeed":""},"geometry":{"type":"LineString","coordinates":[[77.6010556,13.0690074],[77.6008917,13.0681552],[77.6007743,13.0675444]]}},{"type":"Feature","properties":{"id":"505287919","name":"","highway":"residential","oneway":"no","maxspeed":""},"geometry":{"type":"LineString","coordinates":[[77.6005249,13.0666885],[77.5999165,13.0668078]]}},{"type":"Feature","properties":{"id":"505287920","name":"","highway":"residential","oneway":"yes","maxspeed":""},"geometry":{"type":"LineString","coordinates":[[77.5987464,13.0660656],[77.5985786,13.0662607],[77.598702,13.0668773],[77.5989233,13.0670327],[77.5995469,13.0668903],[77.5996725,13.0667435],[77.5996884,13.0664835],[77.5996107,13.0662004],[77.5996042,13.0660645],[77.5996006,13.0659879]]}},{"type":"Feature","properties":{"id":"505287921","name":"","highway":"residential","oneway":"no","maxspeed":""},"geometry":{"type":"LineString","coordinates":[[77.5996107,13.0662004],[77.5994113,13.0662201],[77.5993471,13.0662432],[77.5992982,13.0665703],[77.5990208,13.0666243],[77.5989572,13.0663577],[77.5990205,13.0662135],[77.5989422,13.0661532],[77.5987464,13.0660656]]}},{"type":"Feature","properties":{"id":"505287923","name":"","highway":"residential","oneway":"no","maxspeed":""},"geometry":{"type":"LineString","coordinates":[[77.6027005,13.066202],[77.6017603,13.0662672]]}},{"type":"Feature","properties":{"id":"505287925","name":"","highway":"residential","oneway":"no","maxspeed":""},"geometry":{"type":"LineString","coordinates":[[77.6027556,13.0659031],[77.6017391,13.0659866]]}},{"type":"Feature","properties":{"id":"505287926","name":"","highway":"residential","oneway":"no","maxspeed":""},"geometry":{"type":"LineString","coordinates":[[77.6017897,13.0665782],[77.6018124,13.0668638],[77.602672,13.0668175]]}},{"type":"Feature","properties":{"id":"505287929","name":"","highway":"residential","oneway":"no","maxspeed":""},"geometry":{"type":"LineString","coordinates":[[77.6017603,13.0662672],[77.6010012,13.0663483]]}},{"type":"Feature","properties":{"id":"505287930","name":"","highway":"residential","oneway":"no","maxspeed":""},"geometry":{"type":"LineString","coordinates":[[77.6010359,13.0656675],[77.6011074,13.065645],[77.6013081,13.0656212],[77.6015268,13.0655952],[77.6016787,13.0656001],[77.6017702,13.0653184],[77.6018057,13.0652033],[77.6018834,13.0650199],[77.6019374,13.0649837],[77.6023869,13.0649804],[77.6024786,13.064969],[77.6026849,13.0649588],[77.6027451,13.0649606],[77.6027688,13.0652273],[77.6027467,13.0656977]]}},{"type":"Feature","properties":{"id":"505287932","name":"","highway":"residential","oneway":"no","maxspeed":""},"geometry":{"type":"LineString","coordinates":[[77.6014164,13.0661145],[77.6014061,13.0660327],[77.6013799,13.065816]]}},{"type":"Feature","properties":{"id":"505287933","name":"Amruthahalli Main Road","highway":"residential","oneway":"no","maxspeed":""},"geometry":{"type":"LineString","coordinates":[[77.6032482,13.0656429],[77.6032893,13.0650134],[77.6033,13.0645222],[77.6035953,13.0645171],[77.6037258,13.0645109],[77.6038941,13.0645092],[77.6040422,13.064503],[77.6044203,13.0644784],[77.6045499,13.06447],[77.6048168,13.0644935],[77.6051117,13.0645078],[77.6052328,13.0645123],[77.6057891,13.0645327],[77.6061472,13.0645714],[77.6061788,13.0645748],[77.6063111,13.0645934],[77.6066637,13.0646344],[77.6070926,13.0646842],[77.6071945,13.0646953],[77.6075706,13.0647364],[77.6076666,13.0647469],[77.6079456,13.0647417],[77.6081548,13.0646581],[77.6082299,13.0646198],[77.6085793,13.0644416],[77.6087288,13.0643654],[77.608885,13.0642919],[77.6090775,13.0642348],[77.6093959,13.0641573]]}},{"type":"Feature","properties":{"id":"505287934","name":"","highway":"residential","oneway":"no","maxspeed":""},"geometry":{"type":"LineString","coordinates":[[77.6032617,13.0659851],[77.6035582,13.065907],[77.6038555,13.0658416],[77.6038758,13.0652486],[77.6038941,13.0645092]]}},{"type":"Feature","properties":{"id":"505287935","name":"","highway":"residential","oneway":"no","maxspeed":""},"geometry":{"type":"LineString","coordinates":[[77.6035582,13.065907],[77.6035582,13.0655515],[77.6035886,13.065005],[77.6035891,13.0649671],[77.6035953,13.0645171]]}},{"type":"Feature","properties":{"id":"505287936","name":"","highway":"living_street","oneway":"no","maxspeed":""},"geometry":{"type":"LineString","coordinates":[[77.6037246,13.064967],[77.6035891,13.0649671]]}},{"type":"Feature","properties":{"id":"505287937","name":"","highway":"residential","oneway":"no","maxspeed":""},"geometry":{"type":"LineString","coordinates":[[77.6038555,13.0658416],[77.6041145,13.0657732],[77.6042318,13.0657528],[77.6042916,13.0648501]]}},{"type":"Feature","properties":{"id":"505287938","name":"","highway":"residential","oneway":"no","maxspeed":""},"geometry":{"type":"LineString","coordinates":[[77.6033,13.0645222],[77.603208,13.0645257],[77.6029586,13.0647576],[77.6027451,13.0649606]]}},{"type":"Feature","properties":{"id":"505287939","name":"","highway":"residential","oneway":"no","maxspeed":""},"geometry":{"type":"LineString","coordinates":[[77.6063531,13.0661629],[77.6063673,13.0664625],[77.6063719,13.0667585],[77.6063766,13.0670562],[77.6063805,13.0673345],[77.6064296,13.0677319]]}},{"type":"Feature","properties":{"id":"505287941","name":"","highway":"residential","oneway":"no","maxspeed":""},"geometry":{"type":"LineString","coordinates":[[77.6063805,13.0673345],[77.6058498,13.067346]]}},{"type":"Feature","properties":{"id":"505287943","name":"","highway":"residential","oneway":"no","maxspeed":""},"geometry":{"type":"LineString","coordinates":[[77.6063766,13.0670562],[77.6058531,13.0670785]]}},{"type":"Feature","properties":{"id":"505287945","name":"","highway":"residential","oneway":"no","maxspeed":""},"geometry":{"type":"LineString","coordinates":[[77.6063719,13.0667585],[77.6057728,13.0667875],[77.6057875,13.0664892],[77.6057969,13.066153],[77.6063531,13.0661629]]}},{"type":"Feature","properties":{"id":"505287948","name":"","highway":"residential","oneway":"no","maxspeed":""},"geometry":{"type":"LineString","coordinates":[[77.6063673,13.0664625],[77.6057875,13.0664892]]}},{"type":"Feature","properties":{"id":"505287949","name":"","highway":"residential","oneway":"no","maxspeed":""},"geometry":{"type":"LineString","coordinates":[[77.6057969,13.066153],[77.6057737,13.0657354]]}},{"type":"Feature","properties":{"id":"505287952","name":"","highway":"residential","oneway":"no","maxspeed":""},"geometry":{"type":"LineString","coordinates":[[77.6057969,13.066153],[77.6054454,13.0661595]]}},{"type":"Feature","properties":{"id":"505287954","name":"","highway":"residential","oneway":"no","maxspeed":""},"geometry":{"type":"LineString","coordinates":[[77.6054454,13.0661595],[77.605459,13.065544]]}},{"type":"Feature","properties":{"id":"505287958","name":"","highway":"residential","oneway":"no","maxspeed":""},"geometry":{"type":"LineString","coordinates":[[77.6057737,13.0657354],[77.6057891,13.0645327]]}},{"type":"Feature","properties":{"id":"505287960","name":"","highway":"residential","oneway":"no","maxspeed":""},"geometry":{"type":"LineString","coordinates":[[77.6071945,13.0646953],[77.6072113,13.0652425],[77.6072264,13.065664],[77.6072405,13.06606],[77.6072516,13.066369],[77.6072543,13.0664444],[77.6073025,13.0670453],[77.6073414,13.0674389]]}},{"type":"Feature","properties":{"id":"505287962","name":"","highway":"residential","oneway":"no","maxspeed":""},"geometry":{"type":"LineString","coordinates":[[77.6082927,13.0654471],[77.608354,13.0660316],[77.6088636,13.0659741],[77.6093303,13.0659323],[77.6096701,13.0659045]]}},{"type":"Feature","properties":{"id":"505287964","name":"","highway":"service","oneway":"no","maxspeed":""},"geometry":{"type":"LineString","coordinates":[[77.6097189,13.066255],[77.6087967,13.0663689]]}},{"type":"Feature","properties":{"id":"505287966","name":"","highway":"residential","oneway":"no","maxspeed":""},"geometry":{"type":"LineString","coordinates":[[77.6085371,13.0670702],[77.6084588,13.0666419],[77.608354,13.0660316]]}},{"type":"Feature","properties":{"id":"505287968","name":"","highway":"residential","oneway":"no","maxspeed":""},"geometry":{"type":"LineString","coordinates":[[77.6082927,13.0654471],[77.6076109,13.0654997],[77.6075706,13.0647364]]}},{"type":"Feature","properties":{"id":"505287971","name":"","highway":"residential","oneway":"no","maxspeed":""},"geometry":{"type":"LineString","coordinates":[[77.6076109,13.0654997],[77.6076148,13.0658232],[77.607608,13.0660207],[77.6072405,13.06606]]}},{"type":"Feature","properties":{"id":"505287975","name":"","highway":"residential","oneway":"no","maxspeed":""},"geometry":{"type":"LineString","coordinates":[[77.607608,13.0660207],[77.6078649,13.0660076],[77.6078615,13.0657574]]}},{"type":"Feature","properties":{"id":"505287978","name":"","highway":"residential","oneway":"no","maxspeed":""},"geometry":{"type":"LineString","coordinates":[[77.6078649,13.0660076],[77.6080141,13.0660099],[77.6081737,13.0660244],[77.608354,13.0660316]]}},{"type":"Feature","properties":{"id":"505287982","name":"","highway":"residential","oneway":"no","maxspeed":""},"geometry":{"type":"LineString","coordinates":[[77.6061582,13.062041],[77.6068908,13.0620324],[77.6069249,13.0618053],[77.6069589,13.0614906]]}},{"type":"Feature","properties":{"id":"505287983","name":"","highway":"residential","oneway":"no","maxspeed":""},"geometry":{"type":"LineString","coordinates":[[77.6069589,13.0614906],[77.6069647,13.0610126],[77.6069663,13.0608815],[77.606916,13.0607904],[77.6067712,13.0607486],[77.6064297,13.0607564]]}},{"type":"Feature","properties":{"id":"505287984","name":"","highway":"residential","oneway":"no","maxspeed":""},"geometry":{"type":"LineString","coordinates":[[77.6057741,13.0604855],[77.6058134,13.0600527],[77.6058639,13.0595291],[77.6058926,13.0592317],[77.605922,13.0589266],[77.6059484,13.0586531],[77.6059805,13.0583201],[77.6060067,13.0580481]]}},{"type":"Feature","properties":{"id":"505287985","name":"","highway":"residential","oneway":"no","maxspeed":""},"geometry":{"type":"LineString","coordinates":[[77.6018834,13.0650199],[77.6015784,13.0649363],[77.6014916,13.0649125],[77.6013896,13.064875],[77.6013395,13.0648566],[77.6011401,13.0648533],[77.6010234,13.0648679],[77.6009706,13.0648748]]}},{"type":"Feature","properties":{"id":"505287986","name":"","highway":"residential","oneway":"no","maxspeed":""},"geometry":{"type":"LineString","coordinates":[[77.6013896,13.064875],[77.6013979,13.0653031]]}},{"type":"Feature","properties":{"id":"505287987","name":"","highway":"living_street","oneway":"no","maxspeed":""},"geometry":{"type":"LineString","coordinates":[[77.6008717,13.0645183],[77.6009943,13.0644819],[77.6011579,13.0644878]]}},{"type":"Feature","properties":{"id":"505287988","name":"","highway":"residential","oneway":"no","maxspeed":""},"geometry":{"type":"LineString","coordinates":[[77.6009706,13.0648748],[77.6007066,13.0648735],[77.600627,13.0648908],[77.6005725,13.0649088],[77.6004128,13.0649648],[77.6003915,13.0649774],[77.6003042,13.065029],[77.6001179,13.0651084],[77.6000637,13.0651965],[77.6002242,13.0655107],[77.6003171,13.065769]]}},{"type":"Feature","properties":{"id":"505287989","name":"","highway":"living_street","oneway":"no","maxspeed":""},"geometry":{"type":"LineString","coordinates":[[77.6013896,13.064875],[77.6013897,13.0646663],[77.6013847,13.06453]]}},{"type":"Feature","properties":{"id":"505287990","name":"","highway":"living_street","oneway":"no","maxspeed":""},"geometry":{"type":"LineString","coordinates":[[77.6015784,13.0649363],[77.601577,13.064631],[77.6015706,13.0644361]]}},{"type":"Feature","properties":{"id":"505287992","name":"","highway":"residential","oneway":"no","maxspeed":""},"geometry":{"type":"LineString","coordinates":[[77.6011809,13.0637389],[77.6014319,13.0637437]]}},{"type":"Feature","properties":{"id":"505287993","name":"","highway":"residential","oneway":"no","maxspeed":""},"geometry":{"type":"LineString","coordinates":[[77.6014319,13.0637437],[77.6014829,13.0637458],[77.6014817,13.0633374]]}},{"type":"Feature","properties":{"id":"505287994","name":"","highway":"residential","oneway":"no","maxspeed":""},"geometry":{"type":"LineString","coordinates":[[77.6012637,13.0628431],[77.6011042,13.0628354],[77.6008853,13.0628244],[77.6008837,13.0625895]]}},{"type":"Feature","properties":{"id":"505287995","name":"","highway":"residential","oneway":"no","maxspeed":""},"geometry":{"type":"LineString","coordinates":[[77.6012637,13.0628431],[77.6014267,13.0628482],[77.6015401,13.0628518],[77.6016577,13.0628555]]}},{"type":"Feature","properties":{"id":"505287996","name":"","highway":"residential","oneway":"no","maxspeed":""},"geometry":{"type":"LineString","coordinates":[[77.6009091,13.0637387],[77.6009038,13.0633167]]}},{"type":"Feature","properties":{"id":"505287997","name":"","highway":"residential","oneway":"no","maxspeed":""},"geometry":{"type":"LineString","coordinates":[[77.6016581,13.0633319],[77.6016577,13.0628555],[77.6016599,13.0627297],[77.6016623,13.0625893],[77.6016639,13.0624945],[77.6016675,13.0624311],[77.6016824,13.0621718],[77.6016911,13.0620189]]}},{"type":"Feature","properties":{"id":"505287998","name":"","highway":"residential","oneway":"no","maxspeed":""},"geometry":{"type":"LineString","coordinates":[[77.6016599,13.0627297],[77.6019585,13.0627695],[77.6022879,13.0628085],[77.6025838,13.0628667],[77.6027201,13.0628978],[77.6030075,13.0629435],[77.6032949,13.0629787],[77.6035561,13.0630085],[77.6038028,13.0630325]]}},{"type":"Feature","properties":{"id":"505287999","name":"","highway":"residential","oneway":"no","maxspeed":""},"geometry":{"type":"LineString","coordinates":[[77.6037878,13.0633169],[77.6032906,13.0632566],[77.6032243,13.0632484],[77.6028904,13.0632068],[77.6025902,13.0631819],[77.6025838,13.0628667]]}},{"type":"Feature","properties":{"id":"505288000","name":"","highway":"residential","oneway":"no","maxspeed":""},"geometry":{"type":"LineString","coordinates":[[77.6022794,13.0631819],[77.6022879,13.0628085]]}},{"type":"Feature","properties":{"id":"505288001","name":"","highway":"residential","oneway":"no","maxspeed":""},"geometry":{"type":"LineString","coordinates":[[77.6019601,13.0630679],[77.6019585,13.0627695]]}},{"type":"Feature","properties":{"id":"505288002","name":"","highway":"residential","oneway":"no","maxspeed":""},"geometry":{"type":"LineString","coordinates":[[77.6016581,13.0633319],[77.6016805,13.0637361],[77.601691,13.0639263],[77.6016989,13.0639835],[77.6017229,13.0641571],[77.6017256,13.064177],[77.6017369,13.0642588]]}},{"type":"Feature","properties":{"id":"505288004","name":"","highway":"residential","oneway":"no","maxspeed":""},"geometry":{"type":"LineString","coordinates":[[77.603208,13.0645257],[77.6032014,13.0642347],[77.6031949,13.0639527],[77.6034079,13.0639473],[77.6037529,13.0639448]]}},{"type":"Feature","properties":{"id":"505288006","name":"","highway":"residential","oneway":"no","maxspeed":""},"geometry":{"type":"LineString","coordinates":[[77.6031949,13.0639527],[77.6031446,13.0639538],[77.6027039,13.0639846]]}},{"type":"Feature","properties":{"id":"505288008","name":"","highway":"residential","oneway":"no","maxspeed":""},"geometry":{"type":"LineString","coordinates":[[77.6031446,13.0639538],[77.6031517,13.0634482]]}},{"type":"Feature","properties":{"id":"505288010","name":"","highway":"residential","oneway":"no","maxspeed":""},"geometry":{"type":"LineString","coordinates":[[77.6037392,13.0642253],[77.6034199,13.0642222],[77.6032014,13.0642347]]}},{"type":"Feature","properties":{"id":"505288013","name":"","highway":"residential","oneway":"no","maxspeed":""},"geometry":{"type":"LineString","coordinates":[[77.6032014,13.0642347],[77.6029154,13.0642514],[77.6025193,13.0642949]]}},{"type":"Feature","properties":{"id":"505288015","name":"","highway":"residential","oneway":"no","maxspeed":""},"geometry":{"type":"LineString","coordinates":[[77.603208,13.0645257],[77.6027778,13.0645403],[77.6027025,13.064555],[77.6026686,13.0645708],[77.6023681,13.0646086]]}},{"type":"Feature","properties":{"id":"505288018","name":"","highway":"living_street","oneway":"no","maxspeed":""},"geometry":{"type":"LineString","coordinates":[[77.6034079,13.0639473],[77.6034048,13.0638105],[77.6033997,13.063583],[77.6035378,13.0635843],[77.6037727,13.0635799]]}},{"type":"Feature","properties":{"id":"505288020","name":"","highway":"residential","oneway":"no","maxspeed":""},"geometry":{"type":"LineString","coordinates":[[77.6017369,13.0642588],[77.6018174,13.0644874],[77.6018385,13.0645454],[77.6018938,13.0648336],[77.6019374,13.0649837]]}},{"type":"Feature","properties":{"id":"505288021","name":"","highway":"living_street","oneway":"no","maxspeed":""},"geometry":{"type":"LineString","coordinates":[[77.6010109,13.064139],[77.6008354,13.064166]]}},{"type":"Feature","properties":{"id":"505288023","name":"","highway":"residential","oneway":"no","maxspeed":""},"geometry":{"type":"LineString","coordinates":[[77.6033049,13.0616056],[77.6032849,13.0611636],[77.602776,13.0611517],[77.6024499,13.0611567],[77.6024676,13.0617013]]}},{"type":"Feature","properties":{"id":"505288024","name":"","highway":"residential","oneway":"no","maxspeed":""},"geometry":{"type":"LineString","coordinates":[[77.6024499,13.0611567],[77.6024341,13.0608624],[77.6024144,13.0602442]]}},{"type":"Feature","properties":{"id":"505288025","name":"","highway":"residential","oneway":"no","maxspeed":""},"geometry":{"type":"LineString","coordinates":[[77.602776,13.0611517],[77.602789,13.0617491]]}},{"type":"Feature","properties":{"id":"505288026","name":"","highway":"residential","oneway":"no","maxspeed":""},"geometry":{"type":"LineString","coordinates":[[77.6021083,13.0602198],[77.6021334,13.0608638],[77.6021441,13.0616163]]}},{"type":"Feature","properties":{"id":"505288027","name":"","highway":"residential","oneway":"no","maxspeed":""},"geometry":{"type":"LineString","coordinates":[[77.6018114,13.0601961],[77.6018128,13.0616476],[77.6018228,13.0617477],[77.6019144,13.0617563],[77.6020087,13.0617624],[77.6021368,13.0617719],[77.6021413,13.0617061],[77.6021441,13.0616163]]}},{"type":"Feature","properties":{"id":"505288028","name":"1st Cross Road","highway":"residential","oneway":"no","maxspeed":""},"geometry":{"type":"LineString","coordinates":[[77.6014308,13.0601763],[77.6014546,13.0616381]]}},{"type":"Feature","properties":{"id":"505288029","name":"","highway":"residential","oneway":"no","maxspeed":""},"geometry":{"type":"LineString","coordinates":[[77.6007471,13.0618412],[77.6007225,13.0607802],[77.6006528,13.0601808]]}},{"type":"Feature","properties":{"id":"505288030","name":"","highway":"residential","oneway":"no","maxspeed":""},"geometry":{"type":"LineString","coordinates":[[77.6004141,13.0610885],[77.600406,13.0618096],[77.5996962,13.0618485]]}},{"type":"Feature","properties":{"id":"505288031","name":"","highway":"residential","oneway":"no","maxspeed":""},"geometry":{"type":"LineString","coordinates":[[77.600406,13.0618096],[77.6007332,13.0618358],[77.6007471,13.0618412],[77.6009827,13.0619325]]}},{"type":"Feature","properties":{"id":"505288033","name":"","highway":"living_street","oneway":"no","maxspeed":""},"geometry":{"type":"LineString","coordinates":[[77.6022906,13.063967],[77.6016989,13.0639835]]}},{"type":"Feature","properties":{"id":"505288034","name":"","highway":"service","oneway":"no","maxspeed":""},"geometry":{"type":"LineString","coordinates":[[77.6022568,13.0641646],[77.6017784,13.0641758],[77.6017256,13.064177]]}},{"type":"Feature","properties":{"id":"505288035","name":"","highway":"living_street","oneway":"no","maxspeed":""},"geometry":{"type":"LineString","coordinates":[[77.6024393,13.0644129],[77.6019615,13.0644469],[77.6018174,13.0644874]]}},{"type":"Feature","properties":{"id":"505288036","name":"","highway":"residential","oneway":"no","maxspeed":""},"geometry":{"type":"LineString","coordinates":[[77.5982814,13.0634696],[77.5985629,13.0633841],[77.5986084,13.0633941],[77.5986349,13.0634231],[77.5986495,13.0635404]]}},{"type":"Feature","properties":{"id":"505288037","name":"","highway":"residential","oneway":"no","maxspeed":""},"geometry":{"type":"LineString","coordinates":[[77.5979193,13.0657376],[77.5981114,13.065698],[77.598523,13.0656056]]}},{"type":"Feature","properties":{"id":"505288038","name":"","highway":"residential","oneway":"no","maxspeed":""},"geometry":{"type":"LineString","coordinates":[[77.5985376,13.0650658],[77.598217,13.0651004],[77.5981282,13.0651441],[77.5979971,13.0651533],[77.5979137,13.0651461],[77.5976451,13.0651763]]}},{"type":"Feature","properties":{"id":"505288040","name":"","highway":"residential","oneway":"no","maxspeed":""},"geometry":{"type":"LineString","coordinates":[[77.5998551,13.0648068],[77.5998524,13.0647327],[77.5998483,13.0646224],[77.5998508,13.0643333],[77.5998724,13.0642219],[77.5998554,13.0641543],[77.5997663,13.0639946],[77.5997474,13.0639607],[77.5995608,13.0639853],[77.5995307,13.0639937],[77.5994218,13.0641085],[77.5991473,13.0641364],[77.598749,13.0641626]]}},{"type":"Feature","properties":{"id":"505288041","name":"","highway":"residential","oneway":"no","maxspeed":""},"geometry":{"type":"LineString","coordinates":[[77.5997474,13.0639607],[77.5997363,13.0637713],[77.5995106,13.0638107],[77.5995608,13.0639853]]}},{"type":"Feature","properties":{"id":"505288042","name":"","highway":"residential","oneway":"no","maxspeed":""},"geometry":{"type":"LineString","coordinates":[[77.5995106,13.0638107],[77.5992272,13.0638326],[77.598959,13.063843],[77.5986588,13.0638637],[77.5985662,13.0638873],[77.5985316,13.0639186],[77.5985084,13.0639664],[77.5984776,13.0639937],[77.5982657,13.0640012],[77.5981479,13.0640047],[77.5980296,13.064011],[77.5978286,13.0640006],[77.5978201,13.0637497]]}},{"type":"Feature","properties":{"id":"505288043","name":"","highway":"residential","oneway":"no","maxspeed":""},"geometry":{"type":"LineString","coordinates":[[77.5978286,13.0640006],[77.5975419,13.0640223]]}},{"type":"Feature","properties":{"id":"505288045","name":"","highway":"residential","oneway":"no","maxspeed":""},"geometry":{"type":"LineString","coordinates":[[77.6004387,13.0652651],[77.6004128,13.0649648]]}},{"type":"Feature","properties":{"id":"505288046","name":"","highway":"living_street","oneway":"no","maxspeed":""},"geometry":{"type":"LineString","coordinates":[[77.600627,13.0648908],[77.6006377,13.0648239],[77.600663,13.0644417]]}},{"type":"Feature","properties":{"id":"505288047","name":"","highway":"residential","oneway":"no","maxspeed":""},"geometry":{"type":"LineString","coordinates":[[77.5998724,13.0642219],[77.6001448,13.064203],[77.60023,13.064205],[77.6002395,13.0642784]]}},{"type":"Feature","properties":{"id":"505288048","name":"","highway":"living_street","oneway":"no","maxspeed":""},"geometry":{"type":"LineString","coordinates":[[77.6001179,13.0651084],[77.6000852,13.0648417]]}},{"type":"Feature","properties":{"id":"505288049","name":"","highway":"living_street","oneway":"no","maxspeed":""},"geometry":{"type":"LineString","coordinates":[[77.6006377,13.0648239],[77.6003936,13.0648038]]}},{"type":"Feature","properties":{"id":"505288050","name":"","highway":"residential","oneway":"no","maxspeed":""},"geometry":{"type":"LineString","coordinates":[[77.5956162,13.0666835],[77.5955734,13.0666326],[77.595543,13.0664819],[77.5954035,13.0659885]]}},{"type":"Feature","properties":{"id":"505288051","name":"","highway":"residential","oneway":"no","maxspeed":""},"geometry":{"type":"LineString","coordinates":[[77.5952213,13.0667859],[77.5950718,13.0662993],[77.5949565,13.0658247]]}},{"type":"Feature","properties":{"id":"505292643","name":"","highway":"residential","oneway":"no","maxspeed":""},"geometry":{"type":"LineString","coordinates":[[77.5951804,13.0655856],[77.595108,13.0655291],[77.59501,13.0655642],[77.5945085,13.0656951],[77.5944259,13.0654328]]}},{"type":"Feature","properties":{"id":"505292644","name":"","highway":"residential","oneway":"no","maxspeed":""},"geometry":{"type":"LineString","coordinates":[[77.59501,13.0655642],[77.5949629,13.0652958]]}},{"type":"Feature","properties":{"id":"505292649","name":"","highway":"service","oneway":"no","maxspeed":""},"geometry":{"type":"LineString","coordinates":[[77.5936945,13.0600203],[77.5937322,13.0600195],[77.5943206,13.0599393],[77.5949804,13.0598662],[77.5956831,13.0596728],[77.5959513,13.0595578]]}},{"type":"Feature","properties":{"id":"505292650","name":"","highway":"residential","oneway":"no","maxspeed":""},"geometry":{"type":"LineString","coordinates":[[77.5964468,13.0592216],[77.5963026,13.0592366],[77.596224,13.0592448],[77.596328,13.0597658],[77.5963697,13.0599745],[77.5963896,13.0600744],[77.596423,13.0602336],[77.5964741,13.0605177]]}},{"type":"Feature","properties":{"id":"505292651","name":"","highway":"residential","oneway":"no","maxspeed":""},"geometry":{"type":"LineString","coordinates":[[77.5962849,13.0605514],[77.5963423,13.0608447]]}},{"type":"Feature","properties":{"id":"505292652","name":"","highway":"residential","oneway":"no","maxspeed":""},"geometry":{"type":"LineString","coordinates":[[77.5962849,13.0605514],[77.5961463,13.0598571]]}},{"type":"Feature","properties":{"id":"505292653","name":"","highway":"residential","oneway":"no","maxspeed":""},"geometry":{"type":"LineString","coordinates":[[77.5985748,13.0601435],[77.5982499,13.0602013],[77.5978794,13.0602673],[77.5975968,13.0603177],[77.5969421,13.0604343],[77.5966533,13.0604858],[77.5964741,13.0605177],[77.5964253,13.0605264],[77.5962849,13.0605514],[77.5961517,13.0605752]]}},{"type":"Feature","properties":{"id":"505292654","name":"","highway":"residential","oneway":"no","maxspeed":""},"geometry":{"type":"LineString","coordinates":[[77.5969421,13.0604343],[77.5968875,13.0601497],[77.5966559,13.060191],[77.596423,13.0602336]]}},{"type":"Feature","properties":{"id":"505292655","name":"","highway":"residential","oneway":"no","maxspeed":""},"geometry":{"type":"LineString","coordinates":[[77.5968875,13.0601497],[77.5968138,13.0596873]]}},{"type":"Feature","properties":{"id":"505292657","name":"","highway":"residential","oneway":"no","maxspeed":""},"geometry":{"type":"LineString","coordinates":[[77.59702,13.0591755],[77.597067,13.0595449]]}},{"type":"Feature","properties":{"id":"505292658","name":"","highway":"residential","oneway":"no","maxspeed":""},"geometry":{"type":"LineString","coordinates":[[77.5974081,13.0591452],[77.5975011,13.0598312],[77.5975968,13.0603177]]}},{"type":"Feature","properties":{"id":"505292660","name":"","highway":"residential","oneway":"no","maxspeed":""},"geometry":{"type":"LineString","coordinates":[[77.5977563,13.0594632],[77.5978082,13.0597936],[77.5978538,13.0601128],[77.5978794,13.0602673]]}},{"type":"Feature","properties":{"id":"505292662","name":"","highway":"residential","oneway":"no","maxspeed":""},"geometry":{"type":"LineString","coordinates":[[77.5982499,13.0602013],[77.5982296,13.0600551],[77.5981712,13.0597493],[77.598136,13.059561],[77.5980623,13.0590867]]}},{"type":"Feature","properties":{"id":"505292663","name":"","highway":"residential","oneway":"no","maxspeed":""},"geometry":{"type":"LineString","coordinates":[[77.5975011,13.0598312],[77.5978082,13.0597936],[77.5981712,13.0597493],[77.5985107,13.0597078],[77.5989444,13.0596548]]}},{"type":"Feature","properties":{"id":"505292665","name":"","highway":"residential","oneway":"no","maxspeed":""},"geometry":{"type":"LineString","coordinates":[[77.5985682,13.0601022],[77.5985542,13.0600066],[77.5985107,13.0597078]]}},{"type":"Feature","properties":{"id":"505292666","name":"","highway":"residential","oneway":"no","maxspeed":""},"geometry":{"type":"LineString","coordinates":[[77.5985107,13.0597078],[77.5984206,13.0592056],[77.5983957,13.0590578]]}},{"type":"Feature","properties":{"id":"505292667","name":"","highway":"residential","oneway":"no","maxspeed":""},"geometry":{"type":"LineString","coordinates":[[77.5983126,13.0590648],[77.5981842,13.0585946]]}},{"type":"Feature","properties":{"id":"505292668","name":"","highway":"residential","oneway":"no","maxspeed":""},"geometry":{"type":"LineString","coordinates":[[77.5990203,13.0602054],[77.5985966,13.0602801],[77.5985748,13.0601435],[77.5985682,13.0601022]]}},{"type":"Feature","properties":{"id":"505292669","name":"","highway":"residential","oneway":"no","maxspeed":""},"geometry":{"type":"LineString","coordinates":[[77.5985542,13.0600066],[77.5987392,13.0599807]]}},{"type":"Feature","properties":{"id":"505292671","name":"","highway":"residential","oneway":"no","maxspeed":""},"geometry":{"type":"LineString","coordinates":[[77.5996255,13.0594788],[77.5991841,13.0595672],[77.5989343,13.0596073]]}},{"type":"Feature","properties":{"id":"505292672","name":"","highway":"residential","oneway":"no","maxspeed":""},"geometry":{"type":"LineString","coordinates":[[77.5994941,13.0592286],[77.598881,13.0593067],[77.5988711,13.0593079],[77.5989343,13.0596073],[77.5989444,13.0596548]]}},{"type":"Feature","properties":{"id":"505292673","name":"","highway":"residential","oneway":"no","maxspeed":""},"geometry":{"type":"LineString","coordinates":[[77.598881,13.0593067],[77.5988091,13.0589885]]}},{"type":"Feature","properties":{"id":"505292674","name":"","highway":"residential","oneway":"no","maxspeed":""},"geometry":{"type":"LineString","coordinates":[[77.5995116,13.0592708],[77.6004184,13.0591157]]}},{"type":"Feature","properties":{"id":"505292675","name":"","highway":"residential","oneway":"no","maxspeed":""},"geometry":{"type":"LineString","coordinates":[[77.6004592,13.0596249],[77.5998479,13.0597585]]}},{"type":"Feature","properties":{"id":"505292676","name":"","highway":"residential","oneway":"no","maxspeed":""},"geometry":{"type":"LineString","coordinates":[[77.6004511,13.0594043],[77.5996781,13.0595494]]}},{"type":"Feature","properties":{"id":"505292677","name":"","highway":"residential","oneway":"no","maxspeed":""},"geometry":{"type":"LineString","coordinates":[[77.6003611,13.0588894],[77.5993778,13.0590283]]}},{"type":"Feature","properties":{"id":"505292678","name":"","highway":"residential","oneway":"no","maxspeed":""},"geometry":{"type":"LineString","coordinates":[[77.5965887,13.0588244],[77.5965177,13.0584491],[77.5965202,13.0583712],[77.5965227,13.0582913]]}},{"type":"Feature","properties":{"id":"505292679","name":"","highway":"residential","oneway":"no","maxspeed":""},"geometry":{"type":"LineString","coordinates":[[77.5963026,13.0592366],[77.5962643,13.0588902],[77.5962056,13.0585579],[77.5961673,13.0584168],[77.5964419,13.0583816],[77.5965202,13.0583712]]}},{"type":"Feature","properties":{"id":"505292680","name":"","highway":"residential","oneway":"no","maxspeed":""},"geometry":{"type":"LineString","coordinates":[[77.5961673,13.0584168],[77.5961044,13.058256],[77.596064,13.0581233],[77.5962151,13.0580901]]}},{"type":"Feature","properties":{"id":"505292681","name":"","highway":"residential","oneway":"no","maxspeed":""},"geometry":{"type":"LineString","coordinates":[[77.5968101,13.0577027],[77.5968737,13.0579866],[77.5969269,13.0582149]]}},{"type":"Feature","properties":{"id":"505292682","name":"","highway":"residential","oneway":"no","maxspeed":""},"geometry":{"type":"LineString","coordinates":[[77.5972934,13.0575812],[77.5973654,13.0578554],[77.5973891,13.0579598],[77.5974809,13.0580107],[77.5975325,13.058094]]}},{"type":"Feature","properties":{"id":"505292683","name":"","highway":"residential","oneway":"no","maxspeed":""},"geometry":{"type":"LineString","coordinates":[[77.5977235,13.0574732],[77.597567,13.0568907]]}},{"type":"Feature","properties":{"id":"505292684","name":"","highway":"residential","oneway":"no","maxspeed":""},"geometry":{"type":"LineString","coordinates":[[77.5974402,13.0575444],[77.5973084,13.0569652]]}},{"type":"Feature","properties":{"id":"505292685","name":"","highway":"residential","oneway":"no","maxspeed":""},"geometry":{"type":"LineString","coordinates":[[77.5971366,13.0576206],[77.5970136,13.0570374]]}},{"type":"Feature","properties":{"id":"505292686","name":"","highway":"residential","oneway":"no","maxspeed":""},"geometry":{"type":"LineString","coordinates":[[77.5964733,13.0565228],[77.5961836,13.0566165],[77.5958972,13.0567116],[77.5953666,13.0569058]]}},{"type":"Feature","properties":{"id":"505292690","name":"","highway":"residential","oneway":"no","maxspeed":""},"geometry":{"type":"LineString","coordinates":[[77.6119908,13.048845],[77.611527,13.0487309],[77.61134,13.0486817],[77.6112053,13.0486462],[77.6110712,13.0486109],[77.6110092,13.0485946],[77.6108476,13.0485398],[77.6106779,13.0484906],[77.6103438,13.0483513],[77.6098684,13.0482815],[77.6098008,13.0486675]]}},{"type":"Feature","properties":{"id":"505292692","name":"","highway":"residential","oneway":"no","maxspeed":""},"geometry":{"type":"LineString","coordinates":[[77.6108979,13.0489485],[77.6110092,13.0485946]]}},{"type":"Feature","properties":{"id":"505292694","name":"","highway":"residential","oneway":"no","maxspeed":""},"geometry":{"type":"LineString","coordinates":[[77.61134,13.0486817],[77.6112808,13.049025]]}},{"type":"Feature","properties":{"id":"505292696","name":"","highway":"residential","oneway":"no","maxspeed":""},"geometry":{"type":"LineString","coordinates":[[77.6113184,13.04814],[77.6116739,13.0482541],[77.611527,13.0487309]]}},{"type":"Feature","properties":{"id":"505292698","name":"","highway":"residential","oneway":"no","maxspeed":""},"geometry":{"type":"LineString","coordinates":[[77.6107726,13.0479892],[77.6107221,13.0482425]]}},{"type":"Feature","properties":{"id":"505292700","name":"","highway":"residential","oneway":"no","maxspeed":""},"geometry":{"type":"LineString","coordinates":[[77.6111805,13.0482746],[77.6110712,13.0486109]]}},{"type":"Feature","properties":{"id":"505292701","name":"","highway":"residential","oneway":"no","maxspeed":""},"geometry":{"type":"LineString","coordinates":[[77.6112784,13.0483326],[77.6112053,13.0486462]]}},{"type":"Feature","properties":{"id":"505292702","name":"","highway":"residential","oneway":"no","maxspeed":""},"geometry":{"type":"LineString","coordinates":[[77.6093957,13.0478067],[77.6093417,13.0485633]]}},{"type":"Feature","properties":{"id":"505292703","name":"","highway":"residential","oneway":"no","maxspeed":""},"geometry":{"type":"LineString","coordinates":[[77.6088895,13.0484956],[77.6089193,13.0482237],[77.6089297,13.0481007],[77.6089338,13.0480526],[77.6089504,13.0478568],[77.6089717,13.0476046]]}},{"type":"Feature","properties":{"id":"505292704","name":"","highway":"residential","oneway":"no","maxspeed":""},"geometry":{"type":"LineString","coordinates":[[77.6098008,13.0486675],[77.6097485,13.0489037],[77.6097116,13.0491739],[77.6096539,13.0495596]]}},{"type":"Feature","properties":{"id":"505292705","name":"","highway":"residential","oneway":"no","maxspeed":""},"geometry":{"type":"LineString","coordinates":[[77.6097279,13.0497038],[77.6104441,13.0498139]]}},{"type":"Feature","properties":{"id":"505292706","name":"","highway":"residential","oneway":"no","maxspeed":""},"geometry":{"type":"LineString","coordinates":[[77.6110983,13.0489885],[77.6110548,13.0492691],[77.6112248,13.0492937],[77.6112467,13.0491025]]}},{"type":"Feature","properties":{"id":"505292707","name":"","highway":"residential","oneway":"no","maxspeed":""},"geometry":{"type":"LineString","coordinates":[[77.6104541,13.0495453],[77.6098054,13.0494564]]}},{"type":"Feature","properties":{"id":"505292708","name":"","highway":"residential","oneway":"no","maxspeed":""},"geometry":{"type":"LineString","coordinates":[[77.6098054,13.0494564],[77.6098692,13.0490284]]}},{"type":"Feature","properties":{"id":"505292709","name":"","highway":"residential","oneway":"no","maxspeed":""},"geometry":{"type":"LineString","coordinates":[[77.6092013,13.0485277],[77.6091149,13.0494173],[77.6090889,13.049758],[77.6090676,13.0500362],[77.6094783,13.0500788]]}},{"type":"Feature","properties":{"id":"505292711","name":"","highway":"residential","oneway":"no","maxspeed":""},"geometry":{"type":"LineString","coordinates":[[77.6088344,13.0508042],[77.6088103,13.0502902],[77.6087763,13.050291],[77.6087749,13.049959]]}},{"type":"Feature","properties":{"id":"505292713","name":"","highway":"residential","oneway":"no","maxspeed":""},"geometry":{"type":"LineString","coordinates":[[77.6090889,13.049758],[77.6093822,13.04979]]}},{"type":"Feature","properties":{"id":"505292714","name":"","highway":"residential","oneway":"no","maxspeed":""},"geometry":{"type":"LineString","coordinates":[[77.6092667,13.0495135],[77.6096539,13.0495596]]}},{"type":"Feature","properties":{"id":"505292715","name":"","highway":"residential","oneway":"no","maxspeed":""},"geometry":{"type":"LineString","coordinates":[[77.6097485,13.0489037],[77.6093857,13.0488404]]}},{"type":"Feature","properties":{"id":"505292716","name":"","highway":"residential","oneway":"no","maxspeed":""},"geometry":{"type":"LineString","coordinates":[[77.6096819,13.051291],[77.6086316,13.0514132]]}},{"type":"Feature","properties":{"id":"505292717","name":"","highway":"residential","oneway":"no","maxspeed":""},"geometry":{"type":"LineString","coordinates":[[77.6082636,13.050908],[77.6082331,13.0503075]]}},{"type":"Feature","properties":{"id":"505292718","name":"","highway":"residential","oneway":"no","maxspeed":""},"geometry":{"type":"LineString","coordinates":[[77.6079863,13.0509256],[77.6079467,13.0503162]]}},{"type":"Feature","properties":{"id":"505292720","name":"","highway":"residential","oneway":"no","maxspeed":""},"geometry":{"type":"LineString","coordinates":[[77.6084438,13.0503011],[77.6084459,13.0499603]]}},{"type":"Feature","properties":{"id":"505292721","name":"","highway":"residential","oneway":"no","maxspeed":""},"geometry":{"type":"LineString","coordinates":[[77.6083565,13.0489991],[77.6083679,13.0484671]]}},{"type":"Feature","properties":{"id":"505292723","name":"","highway":"residential","oneway":"no","maxspeed":""},"geometry":{"type":"LineString","coordinates":[[77.602848,13.0489578],[77.6027861,13.0484884],[77.6034046,13.048411],[77.6035079,13.0483981],[77.6036852,13.0483759],[77.6039778,13.0483393],[77.6045033,13.0482735]]}},{"type":"Feature","properties":{"id":"505292724","name":"","highway":"residential","oneway":"no","maxspeed":""},"geometry":{"type":"LineString","coordinates":[[77.6034046,13.048411],[77.6034788,13.0488849],[77.6035689,13.0488826],[77.6035993,13.0488874]]}},{"type":"Feature","properties":{"id":"505292725","name":"","highway":"residential","oneway":"no","maxspeed":""},"geometry":{"type":"LineString","coordinates":[[77.6034788,13.0488849],[77.602848,13.0489578],[77.6023448,13.0490109],[77.6020035,13.0490208],[77.6016485,13.0490375]]}},{"type":"Feature","properties":{"id":"505292727","name":"","highway":"residential","oneway":"no","maxspeed":""},"geometry":{"type":"LineString","coordinates":[[77.6035079,13.0483981],[77.6034612,13.0480557],[77.6040329,13.0479848]]}},{"type":"Feature","properties":{"id":"505292728","name":"","highway":"residential","oneway":"no","maxspeed":""},"geometry":{"type":"LineString","coordinates":[[77.6037474,13.0488664],[77.6036852,13.0483759]]}},{"type":"Feature","properties":{"id":"505292729","name":"","highway":"residential","oneway":"no","maxspeed":""},"geometry":{"type":"LineString","coordinates":[[77.6045033,13.0482735],[77.6045889,13.0487471]]}},{"type":"Feature","properties":{"id":"505292730","name":"","highway":"residential","oneway":"no","maxspeed":""},"geometry":{"type":"LineString","coordinates":[[77.6012549,13.0516515],[77.6016742,13.0515907],[77.6018727,13.0515639],[77.6021721,13.0515222],[77.6024665,13.0514811],[77.6027989,13.0514377],[77.6030473,13.051402],[77.6030766,13.0513959],[77.603307,13.051348],[77.6034325,13.0513344],[77.6038626,13.0512775],[77.60396,13.0512722],[77.6040035,13.0512698]]}},{"type":"Feature","properties":{"id":"505292731","name":"","highway":"residential","oneway":"no","maxspeed":""},"geometry":{"type":"LineString","coordinates":[[77.6038055,13.0522919],[77.6036996,13.0518066]]}},{"type":"Feature","properties":{"id":"505292732","name":"","highway":"residential","oneway":"no","maxspeed":""},"geometry":{"type":"LineString","coordinates":[[77.6034467,13.0523661],[77.6033164,13.05179]]}},{"type":"Feature","properties":{"id":"505292733","name":"","highway":"residential","oneway":"no","maxspeed":""},"geometry":{"type":"LineString","coordinates":[[77.6027989,13.0514377],[77.602981,13.0524622]]}},{"type":"Feature","properties":{"id":"505292735","name":"6th Main Road","highway":"residential","oneway":"no","maxspeed":""},"geometry":{"type":"LineString","coordinates":[[77.6026786,13.0501001],[77.6024076,13.0501281],[77.6020985,13.0501471],[77.6019538,13.0501578],[77.6017874,13.0501693]]}},{"type":"Feature","properties":{"id":"505292736","name":"","highway":"residential","oneway":"no","maxspeed":""},"geometry":{"type":"LineString","coordinates":[[77.6017874,13.0501693],[77.6018206,13.0504714]]}},{"type":"Feature","properties":{"id":"505292737","name":"","highway":"residential","oneway":"no","maxspeed":""},"geometry":{"type":"LineString","coordinates":[[77.6020377,13.0507336],[77.6021721,13.0515222]]}},{"type":"Feature","properties":{"id":"505292738","name":"","highway":"residential","oneway":"no","maxspeed":""},"geometry":{"type":"LineString","coordinates":[[77.6026779,13.0525248],[77.6024665,13.0514811],[77.6023221,13.0507115],[77.6020377,13.0507336],[77.6011765,13.0508116]]}},{"type":"Feature","properties":{"id":"505292739","name":"","highway":"residential","oneway":"no","maxspeed":""},"geometry":{"type":"LineString","coordinates":[[77.6018727,13.0515639],[77.601812,13.0510808],[77.6017959,13.0509526]]}},{"type":"Feature","properties":{"id":"505292741","name":"","highway":"residential","oneway":"no","maxspeed":""},"geometry":{"type":"LineString","coordinates":[[77.6027989,13.0514377],[77.602673,13.0506815],[77.6023221,13.0507115]]}},{"type":"Feature","properties":{"id":"505292742","name":"","highway":"residential","oneway":"no","maxspeed":""},"geometry":{"type":"LineString","coordinates":[[77.6022741,13.0495047],[77.6024076,13.0501281],[77.6024453,13.0505157]]}},{"type":"Feature","properties":{"id":"505292743","name":"","highway":"residential","oneway":"no","maxspeed":""},"geometry":{"type":"LineString","coordinates":[[77.6029758,13.0497494],[77.6031139,13.0505272]]}},{"type":"Feature","properties":{"id":"505292744","name":"","highway":"residential","oneway":"no","maxspeed":""},"geometry":{"type":"LineString","coordinates":[[77.6032839,13.049364],[77.6033385,13.0497063],[77.603406,13.0501282],[77.6034592,13.0504829]]}},{"type":"Feature","properties":{"id":"505292745","name":"5th Main Road","highway":"residential","oneway":"no","maxspeed":""},"geometry":{"type":"LineString","coordinates":[[77.6033385,13.0497063],[77.6029758,13.0497494]]}},{"type":"Feature","properties":{"id":"505292746","name":"","highway":"residential","oneway":"no","maxspeed":""},"geometry":{"type":"LineString","coordinates":[[77.6025858,13.0535872],[77.6019461,13.0537876]]}},{"type":"Feature","properties":{"id":"505292747","name":"","highway":"residential","oneway":"no","maxspeed":""},"geometry":{"type":"LineString","coordinates":[[77.6025688,13.0534649],[77.6019163,13.0536291]]}},{"type":"Feature","properties":{"id":"505292748","name":"","highway":"residential","oneway":"no","maxspeed":""},"geometry":{"type":"LineString","coordinates":[[77.6025049,13.0531579],[77.6018491,13.0532925]]}},{"type":"Feature","properties":{"id":"505292749","name":"","highway":"residential","oneway":"no","maxspeed":""},"geometry":{"type":"LineString","coordinates":[[77.6033153,13.0526717],[77.6017759,13.0530322]]}},{"type":"Feature","properties":{"id":"505292751","name":"","highway":"residential","oneway":"no","maxspeed":""},"geometry":{"type":"LineString","coordinates":[[77.6018727,13.0515639],[77.6019484,13.0520097],[77.6020329,13.0524048]]}},{"type":"Feature","properties":{"id":"505292752","name":"","highway":"service","oneway":"no","maxspeed":""},"geometry":{"type":"LineString","coordinates":[[77.6017349,13.0530214],[77.6017186,13.0529563],[77.6017022,13.0528912],[77.6016445,13.0526064]]}},{"type":"Feature","properties":{"id":"505292753","name":"","highway":"residential","oneway":"no","maxspeed":""},"geometry":{"type":"LineString","coordinates":[[77.6000476,13.0504041],[77.6005233,13.0503477],[77.6007167,13.0503247],[77.6009789,13.0502936],[77.6012993,13.0502556]]}},{"type":"Feature","properties":{"id":"505292754","name":"","highway":"residential","oneway":"no","maxspeed":""},"geometry":{"type":"LineString","coordinates":[[77.6012993,13.0502556],[77.6012855,13.0501371],[77.6012154,13.0496512]]}},{"type":"Feature","properties":{"id":"505295899","name":"","highway":"residential","oneway":"no","maxspeed":""},"geometry":{"type":"LineString","coordinates":[[77.6010776,13.0471851],[77.601459,13.0471329],[77.6023387,13.0470026]]}},{"type":"Feature","properties":{"id":"505295901","name":"","highway":"residential","oneway":"no","maxspeed":""},"geometry":{"type":"LineString","coordinates":[[77.6028811,13.0472358],[77.6026049,13.0472786],[77.6020117,13.0473336],[77.601585,13.0473986],[77.6015009,13.0474125]]}},{"type":"Feature","properties":{"id":"505295902","name":"","highway":"residential","oneway":"no","maxspeed":""},"geometry":{"type":"LineString","coordinates":[[77.6015568,13.0478759],[77.601539,13.0478218],[77.6015009,13.0474125]]}},{"type":"Feature","properties":{"id":"505295905","name":"","highway":"residential","oneway":"no","maxspeed":""},"geometry":{"type":"LineString","coordinates":[[77.6023,13.0467093],[77.6019758,13.0467595],[77.6015982,13.0468188],[77.6012035,13.0468791],[77.6010472,13.0468944]]}},{"type":"Feature","properties":{"id":"505295906","name":"","highway":"residential","oneway":"no","maxspeed":""},"geometry":{"type":"LineString","coordinates":[[77.6017086,13.0495839],[77.601663,13.049294],[77.6016485,13.0490375]]}},{"type":"Feature","properties":{"id":"505295908","name":"","highway":"service","oneway":"no","maxspeed":""},"geometry":{"type":"LineString","coordinates":[[77.601663,13.049294],[77.6018629,13.049271]]}},{"type":"Feature","properties":{"id":"505295910","name":"","highway":"residential","oneway":"no","maxspeed":""},"geometry":{"type":"LineString","coordinates":[[77.6002403,13.0542099],[77.6001754,13.0538676]]}},{"type":"Feature","properties":{"id":"505295911","name":"","highway":"residential","oneway":"no","maxspeed":""},"geometry":{"type":"LineString","coordinates":[[77.5992979,13.0547679],[77.5988251,13.0549377]]}},{"type":"Feature","properties":{"id":"505295913","name":"","highway":"residential","oneway":"no","maxspeed":""},"geometry":{"type":"LineString","coordinates":[[77.5992142,13.0544783],[77.5988126,13.0546141],[77.5979842,13.0548358]]}},{"type":"Feature","properties":{"id":"505295919","name":"","highway":"residential","oneway":"no","maxspeed":""},"geometry":{"type":"LineString","coordinates":[[77.5984008,13.0543235],[77.5990817,13.0541084]]}},{"type":"Feature","properties":{"id":"505295921","name":"","highway":"residential","oneway":"no","maxspeed":""},"geometry":{"type":"LineString","coordinates":[[77.6015546,13.0529627],[77.6012678,13.0530034],[77.6006696,13.0530884],[77.6003839,13.053129],[77.6001118,13.0531676],[77.5998476,13.0532051],[77.5995562,13.0532464],[77.5992536,13.0532894]]}},{"type":"Feature","properties":{"id":"505295922","name":"","highway":"residential","oneway":"no","maxspeed":""},"geometry":{"type":"LineString","coordinates":[[77.5992536,13.0532894],[77.5989062,13.0533558],[77.5982977,13.053467],[77.597987,13.053526]]}},{"type":"Feature","properties":{"id":"505295925","name":"","highway":"residential","oneway":"no","maxspeed":""},"geometry":{"type":"LineString","coordinates":[[77.5989789,13.0536644],[77.5989062,13.0533558],[77.5988251,13.0530122],[77.5978963,13.0531844]]}},{"type":"Feature","properties":{"id":"505295928","name":"","highway":"residential","oneway":"no","maxspeed":""},"geometry":{"type":"LineString","coordinates":[[77.5951682,13.054474],[77.5951677,13.0545338],[77.5951469,13.0554042],[77.5961182,13.0554149],[77.5964314,13.0553942],[77.5964625,13.0552172],[77.5972335,13.0552615],[77.597261,13.0552369],[77.5972792,13.0552107],[77.5972791,13.054998],[77.5972899,13.0549697],[77.597317,13.0549564],[77.5976274,13.0549666],[77.5976657,13.0549587],[77.5977057,13.0549047],[77.5977091,13.0548558],[77.5977072,13.0541599],[77.5976478,13.0540969],[77.597591,13.0540336],[77.5975623,13.0538007],[77.5975208,13.053752],[77.5974727,13.0537358],[77.5970144,13.0537566],[77.596957,13.05378],[77.5969263,13.0538437],[77.5969299,13.0539179],[77.596944,13.0540973],[77.5969386,13.0541317],[77.5969014,13.0541451],[77.596146,13.0542033],[77.5954509,13.0542501],[77.5953777,13.0542653],[77.5952781,13.0542979]]}},{"type":"Feature","properties":{"id":"505295933","name":"","highway":"residential","oneway":"no","maxspeed":""},"geometry":{"type":"LineString","coordinates":[[77.597926,13.0533721],[77.5975539,13.0533871],[77.5971961,13.0534015],[77.5969076,13.0534132],[77.5969185,13.0536705]]}},{"type":"Feature","properties":{"id":"505295934","name":"","highway":"residential","oneway":"no","maxspeed":""},"geometry":{"type":"LineString","coordinates":[[77.5972294,13.0554454],[77.5972357,13.0553678],[77.5972375,13.0553456],[77.5972335,13.0552615]]}},{"type":"Feature","properties":{"id":"505295943","name":"","highway":"residential","oneway":"no","maxspeed":""},"geometry":{"type":"LineString","coordinates":[[77.6004918,13.0551217],[77.6004041,13.054697]]}},{"type":"Feature","properties":{"id":"505295944","name":"4th Cross Road","highway":"residential","oneway":"no","maxspeed":""},"geometry":{"type":"LineString","coordinates":[[77.6008888,13.0551391],[77.6007697,13.054586]]}},{"type":"Feature","properties":{"id":"505295945","name":"","highway":"residential","oneway":"no","maxspeed":""},"geometry":{"type":"LineString","coordinates":[[77.6001441,13.0551164],[77.6000459,13.0547925]]}},{"type":"Feature","properties":{"id":"505295946","name":"5th Cross Road","highway":"residential","oneway":"no","maxspeed":""},"geometry":{"type":"LineString","coordinates":[[77.6012228,13.0551479],[77.6011411,13.0547376]]}},{"type":"Feature","properties":{"id":"505295947","name":"","highway":"residential","oneway":"no","maxspeed":""},"geometry":{"type":"LineString","coordinates":[[77.5976889,13.0519189],[77.5982284,13.051815],[77.5982643,13.0518091],[77.5984613,13.0517766],[77.598491,13.0517717],[77.5989154,13.0517018],[77.5992536,13.0532894]]}},{"type":"Feature","properties":{"id":"505295950","name":"","highway":"residential","oneway":"no","maxspeed":""},"geometry":{"type":"LineString","coordinates":[[77.5984613,13.0517766],[77.5983482,13.0513498],[77.5976554,13.0514637]]}},{"type":"Feature","properties":{"id":"505295951","name":"","highway":"residential","oneway":"no","maxspeed":""},"geometry":{"type":"LineString","coordinates":[[77.5989154,13.0517018],[77.5987938,13.0511818]]}},{"type":"Feature","properties":{"id":"505295952","name":"","highway":"residential","oneway":"no","maxspeed":""},"geometry":{"type":"LineString","coordinates":[[77.5989154,13.0517018],[77.5992128,13.0516427],[77.5995562,13.0532464]]}},{"type":"Feature","properties":{"id":"505295953","name":"","highway":"residential","oneway":"no","maxspeed":""},"geometry":{"type":"LineString","coordinates":[[77.6014294,13.0526866],[77.6009965,13.052757]]}},{"type":"Feature","properties":{"id":"505295954","name":"","highway":"residential","oneway":"no","maxspeed":""},"geometry":{"type":"LineString","coordinates":[[77.6006696,13.0530884],[77.6005997,13.0527258]]}},{"type":"Feature","properties":{"id":"505295955","name":"","highway":"residential","oneway":"no","maxspeed":""},"geometry":{"type":"LineString","coordinates":[[77.6003839,13.053129],[77.6003165,13.0527696]]}},{"type":"Feature","properties":{"id":"505295956","name":"","highway":"residential","oneway":"no","maxspeed":""},"geometry":{"type":"LineString","coordinates":[[77.6001118,13.0531676],[77.6000476,13.0527981]]}},{"type":"Feature","properties":{"id":"505295957","name":"","highway":"residential","oneway":"no","maxspeed":""},"geometry":{"type":"LineString","coordinates":[[77.5998476,13.0532051],[77.5997696,13.0528443]]}},{"type":"Feature","properties":{"id":"505295958","name":"","highway":"residential","oneway":"no","maxspeed":""},"geometry":{"type":"LineString","coordinates":[[77.5951206,13.0485434],[77.5950813,13.0481065],[77.5950593,13.0476342],[77.5950441,13.0473084],[77.5950419,13.0472674],[77.5950369,13.0471733],[77.5949922,13.0466114]]}},{"type":"Feature","properties":{"id":"505295960","name":"","highway":"residential","oneway":"no","maxspeed":""},"geometry":{"type":"LineString","coordinates":[[77.5977017,13.0490657],[77.5977012,13.0490379],[77.5976735,13.0481645],[77.5976726,13.0481494],[77.5976666,13.0481272],[77.5976486,13.0481169],[77.5973865,13.0481317],[77.5973658,13.0481419],[77.5973556,13.0481575],[77.5973554,13.0481799],[77.5973538,13.0482028],[77.5973795,13.0490496],[77.5973805,13.0490788]]}},{"type":"Feature","properties":{"id":"505295961","name":"","highway":"residential","oneway":"yes","maxspeed":""},"geometry":{"type":"LineString","coordinates":[[77.5989609,13.0484432],[77.5992559,13.0484137],[77.599327,13.0486866],[77.5994906,13.0486944],[77.5996032,13.0489966],[77.5997289,13.0489846],[77.5997695,13.0490042],[77.5997801,13.0490697]]}},{"type":"Feature","properties":{"id":"505295962","name":"","highway":"residential","oneway":"no","maxspeed":""},"geometry":{"type":"LineString","coordinates":[[77.6010425,13.048029],[77.6009083,13.0480564],[77.6007231,13.0480852],[77.6006047,13.0481036],[77.6004557,13.0481267],[77.6003077,13.0481523],[77.5998489,13.048215],[77.5998045,13.0478872],[77.599765,13.047596],[77.599733,13.0473596]]}},{"type":"Feature","properties":{"id":"505295963","name":"","highway":"residential","oneway":"no","maxspeed":""},"geometry":{"type":"LineString","coordinates":[[77.6003077,13.0481523],[77.6002729,13.0478627],[77.6002661,13.0478174],[77.6002236,13.0475345],[77.6001885,13.0473014]]}},{"type":"Feature","properties":{"id":"505295964","name":"","highway":"residential","oneway":"no","maxspeed":""},"geometry":{"type":"LineString","coordinates":[[77.6005836,13.0479085],[77.6005168,13.0472602]]}},{"type":"Feature","properties":{"id":"505295965","name":"","highway":"residential","oneway":"no","maxspeed":""},"geometry":{"type":"LineString","coordinates":[[77.6009083,13.0480564],[77.6008508,13.0476717],[77.6007684,13.0472346]]}},{"type":"Feature","properties":{"id":"505295966","name":"","highway":"residential","oneway":"no","maxspeed":""},"geometry":{"type":"LineString","coordinates":[[77.6008266,13.0472287],[77.6007356,13.0463427]]}},{"type":"Feature","properties":{"id":"505295967","name":"","highway":"residential","oneway":"no","maxspeed":""},"geometry":{"type":"LineString","coordinates":[[77.6005781,13.0472539],[77.6005215,13.0463905]]}},{"type":"Feature","properties":{"id":"505295968","name":"","highway":"residential","oneway":"no","maxspeed":""},"geometry":{"type":"LineString","coordinates":[[77.6001885,13.0473014],[77.6001478,13.0470643],[77.6001307,13.0469649],[77.6001003,13.0465797]]}},{"type":"Feature","properties":{"id":"505295969","name":"","highway":"residential","oneway":"no","maxspeed":""},"geometry":{"type":"LineString","coordinates":[[77.599733,13.0473596],[77.5996813,13.0470735],[77.5996238,13.046639]]}},{"type":"Feature","properties":{"id":"505295970","name":"","highway":"residential","oneway":"no","maxspeed":""},"geometry":{"type":"LineString","coordinates":[[77.5994805,13.0471049],[77.5993871,13.0471252],[77.599352,13.0466766]]}},{"type":"Feature","properties":{"id":"505295971","name":"","highway":"residential","oneway":"no","maxspeed":""},"geometry":{"type":"LineString","coordinates":[[77.5987413,13.0472122],[77.598729,13.0463444]]}},{"type":"Feature","properties":{"id":"505295972","name":"","highway":"residential","oneway":"no","maxspeed":""},"geometry":{"type":"LineString","coordinates":[[77.5990501,13.0471904],[77.5990514,13.0471646],[77.5990478,13.0468197],[77.5990512,13.0465102]]}},{"type":"Feature","properties":{"id":"505295973","name":"","highway":"residential","oneway":"no","maxspeed":""},"geometry":{"type":"LineString","coordinates":[[77.5984262,13.0471899],[77.5984251,13.0465441]]}},{"type":"Feature","properties":{"id":"505295974","name":"","highway":"residential","oneway":"no","maxspeed":""},"geometry":{"type":"LineString","coordinates":[[77.6004557,13.0481267],[77.6005151,13.0484052],[77.6005443,13.0485423],[77.6006389,13.049023],[77.6006769,13.0497273]]}},{"type":"Feature","properties":{"id":"505295975","name":"","highway":"residential","oneway":"no","maxspeed":""},"geometry":{"type":"LineString","coordinates":[[77.6009381,13.0496909],[77.6009329,13.0492238],[77.600889,13.0489209],[77.6007977,13.0484468],[77.6007793,13.0483576],[77.6007231,13.0480852]]}},{"type":"Feature","properties":{"id":"505295976","name":"","highway":"residential","oneway":"no","maxspeed":""},"geometry":{"type":"LineString","coordinates":[[77.6007793,13.0483576],[77.6010754,13.0483008]]}},{"type":"Feature","properties":{"id":"505295977","name":"","highway":"residential","oneway":"no","maxspeed":""},"geometry":{"type":"LineString","coordinates":[[77.6007793,13.0483576],[77.6005151,13.0484052]]}},{"type":"Feature","properties":{"id":"505295978","name":"","highway":"residential","oneway":"no","maxspeed":""},"geometry":{"type":"LineString","coordinates":[[77.6003828,13.0497683],[77.6003673,13.0492087],[77.6003402,13.0489618]]}},{"type":"Feature","properties":{"id":"505295979","name":"","highway":"residential","oneway":"no","maxspeed":""},"geometry":{"type":"LineString","coordinates":[[77.6001047,13.049807],[77.6000599,13.049027]]}},{"type":"Feature","properties":{"id":"505295980","name":"","highway":"residential","oneway":"yes","maxspeed":""},"geometry":{"type":"LineString","coordinates":[[77.5997801,13.0490697],[77.5998229,13.0494094],[77.5998303,13.0495215],[77.5998558,13.0497616],[77.5998602,13.0498032],[77.5998648,13.0498405]]}},{"type":"Feature","properties":{"id":"505295981","name":"","highway":"residential","oneway":"no","maxspeed":""},"geometry":{"type":"LineString","coordinates":[[77.6015568,13.0478759],[77.6016016,13.0478896],[77.6026152,13.0477401],[77.6026675,13.0477217]]}},{"type":"Feature","properties":{"id":"505295982","name":"","highway":"residential","oneway":"no","maxspeed":""},"geometry":{"type":"LineString","coordinates":[[77.6000914,13.0413258],[77.5999624,13.0413311],[77.5998366,13.0413362],[77.599814,13.0413654],[77.5998393,13.041551],[77.5999323,13.0422347],[77.6000014,13.0427425],[77.6000997,13.0435579]]}},{"type":"Feature","properties":{"id":"505295983","name":"","highway":"residential","oneway":"no","maxspeed":""},"geometry":{"type":"LineString","coordinates":[[77.6000014,13.0427425],[77.5993562,13.0428013],[77.5992224,13.0428152]]}},{"type":"Feature","properties":{"id":"505295984","name":"","highway":"service","oneway":"no","maxspeed":""},"geometry":{"type":"LineString","coordinates":[[77.6078051,13.0413713],[77.6079557,13.042059],[77.6080151,13.0423873],[77.6080772,13.0427307],[77.6081168,13.0429497]]}},{"type":"Feature","properties":{"id":"505295985","name":"","highway":"service","oneway":"no","maxspeed":""},"geometry":{"type":"LineString","coordinates":[[77.6087776,13.0425646],[77.6088114,13.0427883],[77.6088446,13.0429719],[77.6088614,13.0430644],[77.6088696,13.0431096],[77.6088782,13.0431569]]}},{"type":"Feature","properties":{"id":"505295986","name":"","highway":"service","oneway":"no","maxspeed":""},"geometry":{"type":"LineString","coordinates":[[77.6085377,13.0432326],[77.6085257,13.0431849],[77.6085164,13.0431437],[77.6083474,13.0423946]]}},{"type":"Feature","properties":{"id":"505295987","name":"","highway":"residential","oneway":"yes","maxspeed":""},"geometry":{"type":"LineString","coordinates":[[77.610867,13.0414895],[77.6110697,13.0414478],[77.6112715,13.0414031],[77.6117496,13.041297]]}},{"type":"Feature","properties":{"id":"505295988","name":"","highway":"residential","oneway":"yes","maxspeed":""},"geometry":{"type":"LineString","coordinates":[[77.6110708,13.0426112],[77.610867,13.0414895]]}},{"type":"Feature","properties":{"id":"505295989","name":"","highway":"residential","oneway":"yes","maxspeed":""},"geometry":{"type":"LineString","coordinates":[[77.6115121,13.0425073],[77.6112715,13.0414031]]}},{"type":"Feature","properties":{"id":"505295990","name":"5th Cross Road","highway":"residential","oneway":"no","maxspeed":""},"geometry":{"type":"LineString","coordinates":[[77.6116111,13.040801],[77.6105572,13.0409993]]}},{"type":"Feature","properties":{"id":"505295991","name":"","highway":"residential","oneway":"no","maxspeed":""},"geometry":{"type":"LineString","coordinates":[[77.6090192,13.0402561],[77.6094187,13.040078],[77.6099018,13.0399851],[77.6100515,13.039959],[77.610774,13.0398281]]}},{"type":"Feature","properties":{"id":"505295992","name":"","highway":"residential","oneway":"no","maxspeed":""},"geometry":{"type":"LineString","coordinates":[[77.6110646,13.0396242],[77.610936,13.0396386],[77.6105132,13.0397211],[77.6100929,13.0397819],[77.6099048,13.0398081],[77.6098655,13.039752],[77.6098092,13.039726],[77.6096741,13.039741]]}},{"type":"Feature","properties":{"id":"505295993","name":"","highway":"residential","oneway":"no","maxspeed":""},"geometry":{"type":"LineString","coordinates":[[77.6107504,13.0391873],[77.6099133,13.0393186]]}},{"type":"Feature","properties":{"id":"505295994","name":"","highway":"residential","oneway":"no","maxspeed":""},"geometry":{"type":"LineString","coordinates":[[77.6100546,13.0391488],[77.6106672,13.0390318]]}},{"type":"Feature","properties":{"id":"505299491","name":"","highway":"residential","oneway":"no","maxspeed":""},"geometry":{"type":"LineString","coordinates":[[77.591143,13.0666861],[77.5912245,13.0669529],[77.5913591,13.0673942],[77.5914613,13.0677291]]}},{"type":"Feature","properties":{"id":"505299492","name":"","highway":"residential","oneway":"no","maxspeed":""},"geometry":{"type":"LineString","coordinates":[[77.5915901,13.0673267],[77.5913591,13.0673942]]}},{"type":"Feature","properties":{"id":"505299494","name":"","highway":"residential","oneway":"no","maxspeed":""},"geometry":{"type":"LineString","coordinates":[[77.5914721,13.066893],[77.5912245,13.0669529]]}},{"type":"Feature","properties":{"id":"505299499","name":"","highway":"residential","oneway":"no","maxspeed":""},"geometry":{"type":"LineString","coordinates":[[77.5927163,13.0673899],[77.5923003,13.0673965],[77.592247,13.067397],[77.5921883,13.0673907],[77.5921023,13.0673903]]}},{"type":"Feature","properties":{"id":"505299500","name":"","highway":"residential","oneway":"no","maxspeed":""},"geometry":{"type":"LineString","coordinates":[[77.5918267,13.066464],[77.5919148,13.066827],[77.5921773,13.066898],[77.5923723,13.0669394],[77.5924444,13.066997],[77.5925211,13.0670166],[77.592822,13.0670227],[77.5928913,13.0669793],[77.5929574,13.0669633]]}},{"type":"Feature","properties":{"id":"505299502","name":"","highway":"residential","oneway":"no","maxspeed":""},"geometry":{"type":"LineString","coordinates":[[77.5923043,13.0662261],[77.5921964,13.0654925],[77.5919875,13.0655169],[77.591728,13.0655398]]}},{"type":"Feature","properties":{"id":"505299503","name":"","highway":"residential","oneway":"no","maxspeed":""},"geometry":{"type":"LineString","coordinates":[[77.591728,13.0655398],[77.5913454,13.0656],[77.5911534,13.0656426],[77.5909216,13.065694],[77.5908457,13.0657111],[77.5906427,13.0657568],[77.5904764,13.0657306],[77.5903637,13.0655216],[77.5903208,13.0653857],[77.5908572,13.0652394],[77.5910702,13.0651712],[77.5916565,13.0649834]]}},{"type":"Feature","properties":{"id":"505299504","name":"","highway":"residential","oneway":"no","maxspeed":""},"geometry":{"type":"LineString","coordinates":[[77.5930952,13.0653934],[77.5928467,13.0654098],[77.5928007,13.0651834],[77.5927825,13.0650938],[77.5927372,13.065104],[77.5924885,13.0651597],[77.5923408,13.0651822],[77.5921468,13.0652118],[77.5921964,13.0654925]]}},{"type":"Feature","properties":{"id":"505299505","name":"","highway":"residential","oneway":"no","maxspeed":""},"geometry":{"type":"LineString","coordinates":[[77.592448,13.0662136],[77.5924412,13.0659497],[77.5924311,13.0658198],[77.5924243,13.0657324],[77.5924412,13.0655975],[77.5924479,13.0654954],[77.5924153,13.0653749],[77.5923913,13.0653652],[77.5923534,13.065234],[77.5923408,13.0651822]]}},{"type":"Feature","properties":{"id":"505299506","name":"","highway":"residential","oneway":"no","maxspeed":""},"geometry":{"type":"LineString","coordinates":[[77.5924311,13.0658198],[77.5927851,13.0657778],[77.593067,13.0657585]]}},{"type":"Feature","properties":{"id":"505299508","name":"1st Main Road","highway":"residential","oneway":"no","maxspeed":""},"geometry":{"type":"LineString","coordinates":[[77.591728,13.0655398],[77.5916989,13.0653867],[77.5916854,13.0652914],[77.5916627,13.0651317],[77.5916565,13.0649834]]}},{"type":"Feature","properties":{"id":"505299509","name":"","highway":"residential","oneway":"no","maxspeed":""},"geometry":{"type":"LineString","coordinates":[[77.5916854,13.0652914],[77.5914477,13.0653577]]}},{"type":"Feature","properties":{"id":"505299510","name":"","highway":"residential","oneway":"no","maxspeed":""},"geometry":{"type":"LineString","coordinates":[[77.5911241,13.0654365],[77.5910702,13.0651712]]}},{"type":"Feature","properties":{"id":"505299512","name":"","highway":"residential","oneway":"no","maxspeed":""},"geometry":{"type":"LineString","coordinates":[[77.5915617,13.0641921],[77.5917611,13.0647317]]}},{"type":"Feature","properties":{"id":"505299513","name":"","highway":"residential","oneway":"no","maxspeed":""},"geometry":{"type":"LineString","coordinates":[[77.5916449,13.0632174],[77.5916539,13.063271],[77.5919115,13.0640471],[77.5915617,13.0641921]]}},{"type":"Feature","properties":{"id":"505299514","name":"","highway":"residential","oneway":"no","maxspeed":""},"geometry":{"type":"LineString","coordinates":[[77.592892,13.0631077],[77.5926888,13.0627601],[77.5926631,13.062716]]}},{"type":"Feature","properties":{"id":"505299515","name":"","highway":"residential","oneway":"no","maxspeed":""},"geometry":{"type":"LineString","coordinates":[[77.5924819,13.0632114],[77.5923337,13.0629408],[77.592307,13.0628916]]}},{"type":"Feature","properties":{"id":"505299516","name":"","highway":"service","oneway":"no","maxspeed":""},"geometry":{"type":"LineString","coordinates":[[77.5912502,13.0633863],[77.591304,13.0634346],[77.5913172,13.0634513],[77.59136,13.0634991]]}},{"type":"Feature","properties":{"id":"505299517","name":"","highway":"residential","oneway":"no","maxspeed":""},"geometry":{"type":"LineString","coordinates":[[77.5919115,13.0640471],[77.5919898,13.064112],[77.5920202,13.0641448],[77.5921828,13.0643996],[77.5923065,13.0646152]]}},{"type":"Feature","properties":{"id":"505299518","name":"","highway":"residential","oneway":"no","maxspeed":""},"geometry":{"type":"LineString","coordinates":[[77.5921828,13.0643996],[77.5919513,13.0645]]}},{"type":"Feature","properties":{"id":"505299519","name":"","highway":"residential","oneway":"no","maxspeed":""},"geometry":{"type":"LineString","coordinates":[[77.5896262,13.0597932],[77.5894803,13.0585527]]}},{"type":"Feature","properties":{"id":"505299520","name":"","highway":"residential","oneway":"no","maxspeed":""},"geometry":{"type":"LineString","coordinates":[[77.5887747,13.0603547],[77.5887783,13.060053],[77.5887878,13.059742]]}},{"type":"Feature","properties":{"id":"505299521","name":"","highway":"residential","oneway":"no","maxspeed":""},"geometry":{"type":"LineString","coordinates":[[77.589088,13.0601691],[77.5890979,13.0595594]]}},{"type":"Feature","properties":{"id":"505299522","name":"","highway":"residential","oneway":"no","maxspeed":""},"geometry":{"type":"LineString","coordinates":[[77.5894029,13.0599502],[77.5894026,13.0595695]]}},{"type":"Feature","properties":{"id":"505299524","name":"","highway":"residential","oneway":"no","maxspeed":""},"geometry":{"type":"LineString","coordinates":[[77.5899345,13.0595731],[77.5897971,13.0585722]]}},{"type":"Feature","properties":{"id":"505299525","name":"","highway":"residential","oneway":"no","maxspeed":""},"geometry":{"type":"LineString","coordinates":[[77.5902395,13.0593554],[77.5901012,13.0584767]]}},{"type":"Feature","properties":{"id":"505299526","name":"","highway":"residential","oneway":"no","maxspeed":""},"geometry":{"type":"LineString","coordinates":[[77.5905387,13.0591417],[77.5904932,13.0588224],[77.5905169,13.0586084],[77.5904324,13.058108]]}},{"type":"Feature","properties":{"id":"505299527","name":"","highway":"residential","oneway":"no","maxspeed":""},"geometry":{"type":"LineString","coordinates":[[77.5909143,13.0588735],[77.5907588,13.0581386]]}},{"type":"Feature","properties":{"id":"505299528","name":"","highway":"residential","oneway":"no","maxspeed":""},"geometry":{"type":"LineString","coordinates":[[77.5898685,13.0576522],[77.589905,13.0579427],[77.589095,13.0580393],[77.5890578,13.0577431]]}},{"type":"Feature","properties":{"id":"505299530","name":"","highway":"residential","oneway":"no","maxspeed":""},"geometry":{"type":"LineString","coordinates":[[77.5878474,13.0610362],[77.5879777,13.0603123],[77.588033,13.0600052],[77.5880856,13.0597134]]}},{"type":"Feature","properties":{"id":"505299531","name":"","highway":"residential","oneway":"no","maxspeed":""},"geometry":{"type":"LineString","coordinates":[[77.5887878,13.059742],[77.5880856,13.0597134],[77.5876311,13.0596939],[77.5875846,13.059692]]}},{"type":"Feature","properties":{"id":"505299532","name":"3rd Main Road","highway":"residential","oneway":"no","maxspeed":""},"geometry":{"type":"LineString","coordinates":[[77.5891658,13.057731],[77.5891316,13.057405],[77.5891022,13.0571228],[77.5890783,13.0568489],[77.5890582,13.0565629],[77.5890377,13.0562715],[77.589021,13.0560343],[77.5890076,13.0558432],[77.5889878,13.0556158],[77.588971,13.0554216],[77.5889377,13.0550385],[77.5888618,13.0549958]]}},{"type":"Feature","properties":{"id":"505299534","name":"","highway":"residential","oneway":"no","maxspeed":""},"geometry":{"type":"LineString","coordinates":[[77.5891316,13.057405],[77.5899245,13.0573272]]}},{"type":"Feature","properties":{"id":"505299536","name":"","highway":"residential","oneway":"no","maxspeed":""},"geometry":{"type":"LineString","coordinates":[[77.5899245,13.0573272],[77.5900163,13.0573097],[77.5904286,13.0572274]]}},{"type":"Feature","properties":{"id":"505299537","name":"","highway":"residential","oneway":"no","maxspeed":""},"geometry":{"type":"LineString","coordinates":[[77.5899245,13.0573272],[77.5899023,13.0571266],[77.5903238,13.0570545]]}},{"type":"Feature","properties":{"id":"505299539","name":"","highway":"residential","oneway":"no","maxspeed":""},"geometry":{"type":"LineString","coordinates":[[77.5891022,13.0571228],[77.5898873,13.0570252],[77.5901887,13.0569475]]}},{"type":"Feature","properties":{"id":"505299540","name":"","highway":"residential","oneway":"no","maxspeed":""},"geometry":{"type":"LineString","coordinates":[[77.5890783,13.0568489],[77.5901143,13.0567204]]}},{"type":"Feature","properties":{"id":"505299541","name":"9th Cross Road","highway":"residential","oneway":"no","maxspeed":""},"geometry":{"type":"LineString","coordinates":[[77.5890582,13.0565629],[77.5901163,13.0564639],[77.5904302,13.0564545],[77.5906044,13.0564636],[77.590793,13.0564871]]}},{"type":"Feature","properties":{"id":"505299542","name":"","highway":"residential","oneway":"no","maxspeed":""},"geometry":{"type":"LineString","coordinates":[[77.5890377,13.0562715],[77.5894143,13.0562455],[77.5898772,13.0562126],[77.5900096,13.0561994],[77.5901408,13.0561862],[77.5905835,13.0561336],[77.5906702,13.0561216]]}},{"type":"Feature","properties":{"id":"505299544","name":"","highway":"residential","oneway":"no","maxspeed":""},"geometry":{"type":"LineString","coordinates":[[77.589021,13.0560343],[77.5893059,13.0559785],[77.589843,13.0558626]]}},{"type":"Feature","properties":{"id":"505299546","name":"","highway":"residential","oneway":"no","maxspeed":""},"geometry":{"type":"LineString","coordinates":[[77.589843,13.0558626],[77.5898512,13.0558279],[77.5898423,13.055772],[77.5898057,13.0556495],[77.5897465,13.0556474],[77.5896873,13.0556605],[77.5896325,13.0556884],[77.5895143,13.0557299],[77.5892117,13.0557926],[77.5890076,13.0558432]]}},{"type":"Feature","properties":{"id":"505299547","name":"","highway":"residential","oneway":"no","maxspeed":""},"geometry":{"type":"LineString","coordinates":[[77.5889878,13.0556158],[77.5892171,13.0555787],[77.5894097,13.0555569],[77.5895506,13.0555512],[77.5895881,13.0555912],[77.5896108,13.0556334],[77.5896325,13.0556884]]}},{"type":"Feature","properties":{"id":"505299548","name":"","highway":"residential","oneway":"no","maxspeed":""},"geometry":{"type":"LineString","coordinates":[[77.5898366,13.055218],[77.5896088,13.0552782],[77.5894179,13.0553261],[77.5894023,13.05533],[77.589232,13.0553694],[77.588971,13.0554216]]}},{"type":"Feature","properties":{"id":"505299549","name":"","highway":"residential","oneway":"no","maxspeed":""},"geometry":{"type":"LineString","coordinates":[[77.5889377,13.0550385],[77.5891777,13.0549942],[77.5894383,13.0549343],[77.5895918,13.0548939],[77.5896749,13.054875],[77.5898366,13.055218],[77.589879,13.0552826],[77.5899589,13.0552532],[77.5902793,13.0551354],[77.5903942,13.0553677],[77.5905347,13.0555771],[77.5906561,13.0557326],[77.590668,13.0557713],[77.5907008,13.0558778],[77.5907378,13.0561151],[77.5906702,13.0561216]]}},{"type":"Feature","properties":{"id":"505299550","name":"","highway":"residential","oneway":"no","maxspeed":""},"geometry":{"type":"LineString","coordinates":[[77.5889893,13.0548174],[77.5891979,13.054805],[77.5894172,13.0547849],[77.5895728,13.0547638],[77.5895918,13.0548939]]}},{"type":"Feature","properties":{"id":"505299551","name":"","highway":"residential","oneway":"no","maxspeed":""},"geometry":{"type":"LineString","coordinates":[[77.5894179,13.0553261],[77.5893533,13.0551576],[77.5893447,13.0551316]]}},{"type":"Feature","properties":{"id":"505299552","name":"","highway":"residential","oneway":"no","maxspeed":""},"geometry":{"type":"LineString","coordinates":[[77.5891094,13.0544088],[77.5893056,13.0544037],[77.5895691,13.0544047],[77.5896055,13.0545798],[77.5891906,13.0546028],[77.5890431,13.0546078]]}},{"type":"Feature","properties":{"id":"505299553","name":"","highway":"residential","oneway":"no","maxspeed":""},"geometry":{"type":"LineString","coordinates":[[77.5896055,13.0545798],[77.5897369,13.054548],[77.5898953,13.0545115],[77.5901018,13.0544783],[77.5900377,13.0541837]]}},{"type":"Feature","properties":{"id":"505299554","name":"","highway":"residential","oneway":"no","maxspeed":""},"geometry":{"type":"LineString","coordinates":[[77.5901018,13.0544783],[77.5902444,13.0544436],[77.5904707,13.0553252],[77.5906638,13.0555386],[77.5907788,13.0555179],[77.5908405,13.0557252],[77.5908002,13.055736],[77.590668,13.0557713]]}},{"type":"Feature","properties":{"id":"505299556","name":"","highway":"residential","oneway":"no","maxspeed":""},"geometry":{"type":"LineString","coordinates":[[77.5908002,13.055736],[77.5908533,13.056111],[77.5907378,13.0561151]]}},{"type":"Feature","properties":{"id":"505299557","name":"","highway":"residential","oneway":"no","maxspeed":""},"geometry":{"type":"LineString","coordinates":[[77.5901143,13.0567204],[77.5901587,13.0567778],[77.5904342,13.0567663],[77.5904619,13.0568016],[77.5906684,13.0567808]]}},{"type":"Feature","properties":{"id":"505299559","name":"","highway":"residential","oneway":"no","maxspeed":""},"geometry":{"type":"LineString","coordinates":[[77.5907514,13.0571375],[77.5907024,13.0568617],[77.5906684,13.0567808]]}},{"type":"Feature","properties":{"id":"505299560","name":"","highway":"residential","oneway":"no","maxspeed":""},"geometry":{"type":"LineString","coordinates":[[77.5908977,13.0575094],[77.590894,13.0573055],[77.5908689,13.0571273],[77.5908541,13.057013],[77.5908046,13.0566017],[77.590793,13.0564871]]}},{"type":"Feature","properties":{"id":"505299561","name":"","highway":"residential","oneway":"no","maxspeed":""},"geometry":{"type":"LineString","coordinates":[[77.5900096,13.0561994],[77.5899959,13.0560186],[77.5899917,13.0558568],[77.5899576,13.0556805],[77.58993,13.055525],[77.589879,13.0552826]]}},{"type":"Feature","properties":{"id":"505299562","name":"","highway":"service","oneway":"no","maxspeed":""},"geometry":{"type":"LineString","coordinates":[[77.591793,13.0528716],[77.5929433,13.0526817],[77.5930613,13.0527131],[77.59301,13.0534574],[77.5921909,13.0535245],[77.5914975,13.0535953],[77.5913834,13.0529234],[77.591793,13.0528716],[77.5916677,13.0521714],[77.5916023,13.0516605],[77.5914678,13.0503333],[77.5914572,13.0502579],[77.5914285,13.0498225],[77.5915276,13.0497686],[77.5916386,13.0496961],[77.5916719,13.0496125],[77.591476,13.0488615],[77.5908853,13.0490091]]}},{"type":"Feature","properties":{"id":"505299563","name":"","highway":"service","oneway":"no","maxspeed":""},"geometry":{"type":"LineString","coordinates":[[77.5840545,13.0520274],[77.5833742,13.0514088],[77.5833228,13.0512373],[77.5834154,13.0511537],[77.5849198,13.0505151],[77.5849649,13.0503571],[77.5850053,13.0501268],[77.5857744,13.0498067],[77.586393,13.0495518],[77.5882044,13.0489723],[77.5890425,13.0487748],[77.5898805,13.0488275],[77.5902996,13.048709],[77.5905294,13.0487304]]}},{"type":"Feature","properties":{"id":"505299564","name":"","highway":"service","oneway":"no","maxspeed":""},"geometry":{"type":"LineString","coordinates":[[77.5898805,13.0488275],[77.5901973,13.0493111],[77.590241,13.0495046]]}},{"type":"Feature","properties":{"id":"505299570","name":"","highway":"service","oneway":"no","maxspeed":""},"geometry":{"type":"LineString","coordinates":[[77.5847702,13.0558147],[77.5852054,13.0556264],[77.5854673,13.0555149],[77.5859358,13.0553362],[77.5863257,13.0551775],[77.5863938,13.0551504],[77.5868532,13.0549676],[77.5873168,13.054783],[77.5878251,13.0545807]]}},{"type":"Feature","properties":{"id":"505299571","name":"","highway":"service","oneway":"no","maxspeed":""},"geometry":{"type":"LineString","coordinates":[[77.5880467,13.0551311],[77.5875599,13.055346],[77.5873168,13.054783]]}},{"type":"Feature","properties":{"id":"505299576","name":"","highway":"service","oneway":"no","maxspeed":""},"geometry":{"type":"LineString","coordinates":[[77.587951,13.0548934],[77.5886589,13.0545926]]}},{"type":"Feature","properties":{"id":"546257998","name":"","highway":"residential","oneway":"no","maxspeed":""},"geometry":{"type":"LineString","coordinates":[[77.611955,13.0490263],[77.6124426,13.0490428],[77.6124938,13.048993],[77.6125011,13.0489245],[77.6125677,13.048307]]}},{"type":"Feature","properties":{"id":"546257999","name":"","highway":"residential","oneway":"no","maxspeed":""},"geometry":{"type":"LineString","coordinates":[[77.6125011,13.0489245],[77.6127675,13.0489274],[77.6130473,13.0489305],[77.6133542,13.0489339],[77.6136692,13.0489426]]}},{"type":"Feature","properties":{"id":"546258000","name":"","highway":"residential","oneway":"no","maxspeed":""},"geometry":{"type":"LineString","coordinates":[[77.6136588,13.0494154],[77.6136692,13.0489426],[77.6136809,13.0485987],[77.6136862,13.0484429]]}},{"type":"Feature","properties":{"id":"546258001","name":"","highway":"residential","oneway":"no","maxspeed":""},"geometry":{"type":"LineString","coordinates":[[77.6127675,13.0489274],[77.6128526,13.0482476]]}},{"type":"Feature","properties":{"id":"546258002","name":"","highway":"residential","oneway":"no","maxspeed":""},"geometry":{"type":"LineString","coordinates":[[77.6130473,13.0489305],[77.6131071,13.0483718]]}},{"type":"Feature","properties":{"id":"546258003","name":"","highway":"residential","oneway":"no","maxspeed":""},"geometry":{"type":"LineString","coordinates":[[77.6133542,13.0489339],[77.6133866,13.0483275]]}},{"type":"Feature","properties":{"id":"546258004","name":"","highway":"residential","oneway":"no","maxspeed":""},"geometry":{"type":"LineString","coordinates":[[77.6139749,13.0494052],[77.6140134,13.0486085]]}},{"type":"Feature","properties":{"id":"546258005","name":"","highway":"residential","oneway":"no","maxspeed":""},"geometry":{"type":"LineString","coordinates":[[77.6143898,13.0493993],[77.6144011,13.0486146],[77.6140134,13.0486085]]}},{"type":"Feature","properties":{"id":"546258006","name":"","highway":"residential","oneway":"no","maxspeed":""},"geometry":{"type":"LineString","coordinates":[[77.6159027,13.0487653],[77.6159668,13.0491168],[77.615978,13.0491904],[77.6160076,13.0493841],[77.6160431,13.0495962],[77.6161074,13.04998],[77.6161414,13.0501833],[77.6161467,13.0504327],[77.6161508,13.0506281],[77.6161534,13.0507492],[77.616131,13.0509468],[77.616127,13.0509839],[77.6161167,13.0510809],[77.61605,13.0512801]]}},{"type":"Feature","properties":{"id":"546258007","name":"","highway":"residential","oneway":"no","maxspeed":""},"geometry":{"type":"LineString","coordinates":[[77.6160431,13.0495962],[77.617239,13.0494764],[77.6172723,13.0494731],[77.6173753,13.0494628],[77.617655,13.0494348]]}},{"type":"Feature","properties":{"id":"546258008","name":"","highway":"residential","oneway":"no","maxspeed":""},"geometry":{"type":"LineString","coordinates":[[77.615978,13.0491904],[77.6173393,13.0490642],[77.617917,13.0490106]]}},{"type":"Feature","properties":{"id":"546258009","name":"","highway":"residential","oneway":"no","maxspeed":""},"geometry":{"type":"LineString","coordinates":[[77.6159027,13.0487653],[77.6171913,13.0486454],[77.6177269,13.0486213],[77.6180061,13.0486132]]}},{"type":"Feature","properties":{"id":"546768660","name":"15th Cross Road","highway":"residential","oneway":"no","maxspeed":""},"geometry":{"type":"LineString","coordinates":[[77.6242915,13.0353843],[77.6244687,13.0358985],[77.6245083,13.0360164],[77.6245792,13.0362271]]}},{"type":"Feature","properties":{"id":"546768661","name":"9th Cross Road","highway":"residential","oneway":"no","maxspeed":""},"geometry":{"type":"LineString","coordinates":[[77.6224545,13.0317669],[77.622638,13.0323995]]}},{"type":"Feature","properties":{"id":"546768662","name":"8th Main Road","highway":"residential","oneway":"no","maxspeed":""},"geometry":{"type":"LineString","coordinates":[[77.6256513,13.0332907],[77.6246397,13.0335758],[77.6243303,13.033663],[77.6242865,13.0336754]]}},{"type":"Feature","properties":{"id":"546771057","name":"3rd Main Road","highway":"residential","oneway":"no","maxspeed":""},"geometry":{"type":"LineString","coordinates":[[77.6221096,13.0436879],[77.6221257,13.0436513],[77.6221793,13.043633],[77.6224519,13.0435416],[77.6228441,13.04341],[77.6232307,13.0432803]]}},{"type":"Feature","properties":{"id":"546771058","name":"7th Cross Road","highway":"residential","oneway":"no","maxspeed":""},"geometry":{"type":"LineString","coordinates":[[77.6232307,13.0432803],[77.6232629,13.0433038],[77.6234587,13.0438813],[77.6238365,13.0449832],[77.6239485,13.0453101],[77.6244308,13.0466647]]}},{"type":"Feature","properties":{"id":"546771060","name":"1st Main Road","highway":"residential","oneway":"no","maxspeed":""},"geometry":{"type":"LineString","coordinates":[[77.625673,13.0434515],[77.6250869,13.0436488],[77.6247654,13.0437484],[77.6243869,13.0438656]]}},{"type":"Feature","properties":{"id":"546771061","name":"5th Cross Road","highway":"residential","oneway":"no","maxspeed":""},"geometry":{"type":"LineString","coordinates":[[77.6255747,13.04329],[77.6252329,13.0433603],[77.624887,13.0434458],[77.6247945,13.0434706],[77.624699,13.0435055],[77.6243118,13.043649],[77.6240255,13.043756],[77.6238198,13.0438308]]}},{"type":"Feature","properties":{"id":"546771062","name":"","highway":"residential","oneway":"no","maxspeed":""},"geometry":{"type":"LineString","coordinates":[[77.6242099,13.0421477],[77.6242142,13.0421596],[77.6242394,13.0422287],[77.6244152,13.0426634],[77.6245656,13.0431109]]}},{"type":"Feature","properties":{"id":"548052881","name":"","highway":"residential","oneway":"no","maxspeed":""},"geometry":{"type":"LineString","coordinates":[[77.6218954,13.0367718],[77.6220143,13.0371354],[77.6220509,13.0372474]]}},{"type":"Feature","properties":{"id":"551632602","name":"","highway":"residential","oneway":"no","maxspeed":""},"geometry":{"type":"LineString","coordinates":[[77.6006387,13.0522614],[77.6007477,13.0522441],[77.6013213,13.0521531]]}},{"type":"Feature","properties":{"id":"551632604","name":"","highway":"residential","oneway":"no","maxspeed":""},"geometry":{"type":"LineString","coordinates":[[77.6007113,13.0524736],[77.6013627,13.0523726]]}},{"type":"Feature","properties":{"id":"551632630","name":"","highway":"residential","oneway":"no","maxspeed":""},"geometry":{"type":"LineString","coordinates":[[77.5992979,13.0547679],[77.599335,13.0547538],[77.6020086,13.0540942]]}},{"type":"Feature","properties":{"id":"551632633","name":"","highway":"residential","oneway":"no","maxspeed":""},"geometry":{"type":"LineString","coordinates":[[77.6060943,13.055502],[77.6061103,13.0553495],[77.6061746,13.0552894],[77.6063919,13.0552476],[77.6063339,13.0549328],[77.6062719,13.0545896]]}},{"type":"Feature","properties":{"id":"551632639","name":"","highway":"residential","oneway":"no","maxspeed":""},"geometry":{"type":"LineString","coordinates":[[77.608307,13.0570266],[77.6079905,13.0557859],[77.6079313,13.0554634],[77.6078316,13.0549152],[77.6076995,13.0542364]]}},{"type":"Feature","properties":{"id":"551632641","name":"","highway":"residential","oneway":"no","maxspeed":""},"geometry":{"type":"LineString","coordinates":[[77.6091573,13.0593139],[77.610514,13.0591696]]}},{"type":"Feature","properties":{"id":"551632644","name":"","highway":"residential","oneway":"no","maxspeed":""},"geometry":{"type":"LineString","coordinates":[[77.6091331,13.0589945],[77.6105349,13.0588484]]}},{"type":"Feature","properties":{"id":"551632646","name":"","highway":"residential","oneway":"no","maxspeed":""},"geometry":{"type":"LineString","coordinates":[[77.6090902,13.0587593],[77.6105366,13.0585084]]}},{"type":"Feature","properties":{"id":"551632648","name":"","highway":"residential","oneway":"no","maxspeed":""},"geometry":{"type":"LineString","coordinates":[[77.6088568,13.0578467],[77.609015,13.0583794],[77.6090473,13.0585293],[77.6096803,13.0583778],[77.6105345,13.0582105]]}},{"type":"Feature","properties":{"id":"551632651","name":"","highway":"residential","oneway":"no","maxspeed":""},"geometry":{"type":"LineString","coordinates":[[77.609443,13.0576379],[77.6096803,13.0583778]]}},{"type":"Feature","properties":{"id":"551632652","name":"","highway":"residential","oneway":"no","maxspeed":""},"geometry":{"type":"LineString","coordinates":[[77.60745,13.0608718],[77.6073092,13.0620432],[77.6072717,13.0623911]]}},{"type":"Feature","properties":{"id":"551632654","name":"","highway":"residential","oneway":"no","maxspeed":""},"geometry":{"type":"LineString","coordinates":[[77.60745,13.0608718],[77.6074951,13.0602733],[77.6075604,13.0596204],[77.6075946,13.0592807],[77.6075995,13.0592323],[77.6076655,13.0585782],[77.6077115,13.0581218]]}},{"type":"Feature","properties":{"id":"551632657","name":"","highway":"residential","oneway":"no","maxspeed":""},"geometry":{"type":"LineString","coordinates":[[77.606807,13.0602498],[77.6071027,13.0602598],[77.6074951,13.0602733]]}},{"type":"Feature","properties":{"id":"551632659","name":"","highway":"residential","oneway":"no","maxspeed":""},"geometry":{"type":"LineString","coordinates":[[77.6033957,13.0583736],[77.6036268,13.0609157]]}},{"type":"Feature","properties":{"id":"551632662","name":"","highway":"residential","oneway":"no","maxspeed":""},"geometry":{"type":"LineString","coordinates":[[77.6082034,13.0521915],[77.6082239,13.0523366]]}},{"type":"Feature","properties":{"id":"551632663","name":"","highway":"residential","oneway":"no","maxspeed":""},"geometry":{"type":"LineString","coordinates":[[77.6102141,13.0517698],[77.6099454,13.0507874],[77.6098746,13.0505436]]}},{"type":"Feature","properties":{"id":"551632665","name":"","highway":"residential","oneway":"no","maxspeed":""},"geometry":{"type":"LineString","coordinates":[[77.6129276,13.0533896],[77.6135055,13.0532453],[77.614061,13.0531108]]}},{"type":"Feature","properties":{"id":"551632668","name":"","highway":"residential","oneway":"no","maxspeed":""},"geometry":{"type":"LineString","coordinates":[[77.6144717,13.0533786],[77.614459,13.053089],[77.6144563,13.0530266],[77.6144519,13.0529274]]}},{"type":"Feature","properties":{"id":"551632669","name":"","highway":"residential","oneway":"no","maxspeed":""},"geometry":{"type":"LineString","coordinates":[[77.6130454,13.0537041],[77.6132746,13.0546444]]}},{"type":"Feature","properties":{"id":"551632671","name":"","highway":"residential","oneway":"no","maxspeed":""},"geometry":{"type":"LineString","coordinates":[[77.612932,13.0516399],[77.6129325,13.0512642],[77.6129284,13.050952],[77.6129437,13.0508789],[77.6130087,13.050845],[77.6135381,13.0508188],[77.6135836,13.0508436],[77.6136077,13.0508997],[77.6136553,13.051877],[77.6136801,13.0523019],[77.6136821,13.0523368],[77.6136875,13.0524335],[77.6136808,13.0524779],[77.6136741,13.0525171],[77.6136366,13.0525772],[77.6135319,13.0525981],[77.6132852,13.0526399]]}},{"type":"Feature","properties":{"id":"551632676","name":"","highway":"residential","oneway":"no","maxspeed":""},"geometry":{"type":"LineString","coordinates":[[77.6072987,13.0554926],[77.6071647,13.0548006],[77.6070866,13.0543971],[77.6070513,13.0541244],[77.6070219,13.0538976]]}},{"type":"Feature","properties":{"id":"551632677","name":"","highway":"residential","oneway":"no","maxspeed":""},"geometry":{"type":"LineString","coordinates":[[77.6094097,13.0520312],[77.6094762,13.0523147],[77.6095542,13.0526478],[77.6096365,13.0529265],[77.6097072,13.0531657],[77.6098534,13.053735],[77.6099174,13.0540591],[77.6098949,13.0544344]]}},{"type":"Feature","properties":{"id":"551632680","name":"9th Cross Road","highway":"residential","oneway":"no","maxspeed":""},"geometry":{"type":"LineString","coordinates":[[77.606514,13.0545147],[77.6068841,13.0544428],[77.6070866,13.0543971],[77.607383,13.05432],[77.6076995,13.0542364],[77.6082842,13.0540979],[77.6085873,13.0540222],[77.6089038,13.0539569],[77.6090406,13.0539203],[77.6091075,13.0538989],[77.6092203,13.0538628],[77.6094173,13.053805],[77.6094966,13.0537818],[77.6096247,13.053765],[77.6098534,13.053735],[77.6100615,13.0536871],[77.6101511,13.0536642],[77.6101948,13.0536535],[77.6102255,13.053646],[77.6103568,13.0536182],[77.6106541,13.0535414],[77.6109188,13.0534746],[77.6109718,13.053463],[77.6111474,13.0534408],[77.6112462,13.0538138]]}},{"type":"Feature","properties":{"id":"551632683","name":"","highway":"residential","oneway":"no","maxspeed":""},"geometry":{"type":"LineString","coordinates":[[77.6095542,13.0526478],[77.6101127,13.0525309],[77.6108154,13.0523547]]}},{"type":"Feature","properties":{"id":"551632686","name":"Saint Peter Street","highway":"residential","oneway":"no","maxspeed":""},"geometry":{"type":"LineString","coordinates":[[77.6119289,13.0506276],[77.6112263,13.0507977],[77.6107076,13.0509233]]}},{"type":"Feature","properties":{"id":"551632687","name":"","highway":"residential","oneway":"no","maxspeed":""},"geometry":{"type":"LineString","coordinates":[[77.6173393,13.0490642],[77.6173753,13.0494628]]}},{"type":"Feature","properties":{"id":"551632689","name":"","highway":"residential","oneway":"no","maxspeed":""},"geometry":{"type":"LineString","coordinates":[[77.6161167,13.0510809],[77.6163888,13.0510799],[77.6166435,13.0510789],[77.617059,13.0510773],[77.6174795,13.0510757],[77.6177055,13.0510748]]}},{"type":"Feature","properties":{"id":"551632692","name":"","highway":"residential","oneway":"no","maxspeed":""},"geometry":{"type":"LineString","coordinates":[[77.6148491,13.049395],[77.6148294,13.0490966],[77.6147979,13.0486213],[77.6153346,13.0485798]]}},{"type":"Feature","properties":{"id":"551632694","name":"","highway":"residential","oneway":"no","maxspeed":""},"geometry":{"type":"LineString","coordinates":[[77.6106436,13.0496997],[77.6106888,13.0502073]]}},{"type":"Feature","properties":{"id":"551632696","name":"","highway":"residential","oneway":"no","maxspeed":""},"geometry":{"type":"LineString","coordinates":[[77.6114484,13.0495118],[77.6115525,13.0500087]]}},{"type":"Feature","properties":{"id":"551632698","name":"","highway":"residential","oneway":"no","maxspeed":""},"geometry":{"type":"LineString","coordinates":[[77.6112051,13.0495724],[77.6113272,13.0500636]]}},{"type":"Feature","properties":{"id":"551632700","name":"","highway":"residential","oneway":"no","maxspeed":""},"geometry":{"type":"LineString","coordinates":[[77.6109706,13.0496329],[77.6110891,13.0503288]]}},{"type":"Feature","properties":{"id":"551632702","name":"","highway":"residential","oneway":"no","maxspeed":""},"geometry":{"type":"LineString","coordinates":[[77.6107709,13.0496779],[77.6108685,13.0502308]]}},{"type":"Feature","properties":{"id":"551632705","name":"","highway":"residential","oneway":"no","maxspeed":""},"geometry":{"type":"LineString","coordinates":[[77.6154403,13.0532171],[77.6156117,13.0539523]]}},{"type":"Feature","properties":{"id":"551632706","name":"","highway":"residential","oneway":"no","maxspeed":""},"geometry":{"type":"LineString","coordinates":[[77.6151193,13.0532695],[77.6152869,13.0540297]]}},{"type":"Feature","properties":{"id":"551632708","name":"","highway":"residential","oneway":"no","maxspeed":""},"geometry":{"type":"LineString","coordinates":[[77.6148235,13.053317],[77.6150128,13.0540756]]}},{"type":"Feature","properties":{"id":"551632711","name":"","highway":"residential","oneway":"no","maxspeed":""},"geometry":{"type":"LineString","coordinates":[[77.614527,13.0533689],[77.614711,13.0541239]]}},{"type":"Feature","properties":{"id":"551632713","name":"4th Cross Road","highway":"residential","oneway":"no","maxspeed":""},"geometry":{"type":"LineString","coordinates":[[77.6142246,13.0534216],[77.6144032,13.0541828]]}},{"type":"Feature","properties":{"id":"551632715","name":"","highway":"residential","oneway":"no","maxspeed":""},"geometry":{"type":"LineString","coordinates":[[77.6140579,13.0543029],[77.6138544,13.0535094]]}},{"type":"Feature","properties":{"id":"551632717","name":"","highway":"residential","oneway":"no","maxspeed":""},"geometry":{"type":"LineString","coordinates":[[77.6137012,13.0544545],[77.6134531,13.0536129]]}},{"type":"Feature","properties":{"id":"551632720","name":"","highway":"residential","oneway":"no","maxspeed":""},"geometry":{"type":"LineString","coordinates":[[77.6128158,13.0537609],[77.6130454,13.0537041],[77.6131779,13.0536799],[77.6134531,13.0536129],[77.6138544,13.0535094],[77.6140791,13.0534499],[77.6142246,13.0534216],[77.6144717,13.0533786],[77.614527,13.0533689],[77.614661,13.0533482],[77.6148235,13.053317],[77.6151193,13.0532695],[77.6154403,13.0532171]]}},{"type":"Feature","properties":{"id":"551632772","name":"","highway":"residential","oneway":"no","maxspeed":""},"geometry":{"type":"LineString","coordinates":[[77.6059467,13.056717],[77.6060057,13.0573039],[77.6062668,13.0573879]]}},{"type":"Feature","properties":{"id":"551632775","name":"","highway":"residential","oneway":"no","maxspeed":""},"geometry":{"type":"LineString","coordinates":[[77.6098919,13.0574681],[77.6096821,13.0568567]]}},{"type":"Feature","properties":{"id":"551632776","name":"","highway":"residential","oneway":"no","maxspeed":""},"geometry":{"type":"LineString","coordinates":[[77.6087603,13.056865],[77.6090374,13.0577832]]}},{"type":"Feature","properties":{"id":"551632778","name":"","highway":"residential","oneway":"no","maxspeed":""},"geometry":{"type":"LineString","coordinates":[[77.6062534,13.0572445],[77.6066177,13.0572417],[77.6069654,13.0572277],[77.6072636,13.0572308],[77.6073378,13.058104],[77.6072213,13.0592135],[77.6071027,13.0602598]]}},{"type":"Feature","properties":{"id":"551632781","name":"","highway":"residential","oneway":"no","maxspeed":""},"geometry":{"type":"LineString","coordinates":[[77.6067947,13.0567058],[77.6067131,13.0558745],[77.6066761,13.0554974]]}},{"type":"Feature","properties":{"id":"551632783","name":"","highway":"residential","oneway":"no","maxspeed":""},"geometry":{"type":"LineString","coordinates":[[77.6080602,13.057071],[77.608307,13.0570266],[77.6085082,13.0569904],[77.6087951,13.0578684]]}},{"type":"Feature","properties":{"id":"551632785","name":"","highway":"residential","oneway":"no","maxspeed":""},"geometry":{"type":"LineString","coordinates":[[77.6076339,13.0554832],[77.6077094,13.0558203],[77.6078618,13.0565697],[77.6079422,13.0565802],[77.6080602,13.057071]]}},{"type":"Feature","properties":{"id":"551632788","name":"","highway":"residential","oneway":"no","maxspeed":""},"geometry":{"type":"LineString","coordinates":[[77.608205,13.0554573],[77.6082996,13.0558773],[77.6084458,13.0563599],[77.6084958,13.0565704]]}},{"type":"Feature","properties":{"id":"551632790","name":"3rd Cross Road","highway":"residential","oneway":"no","maxspeed":""},"geometry":{"type":"LineString","coordinates":[[77.6087623,13.0554733],[77.6088508,13.0559067],[77.608922,13.0562554],[77.608999,13.0566324],[77.609348,13.0576738]]}},{"type":"Feature","properties":{"id":"551632794","name":"","highway":"residential","oneway":"no","maxspeed":""},"geometry":{"type":"LineString","coordinates":[[77.6097364,13.0555213],[77.6097178,13.056413],[77.6097572,13.0564554],[77.6099709,13.0564494],[77.6100075,13.056409]]}},{"type":"Feature","properties":{"id":"551632796","name":"","highway":"residential","oneway":"no","maxspeed":""},"geometry":{"type":"LineString","coordinates":[[77.6100505,13.0555311],[77.6100075,13.056409]]}},{"type":"Feature","properties":{"id":"551632798","name":"","highway":"residential","oneway":"no","maxspeed":""},"geometry":{"type":"LineString","coordinates":[[77.6094056,13.0555113],[77.6092703,13.0548929],[77.609911,13.0549069],[77.6102755,13.0549108],[77.6105119,13.0549109],[77.6106679,13.0549143],[77.6107545,13.054914],[77.6107805,13.0548322],[77.6108487,13.0547952],[77.610973,13.0547788],[77.6112932,13.054771],[77.6116309,13.0547655],[77.6118153,13.0548598]]}},{"type":"Feature","properties":{"id":"551632800","name":"","highway":"residential","oneway":"no","maxspeed":""},"geometry":{"type":"LineString","coordinates":[[77.6070311,13.0524295],[77.6077116,13.0523342]]}},{"type":"Feature","properties":{"id":"551632803","name":"","highway":"residential","oneway":"no","maxspeed":""},"geometry":{"type":"LineString","coordinates":[[77.6070921,13.0530077],[77.6079495,13.0528884]]}},{"type":"Feature","properties":{"id":"551632805","name":"Kalwari Betta Road","highway":"residential","oneway":"no","maxspeed":""},"geometry":{"type":"LineString","coordinates":[[77.6079639,13.0530144],[77.6079495,13.0528884],[77.6079261,13.0526661],[77.607959,13.0526194],[77.607997,13.0525791],[77.6080863,13.0525417],[77.6081761,13.0525404],[77.6082909,13.0525616],[77.6084787,13.0525616],[77.6086798,13.0525119],[77.6088208,13.052463],[77.6087522,13.0521043],[77.6086966,13.0517967],[77.6086316,13.0514132],[77.6085629,13.050861]]}},{"type":"Feature","properties":{"id":"551632810","name":"","highway":"residential","oneway":"no","maxspeed":""},"geometry":{"type":"LineString","coordinates":[[77.6118985,13.0528075],[77.6111752,13.0528921],[77.6108858,13.0529362],[77.6102677,13.0530528],[77.6097072,13.0531657],[77.6093593,13.0532144],[77.6094966,13.0537818]]}},{"type":"Feature","properties":{"id":"551632812","name":"","highway":"residential","oneway":"no","maxspeed":""},"geometry":{"type":"LineString","coordinates":[[77.6087522,13.0521043],[77.6092851,13.0520451],[77.6094097,13.0520312],[77.6099271,13.0519736],[77.6098385,13.0516627]]}},{"type":"Feature","properties":{"id":"551632814","name":"","highway":"residential","oneway":"no","maxspeed":""},"geometry":{"type":"LineString","coordinates":[[77.608081,13.0511739],[77.6081529,13.0518465],[77.6082034,13.0521915],[77.6084707,13.0521581]]}},{"type":"Feature","properties":{"id":"551632817","name":"Saint James Church Road","highway":"residential","oneway":"no","maxspeed":""},"geometry":{"type":"LineString","coordinates":[[77.6107247,13.0513604],[77.6110375,13.0513152],[77.6111823,13.0512864],[77.611945,13.0512786]]}},{"type":"Feature","properties":{"id":"551632818","name":"","highway":"residential","oneway":"no","maxspeed":""},"geometry":{"type":"LineString","coordinates":[[77.6107451,13.0516366],[77.610781,13.052002],[77.6108154,13.0523547],[77.6108256,13.052457],[77.6108475,13.0526234],[77.6108858,13.0529362],[77.6109718,13.053463]]}},{"type":"Feature","properties":{"id":"551632821","name":"","highway":"residential","oneway":"no","maxspeed":""},"geometry":{"type":"LineString","coordinates":[[77.6119442,13.0515399],[77.6113674,13.0515582],[77.6110262,13.0516012],[77.6107451,13.0516366],[77.6102141,13.0517698],[77.6103118,13.0521057]]}},{"type":"Feature","properties":{"id":"551632823","name":"","highway":"residential","oneway":"no","maxspeed":""},"geometry":{"type":"LineString","coordinates":[[77.6243671,13.0602564],[77.6243654,13.0601023],[77.6242956,13.0598358],[77.624234,13.0596268],[77.6241589,13.059355],[77.6240541,13.0590169],[77.6239968,13.0587832]]}},{"type":"Feature","properties":{"id":"551640799","name":"","highway":"residential","oneway":"no","maxspeed":""},"geometry":{"type":"LineString","coordinates":[[77.6125402,13.0601631],[77.6125993,13.0599218],[77.6122767,13.0598541],[77.612434,13.059106]]}},{"type":"Feature","properties":{"id":"551640800","name":"","highway":"living_street","oneway":"no","maxspeed":""},"geometry":{"type":"LineString","coordinates":[[77.6117796,13.0577718],[77.6117676,13.0580721],[77.611766,13.0581124],[77.6117559,13.0583822],[77.6117468,13.0585751],[77.6117532,13.0586046],[77.611768,13.0586109],[77.6118097,13.0586191],[77.611845,13.0586164],[77.6118653,13.0586015],[77.6118803,13.0583398],[77.6118803,13.058121],[77.6118793,13.0580813],[77.6118691,13.0580641],[77.6117912,13.0580623],[77.6117676,13.0580721]]}},{"type":"Feature","properties":{"id":"551640802","name":"","highway":"residential","oneway":"no","maxspeed":""},"geometry":{"type":"LineString","coordinates":[[77.6109488,13.0582241],[77.6109455,13.0570844]]}},{"type":"Feature","properties":{"id":"551640803","name":"","highway":"residential","oneway":"no","maxspeed":""},"geometry":{"type":"LineString","coordinates":[[77.6076655,13.0585782],[77.6081488,13.0585816],[77.6087791,13.0584405],[77.609015,13.0583794]]}},{"type":"Feature","properties":{"id":"551640804","name":"","highway":"residential","oneway":"no","maxspeed":""},"geometry":{"type":"LineString","coordinates":[[77.6041941,13.0582103],[77.6043802,13.0602591],[77.604448,13.0613075]]}},{"type":"Feature","properties":{"id":"551640805","name":"","highway":"residential","oneway":"no","maxspeed":""},"geometry":{"type":"LineString","coordinates":[[77.6053458,13.0604158],[77.6056034,13.0580217]]}},{"type":"Feature","properties":{"id":"551640806","name":"","highway":"residential","oneway":"no","maxspeed":""},"geometry":{"type":"LineString","coordinates":[[77.6082125,13.0605825],[77.6088676,13.0604963],[77.6090196,13.0604714],[77.6093015,13.0603957],[77.6094503,13.0603951],[77.6095867,13.0603914]]}},{"type":"Feature","properties":{"id":"551796244","name":"","highway":"residential","oneway":"no","maxspeed":""},"geometry":{"type":"LineString","coordinates":[[77.6059274,13.0307843],[77.6059413,13.0309701],[77.6060566,13.0315842],[77.6061344,13.0319814],[77.6061934,13.0323054],[77.6063007,13.0328061]]}},{"type":"Feature","properties":{"id":"551796245","name":"","highway":"residential","oneway":"no","maxspeed":""},"geometry":{"type":"LineString","coordinates":[[77.6058708,13.0320296],[77.6059547,13.0324335],[77.606027,13.0328095]]}},{"type":"Feature","properties":{"id":"551796246","name":"","highway":"residential","oneway":"no","maxspeed":""},"geometry":{"type":"LineString","coordinates":[[77.6052588,13.0348301],[77.60526,13.0340993],[77.6052664,13.0339838]]}},{"type":"Feature","properties":{"id":"551796247","name":"","highway":"residential","oneway":"no","maxspeed":""},"geometry":{"type":"LineString","coordinates":[[77.6049414,13.0348431],[77.6049542,13.0344874],[77.6049576,13.0339725]]}},{"type":"Feature","properties":{"id":"551796248","name":"","highway":"residential","oneway":"no","maxspeed":""},"geometry":{"type":"LineString","coordinates":[[77.6047452,13.0330403],[77.6064246,13.0331685]]}},{"type":"Feature","properties":{"id":"551796249","name":"","highway":"residential","oneway":"no","maxspeed":""},"geometry":{"type":"LineString","coordinates":[[77.6047251,13.0332928],[77.6063826,13.0334457]]}},{"type":"Feature","properties":{"id":"551796250","name":"","highway":"residential","oneway":"no","maxspeed":""},"geometry":{"type":"LineString","coordinates":[[77.6046982,13.0335974],[77.6063346,13.033743]]}},{"type":"Feature","properties":{"id":"551796251","name":"","highway":"residential","oneway":"no","maxspeed":""},"geometry":{"type":"LineString","coordinates":[[77.6055524,13.0342287],[77.6055578,13.0339956]]}},{"type":"Feature","properties":{"id":"551796252","name":"5th Main Road","highway":"residential","oneway":"no","maxspeed":""},"geometry":{"type":"LineString","coordinates":[[77.60631,13.0340107],[77.6055578,13.0339956],[77.6052664,13.0339838],[77.6049576,13.0339725],[77.6046672,13.0339754]]}},{"type":"Feature","properties":{"id":"551796253","name":"","highway":"residential","oneway":"no","maxspeed":""},"geometry":{"type":"LineString","coordinates":[[77.6055487,13.0345055],[77.606058,13.034509],[77.6063504,13.0345018]]}},{"type":"Feature","properties":{"id":"551796254","name":"","highway":"residential","oneway":"no","maxspeed":""},"geometry":{"type":"LineString","coordinates":[[77.6055445,13.0348184],[77.6055487,13.0345055],[77.6055524,13.0342287],[77.6060727,13.0342235],[77.6063055,13.0342179]]}},{"type":"Feature","properties":{"id":"551796255","name":"","highway":"residential","oneway":"no","maxspeed":""},"geometry":{"type":"LineString","coordinates":[[77.6069689,13.0368794],[77.6061317,13.0370587]]}},{"type":"Feature","properties":{"id":"551796256","name":"","highway":"residential","oneway":"no","maxspeed":""},"geometry":{"type":"LineString","coordinates":[[77.6070334,13.0371954],[77.6062135,13.0373853],[77.6061317,13.0370587]]}},{"type":"Feature","properties":{"id":"551796257","name":"","highway":"residential","oneway":"no","maxspeed":""},"geometry":{"type":"LineString","coordinates":[[77.6134614,13.0333077],[77.6132503,13.0328411],[77.6130743,13.0324099]]}},{"type":"Feature","properties":{"id":"551796258","name":"","highway":"residential","oneway":"no","maxspeed":""},"geometry":{"type":"LineString","coordinates":[[77.613733,13.0332084],[77.6135293,13.032768],[77.6134615,13.0326275],[77.6132505,13.0321903]]}},{"type":"Feature","properties":{"id":"551796259","name":"","highway":"residential","oneway":"no","maxspeed":""},"geometry":{"type":"LineString","coordinates":[[77.6145001,13.0343081],[77.6144144,13.0340928],[77.6143098,13.0338184],[77.614285,13.0337659],[77.614173,13.0335284],[77.6139887,13.0331138],[77.6137787,13.0326373],[77.6137039,13.032493],[77.6134305,13.0319658]]}},{"type":"Feature","properties":{"id":"551796260","name":"","highway":"residential","oneway":"no","maxspeed":""},"geometry":{"type":"LineString","coordinates":[[77.6143605,13.0332042],[77.6148455,13.0330415],[77.6149133,13.0330188]]}},{"type":"Feature","properties":{"id":"551796261","name":"","highway":"residential","oneway":"no","maxspeed":""},"geometry":{"type":"LineString","coordinates":[[77.6144547,13.0333988],[77.6149132,13.0332351],[77.6151091,13.0331652]]}},{"type":"Feature","properties":{"id":"551796262","name":"","highway":"residential","oneway":"no","maxspeed":""},"geometry":{"type":"LineString","coordinates":[[77.6145189,13.0318219],[77.6146201,13.0320127]]}},{"type":"Feature","properties":{"id":"551796264","name":"","highway":"residential","oneway":"no","maxspeed":""},"geometry":{"type":"LineString","coordinates":[[77.6204105,13.0339151],[77.6206706,13.0338276]]}},{"type":"Feature","properties":{"id":"551796265","name":"","highway":"residential","oneway":"no","maxspeed":""},"geometry":{"type":"LineString","coordinates":[[77.6202482,13.0335219],[77.6204105,13.0339151],[77.6204522,13.0340272],[77.620523,13.0342178],[77.6205727,13.0343515],[77.6205947,13.0344027],[77.6206532,13.0345436]]}},{"type":"Feature","properties":{"id":"551796266","name":"","highway":"residential","oneway":"no","maxspeed":""},"geometry":{"type":"LineString","coordinates":[[77.6218307,13.034833],[77.6214715,13.0336435]]}},{"type":"Feature","properties":{"id":"551796267","name":"","highway":"residential","oneway":"no","maxspeed":""},"geometry":{"type":"LineString","coordinates":[[77.6209352,13.0346072],[77.621205,13.0345267],[77.6212983,13.034498],[77.6214671,13.034447]]}},{"type":"Feature","properties":{"id":"551796268","name":"","highway":"residential","oneway":"no","maxspeed":""},"geometry":{"type":"LineString","coordinates":[[77.6216209,13.0349039],[77.6214671,13.034447],[77.6212209,13.0337156]]}},{"type":"Feature","properties":{"id":"551796269","name":"3rd Cross Road","highway":"residential","oneway":"no","maxspeed":""},"geometry":{"type":"LineString","coordinates":[[77.6211219,13.0350764],[77.6209536,13.0346677],[77.6209352,13.0346072],[77.6208899,13.0344509],[77.6208629,13.0343612],[77.6208222,13.0342365],[77.6207796,13.0341186],[77.6206854,13.0338681]]}},{"type":"Feature","properties":{"id":"551796270","name":"","highway":"residential","oneway":"no","maxspeed":""},"geometry":{"type":"LineString","coordinates":[[77.622315,13.0357988],[77.6222317,13.0355013],[77.6220935,13.0350832]]}},{"type":"Feature","properties":{"id":"551796271","name":"","highway":"residential","oneway":"no","maxspeed":""},"geometry":{"type":"LineString","coordinates":[[77.6215637,13.0360307],[77.621718,13.0359377],[77.6217459,13.0359313],[77.6219189,13.0358918],[77.6221272,13.0358434],[77.622315,13.0357988],[77.6224154,13.0357783],[77.6227641,13.0356999],[77.6227869,13.03579],[77.6230913,13.0357247],[77.6231537,13.0357114]]}},{"type":"Feature","properties":{"id":"551796272","name":"","highway":"residential","oneway":"no","maxspeed":""},"geometry":{"type":"LineString","coordinates":[[77.6225495,13.0366183],[77.6224805,13.0363656],[77.6224286,13.0361474]]}},{"type":"Feature","properties":{"id":"551796273","name":"","highway":"residential","oneway":"no","maxspeed":""},"geometry":{"type":"LineString","coordinates":[[77.6222695,13.0366879],[77.6225495,13.0366183],[77.6228039,13.0365567],[77.6229143,13.0365282],[77.6232067,13.0364646]]}},{"type":"Feature","properties":{"id":"551796274","name":"","highway":"residential","oneway":"no","maxspeed":""},"geometry":{"type":"LineString","coordinates":[[77.620608,13.0363384],[77.6208202,13.0363254],[77.6208973,13.0363139],[77.6209231,13.0363092],[77.6210394,13.0362878],[77.6212764,13.0362423],[77.6214069,13.0362173],[77.6214766,13.0361755]]}},{"type":"Feature","properties":{"id":"551796275","name":"","highway":"residential","oneway":"no","maxspeed":""},"geometry":{"type":"LineString","coordinates":[[77.6214766,13.0361755],[77.6215437,13.0363584],[77.6216684,13.0368258],[77.6217663,13.0371893],[77.6217811,13.0371998],[77.6220143,13.0371354],[77.6222236,13.0370561],[77.6222604,13.0370472],[77.6222755,13.0370564]]}},{"type":"Feature","properties":{"id":"551796276","name":"","highway":"residential","oneway":"no","maxspeed":""},"geometry":{"type":"LineString","coordinates":[[77.6212764,13.0362423],[77.6212943,13.0363767],[77.621364,13.036685],[77.6214225,13.0368844],[77.6215383,13.0372912],[77.6215893,13.037435]]}},{"type":"Feature","properties":{"id":"551796277","name":"","highway":"residential","oneway":"no","maxspeed":""},"geometry":{"type":"LineString","coordinates":[[77.6210394,13.0362878],[77.6210448,13.0363636],[77.6211172,13.0367242],[77.6211869,13.0369405],[77.6212513,13.0372364],[77.6212808,13.037367]]}},{"type":"Feature","properties":{"id":"551796279","name":"","highway":"residential","oneway":"no","maxspeed":""},"geometry":{"type":"LineString","coordinates":[[77.6175579,13.0319762],[77.617853,13.0318795],[77.6183304,13.0317645],[77.6188856,13.0316182],[77.6192567,13.0315283],[77.6194714,13.0314579],[77.6195964,13.031417],[77.6195047,13.0311506],[77.6194623,13.0310276],[77.6194125,13.0308879]]}},{"type":"Feature","properties":{"id":"551796280","name":"","highway":"residential","oneway":"no","maxspeed":""},"geometry":{"type":"LineString","coordinates":[[77.6193869,13.0329216],[77.6190519,13.0320049],[77.6188856,13.0316182]]}},{"type":"Feature","properties":{"id":"551796281","name":"","highway":"residential","oneway":"no","maxspeed":""},"geometry":{"type":"LineString","coordinates":[[77.6180367,13.0333103],[77.617735,13.0324858],[77.6175579,13.0319762],[77.6174929,13.031788]]}},{"type":"Feature","properties":{"id":"551796282","name":"","highway":"residential","oneway":"no","maxspeed":""},"geometry":{"type":"LineString","coordinates":[[77.6164974,13.0326741],[77.6167841,13.0325853],[77.6170779,13.0324652],[77.6172224,13.0324179]]}},{"type":"Feature","properties":{"id":"551796283","name":"","highway":"residential","oneway":"no","maxspeed":""},"geometry":{"type":"LineString","coordinates":[[77.6168323,13.0336243],[77.616574,13.0328914],[77.6164974,13.0326741],[77.6163781,13.0323356],[77.6163135,13.0321522]]}},{"type":"Feature","properties":{"id":"551796284","name":"11th Cross Road","highway":"residential","oneway":"no","maxspeed":""},"geometry":{"type":"LineString","coordinates":[[77.6168905,13.031954],[77.6170376,13.0318847],[77.6172224,13.0324179],[77.6173112,13.0326739],[77.6173641,13.032849],[77.6174832,13.0331744],[77.6175043,13.0332357],[77.6175658,13.033433]]}},{"type":"Feature","properties":{"id":"551796285","name":"","highway":"residential","oneway":"no","maxspeed":""},"geometry":{"type":"LineString","coordinates":[[77.616225,13.0333569],[77.6161712,13.0331965],[77.6161198,13.033037],[77.616038,13.0327825],[77.6160231,13.0327183],[77.6159393,13.0325234],[77.6159214,13.032477],[77.6158999,13.0324275],[77.6158585,13.0323361],[77.6158279,13.0322715],[77.6157504,13.0320961],[77.6156867,13.0319653],[77.6156552,13.0318968],[77.6156026,13.0317828],[77.6155325,13.0316617],[77.6154043,13.0313483]]}},{"type":"Feature","properties":{"id":"551796286","name":"","highway":"residential","oneway":"no","maxspeed":""},"geometry":{"type":"LineString","coordinates":[[77.6159589,13.033855],[77.6158079,13.0333533],[77.6156691,13.0329253],[77.6155865,13.0327262],[77.6155235,13.0325694]]}},{"type":"Feature","properties":{"id":"551796287","name":"","highway":"residential","oneway":"no","maxspeed":""},"geometry":{"type":"LineString","coordinates":[[77.6157908,13.0338958],[77.6155516,13.0331495],[77.615515,13.0330483],[77.6153639,13.0326308]]}},{"type":"Feature","properties":{"id":"551796288","name":"","highway":"residential","oneway":"no","maxspeed":""},"geometry":{"type":"LineString","coordinates":[[77.6155235,13.0325694],[77.6154558,13.0325903],[77.6153639,13.0326308],[77.6151842,13.0327079],[77.6153323,13.0331077],[77.6153478,13.0331495],[77.6153913,13.0332822],[77.6154561,13.0334797],[77.61549,13.0335833],[77.6156056,13.0339441]]}},{"type":"Feature","properties":{"id":"551796289","name":"","highway":"residential","oneway":"no","maxspeed":""},"geometry":{"type":"LineString","coordinates":[[77.6147256,13.0317166],[77.6149079,13.0320494],[77.6150474,13.0323473],[77.6151842,13.0327079],[77.6147775,13.0328472],[77.614696,13.0328751],[77.6142669,13.033011],[77.6139887,13.0331138],[77.613733,13.0332084],[77.6136939,13.0332228],[77.6136661,13.0332331],[77.6134614,13.0333077],[77.6131646,13.033416]]}},{"type":"Feature","properties":{"id":"551796290","name":"","highway":"residential","oneway":"no","maxspeed":""},"geometry":{"type":"LineString","coordinates":[[77.6138431,13.0321121],[77.6139256,13.0322874],[77.6140087,13.0324582],[77.6140965,13.0326416],[77.6141757,13.0328072],[77.6142669,13.033011],[77.6143605,13.0332042],[77.6144547,13.0333988],[77.6145378,13.0335702],[77.6147845,13.0334944],[77.6149789,13.0334229],[77.615211,13.0333376]]}},{"type":"Feature","properties":{"id":"551796292","name":"","highway":"residential","oneway":"no","maxspeed":""},"geometry":{"type":"LineString","coordinates":[[77.6154558,13.0325903],[77.6150958,13.0318708],[77.6149564,13.0315921],[77.6144854,13.0306508]]}},{"type":"Feature","properties":{"id":"551796293","name":"","highway":"residential","oneway":"no","maxspeed":""},"geometry":{"type":"LineString","coordinates":[[77.6147256,13.0317166],[77.6143956,13.0310616],[77.614278,13.0309094]]}},{"type":"Feature","properties":{"id":"551796294","name":"","highway":"residential","oneway":"no","maxspeed":""},"geometry":{"type":"LineString","coordinates":[[77.6156606,13.0312162],[77.6155275,13.0312811],[77.6154043,13.0313483],[77.6149911,13.0315738],[77.6149564,13.0315921],[77.6147256,13.0317166],[77.6145189,13.0318219],[77.6144485,13.0318521],[77.6138431,13.0321121],[77.6137433,13.0319141],[77.6137009,13.0318299],[77.613632,13.0317146]]}},{"type":"Feature","properties":{"id":"551796295","name":"","highway":"residential","oneway":"no","maxspeed":""},"geometry":{"type":"LineString","coordinates":[[77.6152818,13.0296594],[77.6154699,13.0301191],[77.6155087,13.0302306],[77.6155677,13.0303798],[77.6156486,13.030596],[77.6157528,13.0308682],[77.6158619,13.0311161],[77.6159459,13.0313072],[77.6162445,13.0319612]]}},{"type":"Feature","properties":{"id":"551796296","name":"","highway":"residential","oneway":"no","maxspeed":""},"geometry":{"type":"LineString","coordinates":[[77.6173701,13.0347093],[77.6175258,13.0353393]]}},{"type":"Feature","properties":{"id":"551796297","name":"","highway":"residential","oneway":"no","maxspeed":""},"geometry":{"type":"LineString","coordinates":[[77.6167316,13.0336505],[77.6168083,13.0338863],[77.6168747,13.0340863],[77.6169365,13.0342791],[77.6170073,13.034477],[77.6170765,13.0346729],[77.6171198,13.0347987],[77.6172012,13.0350623],[77.61733,13.0354569]]}},{"type":"Feature","properties":{"id":"551796298","name":"","highway":"residential","oneway":"no","maxspeed":""},"geometry":{"type":"LineString","coordinates":[[77.6161744,13.0342806],[77.6168747,13.0340863]]}},{"type":"Feature","properties":{"id":"551796299","name":"","highway":"residential","oneway":"no","maxspeed":""},"geometry":{"type":"LineString","coordinates":[[77.616308,13.0346703],[77.6166353,13.0345926],[77.6168458,13.0345341],[77.6170073,13.034477]]}},{"type":"Feature","properties":{"id":"551796300","name":"","highway":"residential","oneway":"no","maxspeed":""},"geometry":{"type":"LineString","coordinates":[[77.6160546,13.0356831],[77.6161923,13.0356552],[77.6165831,13.0355741]]}},{"type":"Feature","properties":{"id":"551796301","name":"","highway":"residential","oneway":"no","maxspeed":""},"geometry":{"type":"LineString","coordinates":[[77.6149717,13.0350936],[77.6150485,13.0353749],[77.6150993,13.0355608],[77.6151559,13.0357769],[77.615208,13.0359728],[77.6152571,13.036176],[77.6153295,13.0365095],[77.6153469,13.0365361],[77.6155592,13.0365085]]}},{"type":"Feature","properties":{"id":"551796302","name":"","highway":"residential","oneway":"no","maxspeed":""},"geometry":{"type":"LineString","coordinates":[[77.6152486,13.0350701],[77.6153746,13.0356476],[77.6154497,13.035954]]}},{"type":"Feature","properties":{"id":"551796303","name":"","highway":"residential","oneway":"no","maxspeed":""},"geometry":{"type":"LineString","coordinates":[[77.6142929,13.0345215],[77.6143007,13.0345783],[77.6143381,13.0348506],[77.6143554,13.034976],[77.6143876,13.0351724],[77.614409,13.0353027]]}},{"type":"Feature","properties":{"id":"551796304","name":"","highway":"residential","oneway":"no","maxspeed":""},"geometry":{"type":"LineString","coordinates":[[77.6182559,13.0345132],[77.618175,13.0341712],[77.6181614,13.0341137],[77.6180729,13.0338237],[77.6183087,13.0337386],[77.6183437,13.033726],[77.6185074,13.0336669],[77.6186444,13.0336196],[77.6189445,13.033516]]}},{"type":"Feature","properties":{"id":"551796305","name":"","highway":"residential","oneway":"no","maxspeed":""},"geometry":{"type":"LineString","coordinates":[[77.6178375,13.0356348],[77.6177779,13.0353157],[77.6176652,13.0349316],[77.6175862,13.0346406]]}},{"type":"Feature","properties":{"id":"551796306","name":"","highway":"residential","oneway":"no","maxspeed":""},"geometry":{"type":"LineString","coordinates":[[77.6182523,13.0355477],[77.6178375,13.0356348],[77.6174775,13.0357103],[77.6172012,13.0357704]]}},{"type":"Feature","properties":{"id":"551796307","name":"11th Cross Road","highway":"residential","oneway":"no","maxspeed":""},"geometry":{"type":"LineString","coordinates":[[77.6182523,13.0355477],[77.6182312,13.0354673],[77.618218,13.035417],[77.6181962,13.0353335],[77.6181509,13.0351605],[77.6180886,13.0349225],[77.6180739,13.0348664],[77.6180273,13.0346886],[77.6179833,13.0345402]]}},{"type":"Feature","properties":{"id":"551796308","name":"","highway":"residential","oneway":"no","maxspeed":""},"geometry":{"type":"LineString","coordinates":[[77.6193633,13.0344387],[77.619169,13.0344592],[77.6191297,13.0344639],[77.6189909,13.0344705],[77.6188524,13.0344853],[77.6187285,13.034498],[77.6183975,13.0345057],[77.6182559,13.0345132],[77.6180515,13.034524],[77.6180255,13.0345302],[77.6179833,13.0345402],[77.6177025,13.0346122],[77.6175862,13.0346406],[77.6173701,13.0347093],[77.6172709,13.0347409],[77.6171198,13.0347987],[77.6169705,13.0348558],[77.6169231,13.0348727],[77.6167506,13.0349143],[77.6165091,13.0349873],[77.6164115,13.0350186],[77.6162678,13.0350492],[77.6160452,13.0350727],[77.6159506,13.0350759],[77.6158819,13.035077],[77.6156824,13.0350786],[77.6156384,13.0350599],[77.6155489,13.0350525],[77.6154522,13.0350569]]}},{"type":"Feature","properties":{"id":"551796309","name":"","highway":"residential","oneway":"no","maxspeed":""},"geometry":{"type":"LineString","coordinates":[[77.6167937,13.0364429],[77.6167478,13.0362475],[77.6167143,13.036094],[77.6166571,13.0358262],[77.6165971,13.0356212],[77.6165831,13.0355741],[77.6165377,13.0354241],[77.6164976,13.0353007],[77.6164115,13.0350186],[77.616308,13.0346703],[77.6162473,13.0344775],[77.6161744,13.0342806],[77.616109,13.0340807],[77.61604,13.033832]]}},{"type":"Feature","properties":{"id":"551796310","name":"","highway":"residential","oneway":"no","maxspeed":""},"geometry":{"type":"LineString","coordinates":[[77.6161825,13.0375008],[77.6156831,13.0375264],[77.6154925,13.0375444],[77.6151798,13.0375738],[77.6149175,13.0375862],[77.6142427,13.03761],[77.6141023,13.0376327]]}},{"type":"Feature","properties":{"id":"551796311","name":"","highway":"residential","oneway":"no","maxspeed":""},"geometry":{"type":"LineString","coordinates":[[77.6145562,13.0385623],[77.6147363,13.0380595],[77.614942,13.0380412],[77.6151977,13.0380089],[77.6155086,13.0379684],[77.615793,13.0379314],[77.6162818,13.0378836]]}},{"type":"Feature","properties":{"id":"551796312","name":"15th Main Road","highway":"residential","oneway":"no","maxspeed":""},"geometry":{"type":"LineString","coordinates":[[77.6114908,13.0365465],[77.6115981,13.0369385],[77.6119106,13.0379183]]}},{"type":"Feature","properties":{"id":"551796314","name":"","highway":"residential","oneway":"no","maxspeed":""},"geometry":{"type":"LineString","coordinates":[[77.6120941,13.0335314],[77.6119732,13.0337467],[77.6119301,13.0338182],[77.6118392,13.0339422],[77.6117546,13.0340676],[77.6116726,13.0342041],[77.6114722,13.034572],[77.6113884,13.0347362],[77.6113238,13.0348692],[77.6112721,13.0349601],[77.611242,13.035019],[77.6112002,13.0351132],[77.6111255,13.0353165],[77.6110365,13.0355779],[77.6109986,13.035704],[77.6109272,13.0359464],[77.6108418,13.0362561],[77.6108141,13.0363731],[77.6108025,13.0364604],[77.6107962,13.0365721],[77.6107952,13.0366526],[77.6107978,13.0366942],[77.6108015,13.036776],[77.6108029,13.036868],[77.6108005,13.0369103],[77.6107907,13.0369881],[77.6106968,13.0373566],[77.6106686,13.0374682],[77.610653,13.037515],[77.6105977,13.0377567],[77.6105462,13.0379004],[77.6104828,13.0380496],[77.6103821,13.0383069],[77.6103497,13.0383717]]}},{"type":"Feature","properties":{"id":"551796315","name":"14th Main Road","highway":"residential","oneway":"no","maxspeed":""},"geometry":{"type":"LineString","coordinates":[[77.6122473,13.036622],[77.6121372,13.0366536],[77.6120992,13.0366604],[77.6120763,13.0366556],[77.6120623,13.0366274],[77.6120219,13.0364577],[77.6117877,13.0365133],[77.6119253,13.0369515],[77.6122096,13.03784]]}},{"type":"Feature","properties":{"id":"551809159","name":"","highway":"residential","oneway":"no","maxspeed":""},"geometry":{"type":"LineString","coordinates":[[77.6135849,13.0353145],[77.6139289,13.03524],[77.6143876,13.0351724],[77.6146826,13.0351381],[77.6148891,13.0351093],[77.6149717,13.0350936],[77.6151091,13.0350675],[77.6152486,13.0350701]]}},{"type":"Feature","properties":{"id":"551809161","name":"","highway":"residential","oneway":"no","maxspeed":""},"geometry":{"type":"LineString","coordinates":[[77.6139256,13.0322874],[77.6142823,13.0321642],[77.6143767,13.0321374],[77.6144279,13.0321173],[77.6144914,13.0320744],[77.6146201,13.0320127]]}},{"type":"Feature","properties":{"id":"551809163","name":"","highway":"residential","oneway":"no","maxspeed":""},"geometry":{"type":"LineString","coordinates":[[77.6140965,13.0326416],[77.6143983,13.0325302],[77.6146371,13.0324455],[77.6148185,13.0323841]]}},{"type":"Feature","properties":{"id":"551809165","name":"","highway":"residential","oneway":"no","maxspeed":""},"geometry":{"type":"LineString","coordinates":[[77.6141757,13.0328072],[77.6143259,13.0327575],[77.6145565,13.0326844],[77.6147041,13.0326372],[77.6148082,13.032604],[77.6148757,13.0325824]]}},{"type":"Feature","properties":{"id":"551816810","name":"","highway":"residential","oneway":"no","maxspeed":""},"geometry":{"type":"LineString","coordinates":[[77.6214967,13.0313245],[77.621442,13.0313417],[77.6211038,13.0314483],[77.6208222,13.0315372],[77.6201302,13.0317999]]}},{"type":"Feature","properties":{"id":"551816811","name":"","highway":"residential","oneway":"no","maxspeed":""},"geometry":{"type":"LineString","coordinates":[[77.6155325,13.0316617],[77.6157461,13.0315411]]}},{"type":"Feature","properties":{"id":"551816812","name":"","highway":"residential","oneway":"no","maxspeed":""},"geometry":{"type":"LineString","coordinates":[[77.6156552,13.0318968],[77.6159441,13.0317705]]}},{"type":"Feature","properties":{"id":"551816813","name":"","highway":"residential","oneway":"no","maxspeed":""},"geometry":{"type":"LineString","coordinates":[[77.6156867,13.0319653],[77.6154189,13.0320846]]}},{"type":"Feature","properties":{"id":"551816814","name":"","highway":"residential","oneway":"no","maxspeed":""},"geometry":{"type":"LineString","coordinates":[[77.6179358,13.0333366],[77.61803,13.0336747],[77.6180729,13.0338237]]}},{"type":"Feature","properties":{"id":"551816815","name":"11th Cross Road","highway":"residential","oneway":"no","maxspeed":""},"geometry":{"type":"LineString","coordinates":[[77.6179833,13.0345402],[77.6178576,13.0340582],[77.6176795,13.0334102]]}},{"type":"Feature","properties":{"id":"551816817","name":"","highway":"residential","oneway":"no","maxspeed":""},"geometry":{"type":"LineString","coordinates":[[77.6156367,13.033936],[77.6156959,13.034155],[77.6157686,13.0344237]]}},{"type":"Feature","properties":{"id":"551816818","name":"","highway":"residential","oneway":"no","maxspeed":""},"geometry":{"type":"LineString","coordinates":[[77.6153668,13.0343645],[77.6151225,13.0344377],[77.6149991,13.0344691],[77.6148543,13.0345188],[77.614696,13.0345501],[77.6144734,13.0345632],[77.6143007,13.0345783]]}},{"type":"Feature","properties":{"id":"551816819","name":"","highway":"residential","oneway":"no","maxspeed":""},"geometry":{"type":"LineString","coordinates":[[77.6154125,13.0345745],[77.6151761,13.0346468]]}},{"type":"Feature","properties":{"id":"551816820","name":"","highway":"residential","oneway":"no","maxspeed":""},"geometry":{"type":"LineString","coordinates":[[77.6143381,13.0348506],[77.6146772,13.0347853],[77.614853,13.0347832]]}},{"type":"Feature","properties":{"id":"551816821","name":"","highway":"residential","oneway":"no","maxspeed":""},"geometry":{"type":"LineString","coordinates":[[77.6153038,13.0340228],[77.6153532,13.0343019],[77.6153668,13.0343645],[77.6154125,13.0345745],[77.6154283,13.0346468],[77.6154038,13.0347021],[77.615411,13.0347786],[77.6154522,13.0350569]]}},{"type":"Feature","properties":{"id":"551816822","name":"","highway":"residential","oneway":"no","maxspeed":""},"geometry":{"type":"LineString","coordinates":[[77.6116267,13.0379947],[77.6113554,13.0371875],[77.6111938,13.0367147],[77.611167,13.0366393]]}},{"type":"Feature","properties":{"id":"551816823","name":"","highway":"residential","oneway":"no","maxspeed":""},"geometry":{"type":"LineString","coordinates":[[77.6125949,13.0410899],[77.612585,13.0408671]]}},{"type":"Feature","properties":{"id":"551816824","name":"","highway":"residential","oneway":"no","maxspeed":""},"geometry":{"type":"LineString","coordinates":[[77.6191032,13.0330121],[77.6187864,13.0320912]]}},{"type":"Feature","properties":{"id":"551816825","name":"","highway":"residential","oneway":"no","maxspeed":""},"geometry":{"type":"LineString","coordinates":[[77.6188403,13.0330949],[77.6184538,13.0320467]]}},{"type":"Feature","properties":{"id":"551816826","name":"","highway":"residential","oneway":"no","maxspeed":""},"geometry":{"type":"LineString","coordinates":[[77.6185878,13.0331666],[77.6181802,13.0320755]]}},{"type":"Feature","properties":{"id":"551816827","name":"","highway":"residential","oneway":"no","maxspeed":""},"geometry":{"type":"LineString","coordinates":[[77.6182972,13.0332423],[77.6179308,13.0321539]]}},{"type":"Feature","properties":{"id":"551865368","name":"","highway":"residential","oneway":"no","maxspeed":""},"geometry":{"type":"LineString","coordinates":[[77.6091798,13.0343071],[77.6095153,13.0342313],[77.6098211,13.0341764],[77.6101162,13.0341137],[77.6103522,13.0340896]]}},{"type":"Feature","properties":{"id":"551865370","name":"","highway":"residential","oneway":"no","maxspeed":""},"geometry":{"type":"LineString","coordinates":[[77.6101563,13.0330281],[77.6102301,13.0334356],[77.610337,13.0337614],[77.6103522,13.0340896]]}},{"type":"Feature","properties":{"id":"551865372","name":"","highway":"residential","oneway":"no","maxspeed":""},"geometry":{"type":"LineString","coordinates":[[77.6098521,13.0330791],[77.6101162,13.0341137]]}},{"type":"Feature","properties":{"id":"551865374","name":"","highway":"residential","oneway":"no","maxspeed":""},"geometry":{"type":"LineString","coordinates":[[77.6093095,13.0322957],[77.6095435,13.0331493],[77.6096535,13.0336434],[77.6098211,13.0341764]]}},{"type":"Feature","properties":{"id":"551865376","name":"","highway":"residential","oneway":"no","maxspeed":""},"geometry":{"type":"LineString","coordinates":[[77.6090093,13.0323777],[77.6092368,13.0332142],[77.6094174,13.0338759],[77.6095153,13.0342313]]}},{"type":"Feature","properties":{"id":"551906507","name":"3rd Cross Road","highway":"residential","oneway":"no","maxspeed":""},"geometry":{"type":"LineString","coordinates":[[77.62031,13.0325578],[77.6203277,13.0326115],[77.620448,13.0330776],[77.6205289,13.033314],[77.6206383,13.0336793]]}},{"type":"Feature","properties":{"id":"551906509","name":"","highway":"residential","oneway":"no","maxspeed":""},"geometry":{"type":"LineString","coordinates":[[77.6209275,13.0329708],[77.6206076,13.0330763]]}},{"type":"Feature","properties":{"id":"551906510","name":"","highway":"residential","oneway":"no","maxspeed":""},"geometry":{"type":"LineString","coordinates":[[77.6207407,13.0324511],[77.6208659,13.0328028],[77.6208973,13.0328882],[77.6209275,13.0329708],[77.6209938,13.0331521],[77.6207417,13.0332462]]}},{"type":"Feature","properties":{"id":"551906511","name":"","highway":"residential","oneway":"no","maxspeed":""},"geometry":{"type":"LineString","coordinates":[[77.6210199,13.0323427],[77.6212621,13.0329587],[77.6213855,13.0333507],[77.621069,13.0334787]]}},{"type":"Feature","properties":{"id":"551910235","name":"","highway":"residential","oneway":"no","maxspeed":""},"geometry":{"type":"LineString","coordinates":[[77.6237936,13.0344756],[77.6239368,13.0350413]]}},{"type":"Feature","properties":{"id":"551910236","name":"","highway":"residential","oneway":"no","maxspeed":""},"geometry":{"type":"LineString","coordinates":[[77.6143212,13.0405773],[77.6140201,13.0406333]]}},{"type":"Feature","properties":{"id":"551910237","name":"","highway":"residential","oneway":"no","maxspeed":""},"geometry":{"type":"LineString","coordinates":[[77.6146754,13.0414681],[77.6145398,13.0411278],[77.6144322,13.0408628],[77.6143983,13.0407629],[77.6143212,13.0405773],[77.6142735,13.0404752],[77.6142159,13.0403224],[77.6140303,13.0403495]]}},{"type":"Feature","properties":{"id":"551910238","name":"","highway":"residential","oneway":"no","maxspeed":""},"geometry":{"type":"LineString","coordinates":[[77.6051958,13.0348327],[77.6052198,13.0352138]]}},{"type":"Feature","properties":{"id":"551910239","name":"","highway":"residential","oneway":"no","maxspeed":""},"geometry":{"type":"LineString","coordinates":[[77.6049005,13.0348448],[77.6049866,13.0354418],[77.6050266,13.0357084],[77.6052372,13.0356685]]}},{"type":"Feature","properties":{"id":"551912148","name":"","highway":"residential","oneway":"no","maxspeed":""},"geometry":{"type":"LineString","coordinates":[[77.6084783,13.0342043],[77.6083383,13.0336132]]}},{"type":"Feature","properties":{"id":"551912149","name":"","highway":"residential","oneway":"no","maxspeed":""},"geometry":{"type":"LineString","coordinates":[[77.6069947,13.0344834],[77.6068988,13.0339267]]}},{"type":"Feature","properties":{"id":"551912150","name":"","highway":"residential","oneway":"no","maxspeed":""},"geometry":{"type":"LineString","coordinates":[[77.6091608,13.0342517],[77.6085873,13.0343724],[77.6066494,13.034737],[77.6063914,13.0347838]]}},{"type":"Feature","properties":{"id":"551912151","name":"","highway":"residential","oneway":"no","maxspeed":""},"geometry":{"type":"LineString","coordinates":[[77.6138493,13.0365403],[77.6127647,13.0368411]]}},{"type":"Feature","properties":{"id":"551912152","name":"","highway":"residential","oneway":"no","maxspeed":""},"geometry":{"type":"LineString","coordinates":[[77.6136746,13.0357998],[77.6131591,13.0359141],[77.6128265,13.0359821],[77.6126039,13.0359952],[77.6123303,13.0360526]]}},{"type":"Feature","properties":{"id":"551912153","name":"","highway":"residential","oneway":"no","maxspeed":""},"geometry":{"type":"LineString","coordinates":[[77.6127699,13.034675],[77.6123169,13.0347539],[77.6122087,13.0347716],[77.6120524,13.0347972],[77.6120026,13.0348053],[77.6119494,13.034814]]}},{"type":"Feature","properties":{"id":"551912154","name":"","highway":"residential","oneway":"no","maxspeed":""},"geometry":{"type":"LineString","coordinates":[[77.6124974,13.0340213],[77.6123786,13.0336886],[77.612259,13.0333471]]}},{"type":"Feature","properties":{"id":"551912155","name":"","highway":"residential","oneway":"no","maxspeed":""},"geometry":{"type":"LineString","coordinates":[[77.6126335,13.0329285],[77.6128668,13.0334918],[77.612875,13.0335122],[77.6130518,13.0339517],[77.613374,13.0340728]]}},{"type":"Feature","properties":{"id":"554239830","name":"","highway":"service","oneway":"no","maxspeed":""},"geometry":{"type":"LineString","coordinates":[[77.613114,13.0433653],[77.6132039,13.0434533],[77.6134469,13.0436429],[77.6140919,13.0436283],[77.6142839,13.0436022],[77.6146044,13.0435579],[77.6147707,13.0435403],[77.6148517,13.0435462],[77.614911,13.0435791],[77.6149532,13.0436233],[77.6152272,13.0439],[77.6155016,13.044143],[77.6155886,13.0441799],[77.6156718,13.0441932],[77.6158321,13.0441452],[77.6159384,13.0440747],[77.6161462,13.0439938]]}},{"type":"Feature","properties":{"id":"554240202","name":"Karle Zenith Residency Road","highway":"service","oneway":"no","maxspeed":""},"geometry":{"type":"LineString","coordinates":[[77.6129003,13.0455967],[77.6134008,13.0455893],[77.6152174,13.0454317],[77.6152277,13.0455037],[77.6152744,13.046114],[77.615081,13.0465992],[77.6150609,13.0467618],[77.6151128,13.0471314]]}},{"type":"Feature","properties":{"id":"555369822","name":"","highway":"trunk_link","oneway":"no","maxspeed":""},"geometry":{"type":"LineString","coordinates":[[77.6237717,13.0408306],[77.6238861,13.0409448]]}},{"type":"Feature","properties":{"id":"556976550","name":"Bellary Road","highway":"trunk","oneway":"yes","maxspeed":"60"},"geometry":{"type":"LineString","coordinates":[[77.5927878,13.0734451],[77.5927983,13.0732626],[77.5929345,13.0712172],[77.5930242,13.0700103],[77.5930619,13.0692327],[77.5930915,13.0688202],[77.5931995,13.0674909],[77.5932196,13.0672552],[77.5932348,13.0670707],[77.5932582,13.0667866],[77.5933207,13.0661439],[77.5933352,13.0660042],[77.5933445,13.065547],[77.5933542,13.0653455],[77.5933957,13.0645414],[77.5934012,13.0639812],[77.5934125,13.0637246],[77.5934295,13.0632994],[77.5934591,13.0624875],[77.5934907,13.0619348],[77.5935154,13.0616383],[77.5935388,13.0608701],[77.5935725,13.0600386],[77.5935737,13.0593535],[77.5935739,13.0592214],[77.5935588,13.0583982],[77.5935407,13.0576218],[77.5935371,13.0574961],[77.5935352,13.0574032],[77.593541,13.0573599]]}},{"type":"Feature","properties":{"id":"558296117","name":"","highway":"residential","oneway":"no","maxspeed":""},"geometry":{"type":"LineString","coordinates":[[77.6230976,13.0508925],[77.6231147,13.0515001],[77.6231298,13.0520369]]}},{"type":"Feature","properties":{"id":"558395036","name":"Manyata Gate 4 Road","highway":"residential","oneway":"no","maxspeed":"20"},"geometry":{"type":"LineString","coordinates":[[77.6188326,13.0541701],[77.6184367,13.0541785]]}},{"type":"Feature","properties":{"id":"558395037","name":"Manyata Gate 4 Road","highway":"residential","oneway":"no","maxspeed":"20"},"geometry":{"type":"LineString","coordinates":[[77.6197496,13.0541506],[77.6188326,13.0541701]]}},{"type":"Feature","properties":{"id":"558399279","name":"","highway":"residential","oneway":"no","maxspeed":""},"geometry":{"type":"LineString","coordinates":[[77.6212389,13.0543534],[77.6212467,13.0548093]]}},{"type":"Feature","properties":{"id":"558769064","name":"","highway":"residential","oneway":"no","maxspeed":""},"geometry":{"type":"LineString","coordinates":[[77.6238198,13.0438308],[77.6235449,13.0430036]]}},{"type":"Feature","properties":{"id":"559175945","name":"","highway":"tertiary","oneway":"yes","maxspeed":""},"geometry":{"type":"LineString","coordinates":[[77.6198378,13.041219],[77.6199258,13.0412214],[77.6203585,13.0412551],[77.6206738,13.0412639],[77.6211141,13.0412856],[77.6212298,13.0412943]]}},{"type":"Feature","properties":{"id":"559175946","name":"Service Road","highway":"tertiary","oneway":"yes","maxspeed":""},"geometry":{"type":"LineString","coordinates":[[77.6243539,13.0404235],[77.6244106,13.0403525]]}},{"type":"Feature","properties":{"id":"559175947","name":"Service Road","highway":"tertiary","oneway":"yes","maxspeed":""},"geometry":{"type":"LineString","coordinates":[[77.6212298,13.0412943],[77.6216623,13.041313],[77.6217733,13.0413124],[77.622116,13.0413101],[77.6222679,13.0413041],[77.6224832,13.0413155],[77.6225547,13.0413166],[77.622624,13.0413176],[77.6228245,13.0413206],[77.6228775,13.0413147],[77.6232693,13.0412712],[77.623488,13.0411987],[77.6236838,13.0410932],[77.6237893,13.0410198],[77.6238861,13.0409448],[77.6241166,13.0407049],[77.6242997,13.0404914],[77.6243539,13.0404235]]}},{"type":"Feature","properties":{"id":"559334472","name":"6th Cross Road","highway":"residential","oneway":"no","maxspeed":""},"geometry":{"type":"LineString","coordinates":[[77.5937938,13.0390126],[77.5938112,13.0395303],[77.5938747,13.0399006]]}},{"type":"Feature","properties":{"id":"559492000","name":"","highway":"service","oneway":"no","maxspeed":""},"geometry":{"type":"LineString","coordinates":[[77.619402,13.053223],[77.6194073,13.052653],[77.6186751,13.0526399],[77.6186308,13.052653],[77.6185732,13.0526857],[77.6185597,13.0527301],[77.6185557,13.0529221],[77.6185517,13.0531873],[77.6185638,13.0532122],[77.6185946,13.0532226],[77.619402,13.053223],[77.6195815,13.0532222]]}},{"type":"Feature","properties":{"id":"559492001","name":"","highway":"service","oneway":"yes","maxspeed":""},"geometry":{"type":"LineString","coordinates":[[77.6196762,13.0526033],[77.6195991,13.0526005],[77.6194824,13.0525929],[77.6194073,13.052653],[77.6194757,13.0526975],[77.6195876,13.0527012],[77.6196766,13.0527022]]}},{"type":"Feature","properties":{"id":"559492004","name":"","highway":"service","oneway":"no","maxspeed":""},"geometry":{"type":"LineString","coordinates":[[77.6197631,13.0545107],[77.6196769,13.0545111],[77.6195803,13.0545134],[77.6194194,13.0545173],[77.6194234,13.054776],[77.6194462,13.0548021],[77.6195857,13.0547995],[77.6195803,13.0545134]]}},{"type":"Feature","properties":{"id":"561071612","name":"","highway":"service","oneway":"no","maxspeed":""},"geometry":{"type":"LineString","coordinates":[[77.6201168,13.0507469],[77.6204916,13.0506565],[77.6206466,13.0506191]]}},{"type":"Feature","properties":{"id":"561071614","name":"","highway":"service","oneway":"no","maxspeed":""},"geometry":{"type":"LineString","coordinates":[[77.6200712,13.0515974],[77.6198606,13.0516444]]}},{"type":"Feature","properties":{"id":"562315052","name":"","highway":"residential","oneway":"no","maxspeed":""},"geometry":{"type":"LineString","coordinates":[[77.5934681,13.0536588],[77.5933608,13.0536613],[77.5930908,13.0537002],[77.5924742,13.0537892],[77.5920274,13.0538411],[77.5907798,13.0540645],[77.5904248,13.0541266],[77.5900377,13.0541837],[77.5895509,13.0542535],[77.589338,13.054284]]}},{"type":"Feature","properties":{"id":"562315053","name":"","highway":"residential","oneway":"no","maxspeed":""},"geometry":{"type":"LineString","coordinates":[[77.5896749,13.054875],[77.5898245,13.0548568],[77.589844,13.0548544],[77.5901176,13.0546519],[77.5901018,13.0544783]]}},{"type":"Feature","properties":{"id":"589117204","name":"","highway":"residential","oneway":"no","maxspeed":""},"geometry":{"type":"LineString","coordinates":[[77.5943325,13.0321827],[77.5943186,13.0325833]]}},{"type":"Feature","properties":{"id":"589117205","name":"","highway":"residential","oneway":"no","maxspeed":""},"geometry":{"type":"LineString","coordinates":[[77.5957408,13.0325668],[77.5958222,13.0325758]]}},{"type":"Feature","properties":{"id":"589117329","name":"","highway":"residential","oneway":"no","maxspeed":""},"geometry":{"type":"LineString","coordinates":[[77.5945781,13.0341516],[77.5949197,13.0340199],[77.5953557,13.0338536],[77.5957619,13.0337205],[77.5961271,13.0336088],[77.5965052,13.0335579]]}},{"type":"Feature","properties":{"id":"589117330","name":"","highway":"residential","oneway":"no","maxspeed":""},"geometry":{"type":"LineString","coordinates":[[77.5963468,13.0344625],[77.5967885,13.0344368]]}},{"type":"Feature","properties":{"id":"589741971","name":"","highway":"residential","oneway":"no","maxspeed":""},"geometry":{"type":"LineString","coordinates":[[77.5931651,13.0315838],[77.5931057,13.0319911]]}},{"type":"Feature","properties":{"id":"589742748","name":"","highway":"residential","oneway":"no","maxspeed":""},"geometry":{"type":"LineString","coordinates":[[77.5964472,13.0327471],[77.5964532,13.0325588]]}},{"type":"Feature","properties":{"id":"589742988","name":"","highway":"residential","oneway":"no","maxspeed":""},"geometry":{"type":"LineString","coordinates":[[77.5967489,13.0340466],[77.5970125,13.0340143],[77.596981,13.0335282],[77.5969389,13.0328754],[77.5969293,13.0327277],[77.5964472,13.0327471]]}},{"type":"Feature","properties":{"id":"611867579","name":"","highway":"residential","oneway":"no","maxspeed":""},"geometry":{"type":"LineString","coordinates":[[77.6193134,13.0634189],[77.6193532,13.0641879],[77.6193532,13.0643473]]}},{"type":"Feature","properties":{"id":"627707538","name":"","highway":"residential","oneway":"no","maxspeed":""},"geometry":{"type":"LineString","coordinates":[[77.6125393,13.039739],[77.6124488,13.0397641],[77.6123444,13.0397931],[77.6123044,13.0397885],[77.612275,13.0397802],[77.6122464,13.0397639],[77.6121323,13.0396758],[77.6119839,13.0395822],[77.6118941,13.0395085],[77.6118017,13.0394356],[77.6117378,13.0393217],[77.6115758,13.0388572]]}},{"type":"Feature","properties":{"id":"627707539","name":"","highway":"residential","oneway":"no","maxspeed":""},"geometry":{"type":"LineString","coordinates":[[77.6125393,13.039739],[77.6125331,13.0396975],[77.6123496,13.0392629],[77.6122019,13.0391001],[77.6120845,13.0387938],[77.611987,13.0387075],[77.6118719,13.0382545],[77.611867,13.0382432],[77.6118552,13.038235],[77.6118429,13.0382352],[77.6114398,13.0383637],[77.6114283,13.0383713],[77.6114245,13.0383808],[77.6114254,13.0383896],[77.6115758,13.0388572]]}},{"type":"Feature","properties":{"id":"627954046","name":"","highway":"residential","oneway":"yes","maxspeed":""},"geometry":{"type":"LineString","coordinates":[[77.5952647,13.0544492],[77.5952868,13.0544236],[77.5953,13.0543927],[77.5953029,13.0543594],[77.5952954,13.0543268],[77.5952781,13.0542979],[77.5952507,13.0542742],[77.595217,13.0542604],[77.5951805,13.0542578],[77.5951451,13.0542668],[77.5951146,13.0542864],[77.5950921,13.0543145],[77.5950801,13.0543481],[77.5950795,13.0543817],[77.5950894,13.0544139],[77.5951088,13.0544416],[77.5951359,13.0544623],[77.5951682,13.054474],[77.5952025,13.0544757],[77.5952357,13.0544671],[77.5952647,13.0544492]]}},{"type":"Feature","properties":{"id":"628282134","name":"","highway":"service","oneway":"no","maxspeed":""},"geometry":{"type":"LineString","coordinates":[[77.6135317,13.0356508],[77.6128027,13.0358198],[77.6127676,13.035694],[77.6127108,13.0354901],[77.6125601,13.0348698],[77.6132237,13.034676],[77.6132587,13.0347275],[77.613323,13.0349104],[77.6134008,13.035028],[77.6135317,13.0356508]]}},{"type":"Feature","properties":{"id":"631823256","name":"","highway":"service","oneway":"yes","maxspeed":""},"geometry":{"type":"LineString","coordinates":[[77.5936584,13.0577049],[77.5938437,13.0577009],[77.5939004,13.0577052]]}},{"type":"Feature","properties":{"id":"642847291","name":"1st Cross Road","highway":"residential","oneway":"no","maxspeed":""},"geometry":{"type":"LineString","coordinates":[[77.5994534,13.0349009],[77.5990095,13.0349761]]}},{"type":"Feature","properties":{"id":"642847294","name":"2nd Cross Road","highway":"residential","oneway":"no","maxspeed":""},"geometry":{"type":"LineString","coordinates":[[77.599161,13.0346441],[77.5994267,13.034624]]}},{"type":"Feature","properties":{"id":"642847297","name":"3rd Cross Road","highway":"residential","oneway":"no","maxspeed":""},"geometry":{"type":"LineString","coordinates":[[77.5999356,13.0354208],[77.5999113,13.0351482]]}},{"type":"Feature","properties":{"id":"642847299","name":"","highway":"residential","oneway":"no","maxspeed":""},"geometry":{"type":"LineString","coordinates":[[77.5993554,13.0339861],[77.599717,13.0339313],[77.6000428,13.0338819],[77.6003131,13.033841],[77.6005458,13.0338094],[77.6009387,13.0337502]]}},{"type":"Feature","properties":{"id":"642847301","name":"6th Main Road","highway":"residential","oneway":"no","maxspeed":""},"geometry":{"type":"LineString","coordinates":[[77.6002451,13.0350975],[77.6001593,13.0346061],[77.6000428,13.0338819]]}},{"type":"Feature","properties":{"id":"642847303","name":"","highway":"residential","oneway":"no","maxspeed":""},"geometry":{"type":"LineString","coordinates":[[77.5992903,13.0335512],[77.5999963,13.0335005]]}},{"type":"Feature","properties":{"id":"642847304","name":"","highway":"residential","oneway":"no","maxspeed":""},"geometry":{"type":"LineString","coordinates":[[77.5993212,13.0337576],[77.5996781,13.0337516],[77.5998728,13.0337395]]}},{"type":"Feature","properties":{"id":"642847306","name":"3rd Main Road","highway":"residential","oneway":"no","maxspeed":""},"geometry":{"type":"LineString","coordinates":[[77.5990464,13.035309],[77.5990104,13.0349893],[77.5990095,13.0349761],[77.5989867,13.034648],[77.5989734,13.0343928]]}},{"type":"Feature","properties":{"id":"642847309","name":"3rd Cross Road","highway":"residential","oneway":"no","maxspeed":""},"geometry":{"type":"LineString","coordinates":[[77.5968067,13.0345999],[77.5973924,13.0345736],[77.5974978,13.0345376],[77.5978645,13.0345005]]}},{"type":"Feature","properties":{"id":"654173896","name":"Kempapura Road","highway":"tertiary","oneway":"yes","maxspeed":""},"geometry":{"type":"LineString","coordinates":[[77.6135751,13.0423961],[77.6136003,13.0425173],[77.6135957,13.0425851],[77.6135829,13.0426519],[77.6135605,13.0427209],[77.6135293,13.0427865],[77.6134515,13.0428727],[77.6130292,13.0433023],[77.612859,13.0434709],[77.6126524,13.0437423],[77.6125473,13.0439255],[77.6124642,13.0441086],[77.612392,13.0443238],[77.6122686,13.0449735],[77.6121265,13.0457365],[77.612054,13.0459299],[77.6117189,13.0464299],[77.6116705,13.0465021],[77.6116303,13.0466406],[77.6116136,13.0467503],[77.6116375,13.0469065],[77.611643,13.0469426],[77.611724,13.0471315],[77.6119307,13.0473775],[77.6120789,13.0475185],[77.6121443,13.0476631]]}},{"type":"Feature","properties":{"id":"654179382","name":"Kempapura Road","highway":"tertiary","oneway":"yes","maxspeed":""},"geometry":{"type":"LineString","coordinates":[[77.6135622,13.042006],[77.6135692,13.0421197],[77.6135705,13.0421799]]}},{"type":"Feature","properties":{"id":"654621606","name":"","highway":"service","oneway":"no","maxspeed":""},"geometry":{"type":"LineString","coordinates":[[77.620835,13.0461164],[77.6218163,13.0458892]]}},{"type":"Feature","properties":{"id":"654652944","name":"","highway":"service","oneway":"no","maxspeed":""},"geometry":{"type":"LineString","coordinates":[[77.5939458,13.0577245],[77.5938777,13.0575753]]}},{"type":"Feature","properties":{"id":"654652945","name":"","highway":"service","oneway":"yes","maxspeed":""},"geometry":{"type":"LineString","coordinates":[[77.5939004,13.0577052],[77.5939379,13.0577232],[77.5939458,13.0577245],[77.593968,13.0577281],[77.5939946,13.0577274],[77.5952222,13.0572673],[77.5953222,13.057219],[77.5951581,13.0568023],[77.5951558,13.0568004],[77.5951534,13.0567998],[77.5951505,13.0567999],[77.5939631,13.0572824],[77.5939289,13.0573033],[77.5939094,13.0573256],[77.5938887,13.0573883],[77.5938777,13.0575753]]}},{"type":"Feature","properties":{"id":"655522071","name":"","highway":"service","oneway":"no","maxspeed":""},"geometry":{"type":"LineString","coordinates":[[77.5903159,13.0636698],[77.5903292,13.0637237],[77.5904951,13.0642041],[77.5905654,13.0644078]]}},{"type":"Feature","properties":{"id":"655538970","name":"","highway":"residential","oneway":"no","maxspeed":""},"geometry":{"type":"LineString","coordinates":[[77.624316,13.0607003],[77.6254141,13.0607372],[77.6254503,13.0608535],[77.6254574,13.0608687],[77.6254678,13.0608796],[77.6255831,13.0608953]]}},{"type":"Feature","properties":{"id":"655560456","name":"","highway":"residential","oneway":"yes","maxspeed":""},"geometry":{"type":"LineString","coordinates":[[77.6030471,13.0461262],[77.6030513,13.0461954],[77.6030637,13.0463974],[77.6030814,13.0464206],[77.6031098,13.0464392],[77.6031465,13.0464483],[77.6037865,13.0463921],[77.6037607,13.0461616],[77.603745,13.0461193],[77.6037171,13.0460992],[77.6036734,13.0460803],[77.6033422,13.0461002]]}},{"type":"Feature","properties":{"id":"655560457","name":"","highway":"residential","oneway":"yes","maxspeed":""},"geometry":{"type":"LineString","coordinates":[[77.6013041,13.0463354],[77.6017289,13.0464695],[77.6017886,13.0464562],[77.6019166,13.0464277],[77.6021366,13.0464904],[77.6022734,13.046446],[77.6026623,13.0465505],[77.6028026,13.0461486]]}},{"type":"Feature","properties":{"id":"655560459","name":"","highway":"residential","oneway":"yes","maxspeed":""},"geometry":{"type":"LineString","coordinates":[[77.6028026,13.0461486],[77.6026196,13.0461651],[77.6025912,13.0461677],[77.6023802,13.0461115],[77.6023002,13.0461246],[77.602201,13.0461611],[77.6018445,13.0460618],[77.6018026,13.0460527],[77.6017689,13.0460777],[77.6017249,13.0461102],[77.6016736,13.0461262],[77.6016086,13.0461173],[77.6015264,13.0460919],[77.6014351,13.0460728],[77.6014137,13.046071],[77.6013693,13.0461182],[77.6013547,13.0461337],[77.6013373,13.0462032]]}},{"type":"Feature","properties":{"id":"655642877","name":"","highway":"residential","oneway":"no","maxspeed":""},"geometry":{"type":"LineString","coordinates":[[77.60171,13.0657669],[77.6016787,13.0656001]]}},{"type":"Feature","properties":{"id":"655682250","name":"","highway":"residential","oneway":"no","maxspeed":""},"geometry":{"type":"LineString","coordinates":[[77.6128709,13.0527062],[77.6129045,13.0527179],[77.6132852,13.0526399]]}},{"type":"Feature","properties":{"id":"655682252","name":"","highway":"residential","oneway":"no","maxspeed":""},"geometry":{"type":"LineString","coordinates":[[77.6132852,13.0526399],[77.61332,13.0527889],[77.6133469,13.0528673],[77.6133815,13.0529367]]}},{"type":"Feature","properties":{"id":"655682253","name":"","highway":"residential","oneway":"no","maxspeed":""},"geometry":{"type":"LineString","coordinates":[[77.6126077,13.0516364],[77.6119439,13.0516357]]}},{"type":"Feature","properties":{"id":"655682392","name":"","highway":"residential","oneway":"no","maxspeed":""},"geometry":{"type":"LineString","coordinates":[[77.6128709,13.0527062],[77.6128549,13.0526729],[77.612932,13.0516399]]}},{"type":"Feature","properties":{"id":"655704791","name":"","highway":"tertiary","oneway":"no","maxspeed":""},"geometry":{"type":"LineString","coordinates":[[77.6195092,13.050811],[77.6194098,13.050831]]}},{"type":"Feature","properties":{"id":"655794126","name":"","highway":"residential","oneway":"no","maxspeed":""},"geometry":{"type":"LineString","coordinates":[[77.6128158,13.0537609],[77.6127112,13.0537426],[77.6126334,13.0536982],[77.6125744,13.0536328],[77.6125288,13.0534944],[77.6124711,13.0531965],[77.6124819,13.0531704],[77.6124733,13.0531309]]}},{"type":"Feature","properties":{"id":"655800790","name":"","highway":"residential","oneway":"no","maxspeed":""},"geometry":{"type":"LineString","coordinates":[[77.6192306,13.06086],[77.6191691,13.0620419]]}},{"type":"Feature","properties":{"id":"655800975","name":"","highway":"service","oneway":"no","maxspeed":""},"geometry":{"type":"LineString","coordinates":[[77.5926088,13.054078],[77.5925986,13.0539947],[77.5919781,13.0540501],[77.5913699,13.054124],[77.5912657,13.054134],[77.5911719,13.0541034],[77.5906883,13.0541892],[77.5906791,13.0541936],[77.590671,13.0542018],[77.5906685,13.0542107],[77.5907292,13.0547424]]}},{"type":"Feature","properties":{"id":"655810344","name":"","highway":"service","oneway":"no","maxspeed":""},"geometry":{"type":"LineString","coordinates":[[77.6211797,13.0473086],[77.6212379,13.0472886],[77.6212875,13.0472743],[77.6219358,13.0471099],[77.6222307,13.0470445],[77.6225068,13.0469852],[77.6229089,13.0468987],[77.6230967,13.0471319]]}},{"type":"Feature","properties":{"id":"655839007","name":"9th Cross Road","highway":"residential","oneway":"no","maxspeed":""},"geometry":{"type":"LineString","coordinates":[[77.6118919,13.0536714],[77.6112462,13.0538138]]}},{"type":"Feature","properties":{"id":"656170447","name":"","highway":"residential","oneway":"no","maxspeed":""},"geometry":{"type":"LineString","coordinates":[[77.6094245,13.0610689],[77.6102904,13.0610663],[77.6106316,13.0610647],[77.6108645,13.0610636]]}},{"type":"Feature","properties":{"id":"656424586","name":"","highway":"residential","oneway":"no","maxspeed":""},"geometry":{"type":"LineString","coordinates":[[77.6013084,13.0588422],[77.6014218,13.0594412]]}},{"type":"Feature","properties":{"id":"656424587","name":"","highway":"residential","oneway":"no","maxspeed":""},"geometry":{"type":"LineString","coordinates":[[77.6008978,13.0588907],[77.600612,13.0589227],[77.600512,13.0589339]]}},{"type":"Feature","properties":{"id":"656424588","name":"","highway":"residential","oneway":"no","maxspeed":""},"geometry":{"type":"LineString","coordinates":[[77.6008599,13.0584961],[77.6008978,13.0588907],[77.6009664,13.0588828],[77.6013084,13.0588422],[77.6016001,13.0588211],[77.6020574,13.0587881]]}},{"type":"Feature","properties":{"id":"656867881","name":"","highway":"residential","oneway":"no","maxspeed":""},"geometry":{"type":"LineString","coordinates":[[77.6043186,13.0566742],[77.6042353,13.0566828]]}},{"type":"Feature","properties":{"id":"656867882","name":"","highway":"residential","oneway":"no","maxspeed":""},"geometry":{"type":"LineString","coordinates":[[77.6027092,13.0555416],[77.602325,13.0556415]]}},{"type":"Feature","properties":{"id":"656867883","name":"","highway":"residential","oneway":"no","maxspeed":""},"geometry":{"type":"LineString","coordinates":[[77.6046269,13.0581218],[77.6047035,13.0594165],[77.6047102,13.0595784],[77.6046914,13.0599129]]}},{"type":"Feature","properties":{"id":"656867884","name":"9th Cross Road","highway":"residential","oneway":"no","maxspeed":""},"geometry":{"type":"LineString","coordinates":[[77.6043845,13.0581714],[77.6036578,13.0572229],[77.6030512,13.0564783],[77.6029164,13.0561715],[77.6027092,13.0555416],[77.6026594,13.0553463]]}},{"type":"Feature","properties":{"id":"656867885","name":"8th Cross Road","highway":"residential","oneway":"no","maxspeed":""},"geometry":{"type":"LineString","coordinates":[[77.6039675,13.0582566],[77.6033491,13.0574633],[77.6026341,13.0565462],[77.6025387,13.0562735],[77.602325,13.0556415]]}},{"type":"Feature","properties":{"id":"656869173","name":"","highway":"residential","oneway":"no","maxspeed":""},"geometry":{"type":"LineString","coordinates":[[77.6090473,13.0585293],[77.6090902,13.0587593],[77.6091331,13.0589945]]}},{"type":"Feature","properties":{"id":"656869830","name":"","highway":"residential","oneway":"no","maxspeed":""},"geometry":{"type":"LineString","coordinates":[[77.6111752,13.0528921],[77.611079,13.0520551],[77.6110262,13.0516012]]}},{"type":"Feature","properties":{"id":"656869831","name":"","highway":"residential","oneway":"no","maxspeed":""},"geometry":{"type":"LineString","coordinates":[[77.6100177,13.0522285],[77.6094762,13.0523147]]}},{"type":"Feature","properties":{"id":"656869832","name":"","highway":"residential","oneway":"no","maxspeed":""},"geometry":{"type":"LineString","coordinates":[[77.6102677,13.0530528],[77.6101947,13.0528063],[77.6101127,13.0525309],[77.6100177,13.0522285],[77.6100022,13.0521792],[77.6103118,13.0521057],[77.610781,13.052002]]}},{"type":"Feature","properties":{"id":"656872091","name":"","highway":"residential","oneway":"no","maxspeed":""},"geometry":{"type":"LineString","coordinates":[[77.5874542,13.0568976],[77.5875389,13.057347],[77.5876253,13.0577905],[77.587883,13.0577513],[77.588401,13.0576724],[77.588364,13.0573734],[77.588275,13.056814],[77.5874542,13.0568976]]}},{"type":"Feature","properties":{"id":"656873836","name":"","highway":"residential","oneway":"no","maxspeed":""},"geometry":{"type":"LineString","coordinates":[[77.6057841,13.0607764],[77.6059587,13.0607782]]}},{"type":"Feature","properties":{"id":"658663085","name":"","highway":"residential","oneway":"no","maxspeed":""},"geometry":{"type":"LineString","coordinates":[[77.5887579,13.0560304],[77.5882954,13.0560523],[77.5882078,13.0552472]]}},{"type":"Feature","properties":{"id":"658674430","name":"","highway":"residential","oneway":"no","maxspeed":""},"geometry":{"type":"LineString","coordinates":[[77.6042318,13.0657528],[77.6043974,13.0657524],[77.6049341,13.0657512],[77.6049303,13.0659273]]}},{"type":"Feature","properties":{"id":"658717585","name":"","highway":"service","oneway":"no","maxspeed":""},"geometry":{"type":"LineString","coordinates":[[77.6222307,13.0470445],[77.6219555,13.0458988]]}},{"type":"Feature","properties":{"id":"658719430","name":"","highway":"residential","oneway":"no","maxspeed":""},"geometry":{"type":"LineString","coordinates":[[77.616595,13.0647139],[77.6159057,13.0647139]]}},{"type":"Feature","properties":{"id":"658725304","name":"","highway":"residential","oneway":"no","maxspeed":""},"geometry":{"type":"LineString","coordinates":[[77.6199862,13.0659006],[77.6197059,13.0658191],[77.6196923,13.0658152],[77.6195139,13.0657362],[77.6193616,13.0656778],[77.6191773,13.0656035],[77.6191478,13.0655376],[77.6191469,13.0654748]]}},{"type":"Feature","properties":{"id":"658870491","name":"","highway":"residential","oneway":"no","maxspeed":""},"geometry":{"type":"LineString","coordinates":[[77.6171328,13.0617407],[77.6175392,13.0617753],[77.6180923,13.0618224]]}},{"type":"Feature","properties":{"id":"658872919","name":"","highway":"residential","oneway":"no","maxspeed":""},"geometry":{"type":"LineString","coordinates":[[77.5996965,13.032051],[77.5996176,13.0316572],[77.5995304,13.0313746],[77.5994665,13.0310971]]}},{"type":"Feature","properties":{"id":"660092799","name":"","highway":"residential","oneway":"no","maxspeed":""},"geometry":{"type":"LineString","coordinates":[[77.6241834,13.0587185],[77.6246011,13.0597923]]}},{"type":"Feature","properties":{"id":"660094062","name":"","highway":"residential","oneway":"no","maxspeed":""},"geometry":{"type":"LineString","coordinates":[[77.6065768,13.0591814],[77.6068968,13.0591989],[77.6072213,13.0592135],[77.6075995,13.0592323]]}},{"type":"Feature","properties":{"id":"660094161","name":"","highway":"residential","oneway":"no","maxspeed":""},"geometry":{"type":"LineString","coordinates":[[77.5911999,13.0364946],[77.5913075,13.0372228]]}},{"type":"Feature","properties":{"id":"660095805","name":"","highway":"service","oneway":"no","maxspeed":""},"geometry":{"type":"LineString","coordinates":[[77.6170148,13.0422599],[77.6170042,13.0422203],[77.6168371,13.0415936],[77.6168119,13.0414933]]}},{"type":"Feature","properties":{"id":"660101785","name":"","highway":"residential","oneway":"no","maxspeed":""},"geometry":{"type":"LineString","coordinates":[[77.5997363,13.0637713],[77.5997857,13.063772],[77.5998862,13.0637733],[77.6001303,13.0637968],[77.6002522,13.0637968],[77.6004669,13.0637968],[77.600593,13.0637903],[77.6007122,13.0637673],[77.6009091,13.0637387],[77.6010857,13.0637426],[77.6011809,13.0637389]]}},{"type":"Feature","properties":{"id":"660351237","name":"","highway":"residential","oneway":"no","maxspeed":""},"geometry":{"type":"LineString","coordinates":[[77.590316,13.0662039],[77.589844,13.0664266],[77.5890707,13.0667722]]}},{"type":"Feature","properties":{"id":"660351238","name":"","highway":"residential","oneway":"no","maxspeed":""},"geometry":{"type":"LineString","coordinates":[[77.5903845,13.066437],[77.5901122,13.0665507],[77.589895,13.0666643],[77.5895745,13.0668133],[77.5890677,13.0670261]]}},{"type":"Feature","properties":{"id":"660351239","name":"","highway":"residential","oneway":"no","maxspeed":""},"geometry":{"type":"LineString","coordinates":[[77.5905451,13.0669938],[77.5903845,13.066437],[77.590316,13.0662039],[77.5902946,13.0661313]]}},{"type":"Feature","properties":{"id":"660353522","name":"","highway":"residential","oneway":"no","maxspeed":""},"geometry":{"type":"LineString","coordinates":[[77.6037258,13.0645109],[77.6037392,13.0642253],[77.6037529,13.0639448],[77.6037605,13.0638048],[77.6037727,13.0635799],[77.6037878,13.0633169],[77.603798,13.0631232],[77.6038028,13.0630325]]}},{"type":"Feature","properties":{"id":"660358701","name":"","highway":"residential","oneway":"no","maxspeed":""},"geometry":{"type":"LineString","coordinates":[[77.5979714,13.0672524],[77.5980667,13.0677599]]}},{"type":"Feature","properties":{"id":"661630164","name":"","highway":"residential","oneway":"no","maxspeed":""},"geometry":{"type":"LineString","coordinates":[[77.621632,13.0398472],[77.6215813,13.0396353],[77.6215233,13.0393858],[77.6214966,13.0392716]]}},{"type":"Feature","properties":{"id":"661634738","name":"","highway":"service","oneway":"no","maxspeed":""},"geometry":{"type":"LineString","coordinates":[[77.6139582,13.0481852],[77.614492,13.0482899],[77.6147412,13.0481491],[77.615412,13.0479725],[77.6158949,13.0480829],[77.6165682,13.0480308],[77.6167731,13.0480003],[77.616757,13.0478994]]}},{"type":"Feature","properties":{"id":"661638061","name":"","highway":"service","oneway":"no","maxspeed":""},"geometry":{"type":"LineString","coordinates":[[77.6196769,13.0491491],[77.6196297,13.0494705],[77.6196031,13.0496521],[77.6196876,13.0505208],[77.6197842,13.0505418],[77.6201704,13.0504634],[77.6202106,13.0503876],[77.6202884,13.050338],[77.6209,13.0501759]]}},{"type":"Feature","properties":{"id":"661638062","name":"","highway":"service","oneway":"no","maxspeed":""},"geometry":{"type":"LineString","coordinates":[[77.6203967,13.0493617],[77.6204064,13.0493058],[77.6204842,13.0492719],[77.6205432,13.048859],[77.6203716,13.0481457],[77.6203018,13.0480934],[77.6200537,13.0481587],[77.619874,13.0484135],[77.6197976,13.0485559],[77.6197493,13.0486879],[77.6197185,13.0487976],[77.6196769,13.0491491],[77.6195709,13.0491308],[77.6195065,13.0491177]]}},{"type":"Feature","properties":{"id":"661646830","name":"","highway":"residential","oneway":"no","maxspeed":""},"geometry":{"type":"LineString","coordinates":[[77.5990157,13.0321191],[77.5989396,13.031767],[77.5988792,13.0314953],[77.5988045,13.0312344],[77.5987308,13.0309156],[77.5986135,13.030377],[77.5983282,13.0304381],[77.5980514,13.0304974]]}},{"type":"Feature","properties":{"id":"661647702","name":"","highway":"residential","oneway":"no","maxspeed":""},"geometry":{"type":"LineString","coordinates":[[77.6066637,13.0646344],[77.6066861,13.0656819],[77.6067279,13.0676331]]}},{"type":"Feature","properties":{"id":"661653336","name":"","highway":"service","oneway":"no","maxspeed":""},"geometry":{"type":"LineString","coordinates":[[77.594881,13.0512979],[77.5948924,13.051357],[77.5947699,13.0513753],[77.5948604,13.0518999],[77.5950165,13.0518785],[77.59571,13.0517842],[77.5958656,13.0515543],[77.5958119,13.0512237],[77.5948924,13.051357]]}},{"type":"Feature","properties":{"id":"661656617","name":"","highway":"residential","oneway":"yes","maxspeed":""},"geometry":{"type":"LineString","coordinates":[[77.5991861,13.0499274],[77.59918,13.0498908],[77.5991736,13.0498434],[77.599099,13.0492823],[77.5989609,13.0484432]]}},{"type":"Feature","properties":{"id":"661656833","name":"","highway":"residential","oneway":"no","maxspeed":""},"geometry":{"type":"LineString","coordinates":[[77.5974784,13.0645437],[77.598179,13.0645153],[77.5984311,13.0645153],[77.5985169,13.0645219],[77.5985558,13.0645415],[77.598557,13.0645663]]}},{"type":"Feature","properties":{"id":"661656834","name":"","highway":"residential","oneway":"no","maxspeed":""},"geometry":{"type":"LineString","coordinates":[[77.5975084,13.0648514],[77.5985535,13.0648223],[77.5995384,13.064826]]}},{"type":"Feature","properties":{"id":"661677590","name":"","highway":"residential","oneway":"no","maxspeed":""},"geometry":{"type":"LineString","coordinates":[[77.6071141,13.0317991],[77.6072823,13.0326031]]}},{"type":"Feature","properties":{"id":"661677591","name":"","highway":"residential","oneway":"no","maxspeed":""},"geometry":{"type":"LineString","coordinates":[[77.6067524,13.0318669],[77.6068161,13.0321742],[77.6068292,13.0322372],[77.6069243,13.032696]]}},{"type":"Feature","properties":{"id":"661678403","name":"","highway":"service","oneway":"no","maxspeed":""},"geometry":{"type":"LineString","coordinates":[[77.6107393,13.0557706],[77.6107197,13.0559423],[77.6106748,13.0563357],[77.6106527,13.0563584],[77.6102902,13.0564027]]}},{"type":"Feature","properties":{"id":"661740054","name":"","highway":"service","oneway":"no","maxspeed":""},"geometry":{"type":"LineString","coordinates":[[77.5916677,13.0521714],[77.5929784,13.0519464],[77.5930856,13.051928],[77.5931205,13.051922],[77.5931782,13.0519121]]}},{"type":"Feature","properties":{"id":"661776189","name":"","highway":"residential","oneway":"no","maxspeed":""},"geometry":{"type":"LineString","coordinates":[[77.5988255,13.0390927],[77.5987959,13.0386918],[77.5987691,13.0384044],[77.598683,13.0383901]]}},{"type":"Feature","properties":{"id":"661829452","name":"","highway":"residential","oneway":"no","maxspeed":""},"geometry":{"type":"LineString","coordinates":[[77.6070845,13.0306284],[77.6071842,13.0308804],[77.6072516,13.031089],[77.6073025,13.0313046],[77.6073878,13.0317468]]}},{"type":"Feature","properties":{"id":"661833036","name":"","highway":"residential","oneway":"no","maxspeed":""},"geometry":{"type":"LineString","coordinates":[[77.6027169,13.0504441],[77.6026786,13.0501001],[77.6026717,13.0500164],[77.6026051,13.0494586]]}},{"type":"Feature","properties":{"id":"661903547","name":"","highway":"residential","oneway":"no","maxspeed":""},"geometry":{"type":"LineString","coordinates":[[77.612875,13.0335122],[77.6131646,13.033416]]}},{"type":"Feature","properties":{"id":"661911847","name":"","highway":"residential","oneway":"no","maxspeed":""},"geometry":{"type":"LineString","coordinates":[[77.6081942,13.0537101],[77.6082842,13.0540979],[77.6084088,13.0546286]]}},{"type":"Feature","properties":{"id":"661912171","name":"","highway":"residential","oneway":"no","maxspeed":""},"geometry":{"type":"LineString","coordinates":[[77.5912181,13.040346],[77.5912982,13.0407085],[77.5913268,13.0408379]]}},{"type":"Feature","properties":{"id":"661923318","name":"","highway":"service","oneway":"no","maxspeed":""},"geometry":{"type":"LineString","coordinates":[[77.5875432,13.0322445],[77.587544,13.0323459],[77.5876445,13.0325692],[77.5876687,13.0326229],[77.5877465,13.0327667],[77.5878552,13.0328901]]}},{"type":"Feature","properties":{"id":"661930212","name":"","highway":"residential","oneway":"no","maxspeed":""},"geometry":{"type":"LineString","coordinates":[[77.6220628,13.0347539],[77.6220837,13.0348188],[77.622105,13.0348289],[77.6221311,13.0348312],[77.6223008,13.0347653],[77.6228196,13.0345791],[77.6228731,13.0345607]]}},{"type":"Feature","properties":{"id":"661938597","name":"","highway":"residential","oneway":"no","maxspeed":""},"geometry":{"type":"LineString","coordinates":[[77.6056367,13.0522879],[77.6055217,13.0516529],[77.6054666,13.0513322]]}},{"type":"Feature","properties":{"id":"667001219","name":"","highway":"residential","oneway":"no","maxspeed":""},"geometry":{"type":"LineString","coordinates":[[77.5936005,13.0380846],[77.5934848,13.0380633],[77.5932165,13.038014],[77.5931749,13.0380064],[77.5930351,13.0386058]]}},{"type":"Feature","properties":{"id":"667001220","name":"5th Cross Road","highway":"residential","oneway":"no","maxspeed":""},"geometry":{"type":"LineString","coordinates":[[77.5927183,13.0369185],[77.5927396,13.0375561],[77.5927448,13.0377132],[77.5927248,13.0380367],[77.5927157,13.0381504]]}},{"type":"Feature","properties":{"id":"667001221","name":"4th Cross Road","highway":"residential","oneway":"no","maxspeed":""},"geometry":{"type":"LineString","coordinates":[[77.5922182,13.0371423],[77.5922419,13.0375186]]}},{"type":"Feature","properties":{"id":"667001223","name":"","highway":"residential","oneway":"no","maxspeed":""},"geometry":{"type":"LineString","coordinates":[[77.594175,13.0407695],[77.5939183,13.0408148],[77.5936945,13.0408544]]}},{"type":"Feature","properties":{"id":"667001224","name":"1st Cross Road","highway":"residential","oneway":"no","maxspeed":""},"geometry":{"type":"LineString","coordinates":[[77.599909,13.0387323],[77.6006734,13.0388565]]}},{"type":"Feature","properties":{"id":"667001225","name":"2nd Cross Road","highway":"residential","oneway":"no","maxspeed":""},"geometry":{"type":"LineString","coordinates":[[77.5999667,13.0384449],[77.6007754,13.0385028]]}},{"type":"Feature","properties":{"id":"667751236","name":"2nd Cross Road","highway":"residential","oneway":"no","maxspeed":""},"geometry":{"type":"LineString","coordinates":[[77.5999428,13.0364815],[77.5997642,13.0365047],[77.5994516,13.036502]]}},{"type":"Feature","properties":{"id":"667751238","name":"3rd Cross Road","highway":"residential","oneway":"no","maxspeed":""},"geometry":{"type":"LineString","coordinates":[[77.5994917,13.0367949],[77.5999755,13.0367556]]}},{"type":"Feature","properties":{"id":"667751244","name":"6th Cross Road","highway":"residential","oneway":"no","maxspeed":""},"geometry":{"type":"LineString","coordinates":[[77.5939335,13.0387904],[77.5940195,13.0384299]]}},{"type":"Feature","properties":{"id":"667751247","name":"4th Cross Road","highway":"residential","oneway":"no","maxspeed":""},"geometry":{"type":"LineString","coordinates":[[77.5927122,13.0400758],[77.5927475,13.0404138],[77.5927901,13.0406844]]}},{"type":"Feature","properties":{"id":"667751249","name":"","highway":"residential","oneway":"no","maxspeed":""},"geometry":{"type":"LineString","coordinates":[[77.5912146,13.0386526],[77.5911921,13.0384563],[77.5911945,13.0383626],[77.5911389,13.0382396],[77.591102,13.0381732],[77.5910798,13.0379418],[77.5910757,13.0378493],[77.5910617,13.0375147],[77.5910864,13.0374311],[77.5910647,13.0372695]]}},{"type":"Feature","properties":{"id":"667751250","name":"","highway":"residential","oneway":"no","maxspeed":""},"geometry":{"type":"LineString","coordinates":[[77.5920484,13.0401793],[77.5920501,13.0400474],[77.5920783,13.0395711],[77.5920877,13.0390224],[77.5921069,13.038623]]}},{"type":"Feature","properties":{"id":"675496491","name":"SS Ashram Road","highway":"tertiary","oneway":"no","maxspeed":""},"geometry":{"type":"LineString","coordinates":[[77.6021008,13.0351298],[77.6022741,13.0351028],[77.6023824,13.0350863]]}},{"type":"Feature","properties":{"id":"675496492","name":"SS Ashram Road","highway":"tertiary","oneway":"no","maxspeed":""},"geometry":{"type":"LineString","coordinates":[[77.6023824,13.0350863],[77.6025349,13.0350631],[77.602894,13.0350084],[77.6031871,13.0349614],[77.6032415,13.0349527],[77.60331,13.0349456],[77.6034167,13.0349406],[77.6034408,13.0349377],[77.6034946,13.0349367],[77.6036745,13.0349332],[77.6037384,13.0349229],[77.6038699,13.0349135],[77.6040607,13.0348999],[77.6041424,13.0348863],[77.6043563,13.0348813],[77.60458,13.0348628],[77.6046493,13.034855]]}},{"type":"Feature","properties":{"id":"675496507","name":"Vishwanatha Nagenhalli Main Road","highway":"tertiary","oneway":"no","maxspeed":""},"geometry":{"type":"LineString","coordinates":[[77.6003931,13.0392771],[77.6005372,13.0393378],[77.6006276,13.0393735]]}},{"type":"Feature","properties":{"id":"675496508","name":"Vishwanatha Nagenhalli Main Road","highway":"tertiary","oneway":"no","maxspeed":""},"geometry":{"type":"LineString","coordinates":[[77.6006276,13.0393735],[77.6008988,13.0394879],[77.6010013,13.0395311],[77.6011289,13.0395849],[77.6012311,13.0395968],[77.6014243,13.0396194],[77.601647,13.0396133],[77.6019983,13.0396037],[77.6021973,13.0396006],[77.6022663,13.0395984],[77.602669,13.0395951],[77.6027441,13.039589],[77.6029696,13.0395846],[77.603005,13.0395864],[77.6035921,13.0396265],[77.6036222,13.0396285],[77.6043522,13.0396645],[77.6048146,13.0396545],[77.6048808,13.0395321]]}},{"type":"Feature","properties":{"id":"678246200","name":"3rd Cross Road","highway":"residential","oneway":"no","maxspeed":""},"geometry":{"type":"LineString","coordinates":[[77.5990266,13.0390812],[77.5990655,13.0384893]]}},{"type":"Feature","properties":{"id":"678246201","name":"","highway":"residential","oneway":"no","maxspeed":""},"geometry":{"type":"LineString","coordinates":[[77.5999119,13.0362959],[77.600054,13.0362901],[77.6003636,13.0362774]]}},{"type":"Feature","properties":{"id":"678246205","name":"","highway":"residential","oneway":"no","maxspeed":""},"geometry":{"type":"LineString","coordinates":[[77.5998929,13.0362411],[77.5992207,13.0362597],[77.5992385,13.0361781],[77.5992411,13.036084],[77.5992237,13.0359141],[77.5991955,13.0358331],[77.5991419,13.0358149],[77.5988978,13.0358619]]}},{"type":"Feature","properties":{"id":"682369891","name":"","highway":"residential","oneway":"no","maxspeed":""},"geometry":{"type":"LineString","coordinates":[[77.6024249,13.0325393],[77.6023068,13.032136],[77.6022872,13.0320692],[77.6021539,13.0315234],[77.6021403,13.0314676],[77.6020982,13.0313176],[77.6020694,13.031215],[77.6020585,13.031176],[77.6019811,13.0309004],[77.6019625,13.0307997],[77.6019156,13.0305452],[77.6018862,13.0304809],[77.601787,13.0302635],[77.6017251,13.0300842],[77.6016569,13.0298037],[77.6015807,13.0294766]]}},{"type":"Feature","properties":{"id":"693342021","name":"","highway":"service","oneway":"no","maxspeed":""},"geometry":{"type":"LineString","coordinates":[[77.5938047,13.0532646],[77.5938622,13.0532402],[77.5950826,13.0530312],[77.5955665,13.0529483]]}},{"type":"Feature","properties":{"id":"693773356","name":"Hebbal Flyover","highway":"trunk_link","oneway":"yes","maxspeed":""},"geometry":{"type":"LineString","coordinates":[[77.5912297,13.0461433],[77.591249,13.0463638]]}},{"type":"Feature","properties":{"id":"693773357","name":"Hebbal Flyover","highway":"trunk_link","oneway":"yes","maxspeed":""},"geometry":{"type":"LineString","coordinates":[[77.5907207,13.0438388],[77.5908156,13.0440668],[77.5908807,13.0442432],[77.5910282,13.0447573],[77.591106,13.0451173],[77.5911395,13.0453179],[77.5912297,13.0461433]]}},{"type":"Feature","properties":{"id":"693773358","name":"Hebbal Flyover","highway":"trunk_link","oneway":"yes","maxspeed":"30"},"geometry":{"type":"LineString","coordinates":[[77.5899357,13.0418641],[77.5900707,13.0423566],[77.5901283,13.0425284],[77.5901826,13.0426656],[77.5902182,13.0427545],[77.5903369,13.0430249],[77.5904053,13.0431634],[77.5904676,13.0432829],[77.5905139,13.0433816],[77.5907207,13.0438388]]}},{"type":"Feature","properties":{"id":"693773359","name":"Hebbal Flyover","highway":"trunk_link","oneway":"yes","maxspeed":""},"geometry":{"type":"LineString","coordinates":[[77.5896157,13.040719],[77.5897035,13.041021],[77.5899357,13.0418641]]}},{"type":"Feature","properties":{"id":"693773360","name":"Hebbal Flyover","highway":"trunk_link","oneway":"yes","maxspeed":""},"geometry":{"type":"LineString","coordinates":[[77.5893653,13.0396122],[77.5894117,13.0396401],[77.5894267,13.0397109]]}},{"type":"Feature","properties":{"id":"693777342","name":"","highway":"trunk_link","oneway":"yes","maxspeed":""},"geometry":{"type":"LineString","coordinates":[[77.5910458,13.0429168],[77.591224,13.0429668],[77.5913568,13.0429237]]}},{"type":"Feature","properties":{"id":"694528537","name":"","highway":"service","oneway":"no","maxspeed":""},"geometry":{"type":"LineString","coordinates":[[77.6081168,13.0429497],[77.6081488,13.0430922]]}},{"type":"Feature","properties":{"id":"694528538","name":"","highway":"service","oneway":"no","maxspeed":""},"geometry":{"type":"LineString","coordinates":[[77.6087776,13.0425646],[77.6086959,13.0422748]]}},{"type":"Feature","properties":{"id":"694528540","name":"","highway":"service","oneway":"no","maxspeed":""},"geometry":{"type":"LineString","coordinates":[[77.6039133,13.0435315],[77.6039132,13.0434748],[77.6039132,13.0434465],[77.6038914,13.0432585],[77.6038626,13.0429874],[77.6037933,13.0429118],[77.6035879,13.0429008],[77.603377,13.0429145],[77.6033319,13.0429474],[77.6033376,13.0430323],[77.6033488,13.0432653]]}},{"type":"Feature","properties":{"id":"694528541","name":"","highway":"residential","oneway":"no","maxspeed":""},"geometry":{"type":"LineString","coordinates":[[77.6034612,13.0480557],[77.6026236,13.0481715]]}},{"type":"Feature","properties":{"id":"694528542","name":"","highway":"residential","oneway":"no","maxspeed":""},"geometry":{"type":"LineString","coordinates":[[77.6040406,13.0488248],[77.6039778,13.0483393]]}},{"type":"Feature","properties":{"id":"694528543","name":"","highway":"residential","oneway":"no","maxspeed":""},"geometry":{"type":"LineString","coordinates":[[77.6228132,13.037181],[77.622858,13.0375225]]}},{"type":"Feature","properties":{"id":"694528544","name":"","highway":"service","oneway":"no","maxspeed":""},"geometry":{"type":"LineString","coordinates":[[77.616782,13.0408754],[77.616775,13.0408027],[77.616768,13.04073],[77.6167644,13.0406007],[77.6167801,13.0405353],[77.616756,13.0403969],[77.6167171,13.0403394],[77.6166728,13.0403002],[77.6165266,13.0402388],[77.6163362,13.0402571],[77.6161605,13.0402832],[77.6160599,13.0403851],[77.6160049,13.0405184],[77.6160707,13.0408829]]}},{"type":"Feature","properties":{"id":"694528545","name":"","highway":"service","oneway":"no","maxspeed":""},"geometry":{"type":"LineString","coordinates":[[77.616134,13.0409785],[77.6161124,13.0409458],[77.6160707,13.0408829],[77.6161927,13.040798],[77.6163536,13.0407313],[77.6166607,13.0406947],[77.6167198,13.0407052],[77.616768,13.04073]]}},{"type":"Feature","properties":{"id":"694528546","name":"","highway":"service","oneway":"no","maxspeed":""},"geometry":{"type":"LineString","coordinates":[[77.6080358,13.0382847],[77.6080957,13.0387136]]}},{"type":"Feature","properties":{"id":"694528547","name":"","highway":"residential","oneway":"no","maxspeed":""},"geometry":{"type":"LineString","coordinates":[[77.6071308,13.0377953],[77.6059117,13.0379844],[77.6050903,13.0381229]]}},{"type":"Feature","properties":{"id":"694528548","name":"","highway":"residential","oneway":"no","maxspeed":""},"geometry":{"type":"LineString","coordinates":[[77.6054846,13.038451],[77.6054947,13.0385475],[77.605606,13.0385723],[77.606754,13.0384149],[77.6072348,13.0383492]]}},{"type":"Feature","properties":{"id":"694528549","name":"","highway":"residential","oneway":"no","maxspeed":""},"geometry":{"type":"LineString","coordinates":[[77.6060174,13.0389148],[77.6052421,13.0389783]]}},{"type":"Feature","properties":{"id":"694528550","name":"","highway":"residential","oneway":"no","maxspeed":""},"geometry":{"type":"LineString","coordinates":[[77.6060299,13.0392269],[77.6060174,13.0389148],[77.6065883,13.0388917]]}},{"type":"Feature","properties":{"id":"694528551","name":"","highway":"residential","oneway":"no","maxspeed":""},"geometry":{"type":"LineString","coordinates":[[77.6059976,13.0395313],[77.6059936,13.0392272]]}},{"type":"Feature","properties":{"id":"694528552","name":"","highway":"residential","oneway":"no","maxspeed":""},"geometry":{"type":"LineString","coordinates":[[77.6057823,13.039238],[77.6059936,13.0392272],[77.6060299,13.0392269],[77.6064358,13.0392334],[77.60664,13.0392086]]}},{"type":"Feature","properties":{"id":"694528553","name":"","highway":"residential","oneway":"no","maxspeed":""},"geometry":{"type":"LineString","coordinates":[[77.6064368,13.0406085],[77.6063829,13.0401984]]}},{"type":"Feature","properties":{"id":"694528554","name":"","highway":"residential","oneway":"no","maxspeed":""},"geometry":{"type":"LineString","coordinates":[[77.6053556,13.0398877],[77.6056386,13.0398728],[77.6061315,13.0398165]]}},{"type":"Feature","properties":{"id":"694528555","name":"","highway":"residential","oneway":"no","maxspeed":""},"geometry":{"type":"LineString","coordinates":[[77.6064076,13.0400889],[77.6056596,13.0401329],[77.6052845,13.0401438]]}},{"type":"Feature","properties":{"id":"694528556","name":"","highway":"residential","oneway":"no","maxspeed":""},"geometry":{"type":"LineString","coordinates":[[77.6062249,13.0403426],[77.6056818,13.0403766],[77.6050537,13.0403987]]}},{"type":"Feature","properties":{"id":"694528557","name":"","highway":"residential","oneway":"no","maxspeed":""},"geometry":{"type":"LineString","coordinates":[[77.6066722,13.0405857],[77.6066174,13.0400935]]}},{"type":"Feature","properties":{"id":"694528558","name":"","highway":"residential","oneway":"no","maxspeed":""},"geometry":{"type":"LineString","coordinates":[[77.6057065,13.040653],[77.6064368,13.0406085],[77.6066722,13.0405857],[77.6066896,13.0406921]]}},{"type":"Feature","properties":{"id":"694528559","name":"","highway":"residential","oneway":"no","maxspeed":""},"geometry":{"type":"LineString","coordinates":[[77.6056048,13.0395316],[77.6056386,13.0398728],[77.6056596,13.0401329],[77.6056818,13.0403766],[77.6057065,13.040653],[77.6051185,13.0406849]]}},{"type":"Feature","properties":{"id":"694528560","name":"","highway":"service","oneway":"no","maxspeed":""},"geometry":{"type":"LineString","coordinates":[[77.610774,13.0398281],[77.6108303,13.0401382],[77.6108333,13.0401694],[77.6108135,13.0401917],[77.609212,13.040522]]}},{"type":"Feature","properties":{"id":"694528561","name":"","highway":"residential","oneway":"no","maxspeed":""},"geometry":{"type":"LineString","coordinates":[[77.6127689,13.0416453],[77.6128998,13.0421705]]}},{"type":"Feature","properties":{"id":"694528562","name":"","highway":"service","oneway":"yes","maxspeed":""},"geometry":{"type":"LineString","coordinates":[[77.6100397,13.0415636],[77.6102757,13.0411011],[77.6102926,13.0410229],[77.6102757,13.0408816],[77.6102248,13.0407927],[77.6100397,13.0407222],[77.6090929,13.0408463],[77.6088488,13.0409495],[77.6087415,13.041054],[77.6087147,13.0411795],[77.6088032,13.0413441],[77.6087818,13.041493],[77.6087683,13.0416524],[77.6088622,13.041736],[77.6090258,13.0418014],[77.6092056,13.0417645],[77.6094564,13.0417132]]}},{"type":"Feature","properties":{"id":"694528563","name":"","highway":"residential","oneway":"no","maxspeed":""},"geometry":{"type":"LineString","coordinates":[[77.6109976,13.0383793],[77.6106705,13.0377124],[77.6106626,13.0376918],[77.6106568,13.0376685],[77.610659,13.037642],[77.6106784,13.0375845],[77.6106869,13.0375561],[77.6106875,13.037531],[77.6106841,13.0375081],[77.6106686,13.0374682]]}},{"type":"Feature","properties":{"id":"694528564","name":"","highway":"residential","oneway":"no","maxspeed":""},"geometry":{"type":"LineString","coordinates":[[77.610537,13.0387646],[77.6112598,13.0386214]]}},{"type":"Feature","properties":{"id":"694528566","name":"","highway":"residential","oneway":"no","maxspeed":""},"geometry":{"type":"LineString","coordinates":[[77.6129124,13.0386579],[77.6125331,13.0387878]]}},{"type":"Feature","properties":{"id":"694528567","name":"14th Main Road","highway":"residential","oneway":"no","maxspeed":""},"geometry":{"type":"LineString","coordinates":[[77.6128426,13.0397998],[77.6126871,13.0392913],[77.6125331,13.0387878],[77.612443,13.0384932],[77.6122096,13.03784]]}},{"type":"Feature","properties":{"id":"694528568","name":"","highway":"residential","oneway":"no","maxspeed":""},"geometry":{"type":"LineString","coordinates":[[77.6140913,13.0375784],[77.6136473,13.0376806]]}},{"type":"Feature","properties":{"id":"694528569","name":"","highway":"residential","oneway":"no","maxspeed":""},"geometry":{"type":"LineString","coordinates":[[77.6140371,13.0373122],[77.6146129,13.0371919]]}},{"type":"Feature","properties":{"id":"694528570","name":"","highway":"residential","oneway":"no","maxspeed":""},"geometry":{"type":"LineString","coordinates":[[77.6138163,13.0388173],[77.6136312,13.0380098],[77.6141468,13.0379553]]}},{"type":"Feature","properties":{"id":"694528571","name":"","highway":"residential","oneway":"no","maxspeed":""},"geometry":{"type":"LineString","coordinates":[[77.6134513,13.0389727],[77.6135051,13.0391256]]}},{"type":"Feature","properties":{"id":"694528572","name":"","highway":"residential","oneway":"no","maxspeed":""},"geometry":{"type":"LineString","coordinates":[[77.6132715,13.0396548],[77.6135641,13.0396064]]}},{"type":"Feature","properties":{"id":"694528573","name":"","highway":"residential","oneway":"no","maxspeed":""},"geometry":{"type":"LineString","coordinates":[[77.6142735,13.0404752],[77.6144586,13.0403955]]}},{"type":"Feature","properties":{"id":"694528574","name":"","highway":"residential","oneway":"no","maxspeed":""},"geometry":{"type":"LineString","coordinates":[[77.6143983,13.0407629],[77.6146247,13.0406552],[77.6146861,13.040652],[77.6147439,13.0406775],[77.6148691,13.0407758],[77.6150184,13.0409123]]}},{"type":"Feature","properties":{"id":"694528575","name":"","highway":"residential","oneway":"no","maxspeed":""},"geometry":{"type":"LineString","coordinates":[[77.6144322,13.0408628],[77.6141849,13.0409159]]}},{"type":"Feature","properties":{"id":"694528576","name":"","highway":"residential","oneway":"no","maxspeed":""},"geometry":{"type":"LineString","coordinates":[[77.6145398,13.0411278],[77.6141701,13.0412305]]}},{"type":"Feature","properties":{"id":"694528579","name":"","highway":"residential","oneway":"no","maxspeed":""},"geometry":{"type":"LineString","coordinates":[[77.619819,13.0387415],[77.6207095,13.0385377]]}},{"type":"Feature","properties":{"id":"694528582","name":"","highway":"residential","oneway":"no","maxspeed":""},"geometry":{"type":"LineString","coordinates":[[77.6218071,13.037694],[77.6218562,13.0380159],[77.6219988,13.0380074],[77.6221191,13.0379752],[77.6222072,13.0379393]]}},{"type":"Feature","properties":{"id":"694528583","name":"","highway":"residential","oneway":"no","maxspeed":""},"geometry":{"type":"LineString","coordinates":[[77.6224546,13.038344],[77.6224101,13.0381418],[77.6223457,13.0381189],[77.622288,13.0380673],[77.6222531,13.0380124],[77.6222457,13.0380007],[77.6222072,13.0379393]]}},{"type":"Feature","properties":{"id":"694528584","name":"Sri Venugopal Swamy Temple Street","highway":"residential","oneway":"no","maxspeed":""},"geometry":{"type":"LineString","coordinates":[[77.6218669,13.0390433],[77.6218501,13.0385942],[77.6224235,13.0385337],[77.6225391,13.0385259],[77.6225382,13.0383495]]}},{"type":"Feature","properties":{"id":"694528585","name":"","highway":"residential","oneway":"no","maxspeed":""},"geometry":{"type":"LineString","coordinates":[[77.6235218,13.0387872],[77.6234534,13.0386134],[77.623428,13.0384854],[77.6234211,13.0383777]]}},{"type":"Feature","properties":{"id":"694528586","name":"","highway":"residential","oneway":"no","maxspeed":""},"geometry":{"type":"LineString","coordinates":[[77.623123,13.0387692],[77.6232657,13.0387859],[77.6234414,13.0387951],[77.6235218,13.0387872],[77.6236069,13.0387806]]}},{"type":"Feature","properties":{"id":"694528587","name":"1st Cross Road","highway":"residential","oneway":"no","maxspeed":""},"geometry":{"type":"LineString","coordinates":[[77.6230584,13.0389378],[77.623123,13.0387692],[77.6231689,13.0386194],[77.6231753,13.0383702]]}},{"type":"Feature","properties":{"id":"694528588","name":"","highway":"residential","oneway":"no","maxspeed":""},"geometry":{"type":"LineString","coordinates":[[77.6218669,13.0390433],[77.6222585,13.0390368],[77.622567,13.0389793],[77.6228727,13.0389322],[77.6230584,13.0389378]]}},{"type":"Feature","properties":{"id":"694528590","name":"","highway":"residential","oneway":"no","maxspeed":""},"geometry":{"type":"LineString","coordinates":[[77.6236251,13.0401186],[77.6241039,13.0401787]]}},{"type":"Feature","properties":{"id":"694528591","name":"","highway":"residential","oneway":"no","maxspeed":""},"geometry":{"type":"LineString","coordinates":[[77.6234642,13.0401016],[77.6236251,13.0401186],[77.6235902,13.0404596]]}},{"type":"Feature","properties":{"id":"694528592","name":"","highway":"residential","oneway":"no","maxspeed":""},"geometry":{"type":"LineString","coordinates":[[77.6241303,13.0398556],[77.6235527,13.0398546],[77.6235345,13.0399032],[77.6234642,13.0401016],[77.6233663,13.0403733]]}},{"type":"Feature","properties":{"id":"694528593","name":"","highway":"residential","oneway":"no","maxspeed":""},"geometry":{"type":"LineString","coordinates":[[77.6240746,13.0397577],[77.6238209,13.0397666]]}},{"type":"Feature","properties":{"id":"694528594","name":"","highway":"residential","oneway":"no","maxspeed":""},"geometry":{"type":"LineString","coordinates":[[77.6240366,13.0396361],[77.6234742,13.0396652]]}},{"type":"Feature","properties":{"id":"694528595","name":"","highway":"residential","oneway":"no","maxspeed":""},"geometry":{"type":"LineString","coordinates":[[77.623031,13.0394872],[77.6232637,13.0396482],[77.6232985,13.0396841],[77.6233103,13.039707],[77.623312,13.0397312],[77.623273,13.0398887]]}},{"type":"Feature","properties":{"id":"694528605","name":"","highway":"residential","oneway":"no","maxspeed":""},"geometry":{"type":"LineString","coordinates":[[77.6243118,13.043649],[77.6243869,13.0438656],[77.6245129,13.0442001]]}},{"type":"Feature","properties":{"id":"694528607","name":"","highway":"service","oneway":"no","maxspeed":""},"geometry":{"type":"LineString","coordinates":[[77.61904,13.0467558],[77.618843,13.0467934]]}},{"type":"Feature","properties":{"id":"694528608","name":"","highway":"service","oneway":"no","maxspeed":""},"geometry":{"type":"LineString","coordinates":[[77.618486,13.0477564],[77.6184753,13.0476865],[77.6184731,13.047674],[77.6181306,13.0457274],[77.6186348,13.0456203],[77.618843,13.0467934],[77.6188508,13.0468366],[77.6188843,13.0470287],[77.6190857,13.0469982]]}},{"type":"Feature","properties":{"id":"694528609","name":"","highway":"residential","oneway":"no","maxspeed":""},"geometry":{"type":"LineString","coordinates":[[77.619792,13.0475817],[77.6190984,13.0476745],[77.618747,13.0477215],[77.6186591,13.0477332],[77.618486,13.0477564]]}},{"type":"Feature","properties":{"id":"694528614","name":"","highway":"service","oneway":"yes","maxspeed":""},"geometry":{"type":"LineString","coordinates":[[77.619009,13.0446404],[77.6191461,13.0446095],[77.6192524,13.0445903]]}},{"type":"Feature","properties":{"id":"694528615","name":"","highway":"service","oneway":"yes","maxspeed":""},"geometry":{"type":"LineString","coordinates":[[77.6186849,13.0435313],[77.6188545,13.0443108],[77.6188716,13.0443736],[77.6188914,13.04442],[77.619009,13.0446404],[77.6191469,13.0452808]]}},{"type":"Feature","properties":{"id":"694528616","name":"","highway":"service","oneway":"yes","maxspeed":""},"geometry":{"type":"LineString","coordinates":[[77.6190382,13.0434444],[77.6188414,13.0434878],[77.6186849,13.0435313],[77.6186043,13.0435464],[77.6179364,13.0436622],[77.6179201,13.043671],[77.6179128,13.0436809],[77.6179121,13.0436929],[77.6181107,13.0448281]]}},{"type":"Feature","properties":{"id":"694528617","name":"","highway":"service","oneway":"yes","maxspeed":""},"geometry":{"type":"LineString","coordinates":[[77.6194046,13.0452372],[77.6192689,13.0452588],[77.6191469,13.0452808],[77.6182247,13.0454799]]}},{"type":"Feature","properties":{"id":"694528618","name":"","highway":"service","oneway":"yes","maxspeed":""},"geometry":{"type":"LineString","coordinates":[[77.6182247,13.0454799],[77.6182101,13.0454929],[77.6182023,13.0455138],[77.618203,13.0455301],[77.6182077,13.0455608],[77.6182171,13.0455706],[77.6182325,13.0455771],[77.6182674,13.0455798],[77.6191766,13.0454264]]}},{"type":"Feature","properties":{"id":"694978721","name":"","highway":"service","oneway":"no","maxspeed":""},"geometry":{"type":"LineString","coordinates":[[77.6207493,13.039711],[77.620739,13.0396676],[77.6206505,13.0392955]]}},{"type":"Feature","properties":{"id":"694978722","name":"","highway":"residential","oneway":"no","maxspeed":""},"geometry":{"type":"LineString","coordinates":[[77.621632,13.0398472],[77.621342,13.0399135]]}},{"type":"Feature","properties":{"id":"694978723","name":"","highway":"residential","oneway":"no","maxspeed":""},"geometry":{"type":"LineString","coordinates":[[77.6218801,13.0397874],[77.621632,13.0398472]]}},{"type":"Feature","properties":{"id":"694978724","name":"","highway":"residential","oneway":"no","maxspeed":""},"geometry":{"type":"LineString","coordinates":[[77.6214966,13.0392716],[77.6214633,13.0390092],[77.6213981,13.0386588],[77.6212373,13.0377938]]}},{"type":"Feature","properties":{"id":"694978725","name":"2nd cross road","highway":"residential","oneway":"no","maxspeed":""},"geometry":{"type":"LineString","coordinates":[[77.6223705,13.0401133],[77.6213775,13.040372]]}},{"type":"Feature","properties":{"id":"695554343","name":"","highway":"trunk_link","oneway":"yes","maxspeed":""},"geometry":{"type":"LineString","coordinates":[[77.589516,13.0393318],[77.5896333,13.0390477]]}},{"type":"Feature","properties":{"id":"695618083","name":"","highway":"service","oneway":"yes","maxspeed":""},"geometry":{"type":"LineString","coordinates":[[77.6217795,13.0494836],[77.6221343,13.0493961],[77.6228717,13.0491986],[77.6230538,13.0491087],[77.6231906,13.0489531],[77.6234883,13.0487911],[77.6237646,13.0487467],[77.6238048,13.0487023],[77.6236573,13.0474742],[77.6236305,13.0474167],[77.6235822,13.0473984],[77.6235044,13.0474088],[77.6233342,13.0474338],[77.6231852,13.0474259],[77.6231691,13.0473906],[77.6231208,13.0473043],[77.6230726,13.0472677],[77.6230323,13.0472573],[77.6228499,13.0472259],[77.6227909,13.0472207],[77.6227319,13.0472521],[77.6226427,13.0472978],[77.6222173,13.0475157],[77.6220243,13.0476146],[77.6216115,13.047826],[77.6213962,13.0479688],[77.6213415,13.0480089]]}},{"type":"Feature","properties":{"id":"695653923","name":"Godrej Platinum Driveway","highway":"residential","oneway":"no","maxspeed":""},"geometry":{"type":"LineString","coordinates":[[77.5939619,13.0547245],[77.5939708,13.0546558],[77.5947767,13.0544985],[77.5947758,13.0550956],[77.593935,13.0550849],[77.5939562,13.0548086],[77.5939619,13.0547245]]}},{"type":"Feature","properties":{"id":"695653924","name":"","highway":"service","oneway":"no","maxspeed":""},"geometry":{"type":"LineString","coordinates":[[77.5932136,13.0565549],[77.592959,13.0565806],[77.5929468,13.0565975],[77.592952,13.0566218],[77.5929826,13.0567823],[77.5929821,13.0568048],[77.5929701,13.0568186],[77.5924591,13.056893],[77.5924348,13.0568848],[77.5924181,13.0568703],[77.5923746,13.0566577],[77.5923872,13.0566257],[77.5924061,13.0566137],[77.5929577,13.056534],[77.5932121,13.0564973]]}},{"type":"Feature","properties":{"id":"695653926","name":"","highway":"service","oneway":"no","maxspeed":""},"geometry":{"type":"LineString","coordinates":[[77.5921909,13.0535245],[77.5921482,13.0530459]]}},{"type":"Feature","properties":{"id":"695653932","name":"","highway":"residential","oneway":"yes","maxspeed":""},"geometry":{"type":"LineString","coordinates":[[77.588459,13.057829],[77.5884457,13.057793],[77.58843,13.0577507],[77.588401,13.0576724]]}},{"type":"Feature","properties":{"id":"695653933","name":"","highway":"service","oneway":"no","maxspeed":""},"geometry":{"type":"LineString","coordinates":[[77.5883384,13.0580478],[77.5887637,13.058145],[77.5889531,13.0581954]]}},{"type":"Feature","properties":{"id":"695653934","name":"","highway":"service","oneway":"no","maxspeed":""},"geometry":{"type":"LineString","coordinates":[[77.5883743,13.0578424],[77.5883384,13.0580478],[77.5882947,13.0583014]]}},{"type":"Feature","properties":{"id":"695653935","name":"","highway":"residential","oneway":"no","maxspeed":""},"geometry":{"type":"LineString","coordinates":[[77.6026958,13.0534721],[77.6034204,13.0532798]]}},{"type":"Feature","properties":{"id":"695653936","name":"13th Cross Road","highway":"residential","oneway":"no","maxspeed":""},"geometry":{"type":"LineString","coordinates":[[77.6042874,13.0558354],[77.6043494,13.055957]]}},{"type":"Feature","properties":{"id":"695653937","name":"10th Cross Road","highway":"residential","oneway":"no","maxspeed":""},"geometry":{"type":"LineString","coordinates":[[77.6034062,13.0560562],[77.6036984,13.0565969]]}},{"type":"Feature","properties":{"id":"695653938","name":"","highway":"residential","oneway":"no","maxspeed":""},"geometry":{"type":"LineString","coordinates":[[77.5973654,13.0578554],[77.5979175,13.057756]]}},{"type":"Feature","properties":{"id":"695653939","name":"","highway":"residential","oneway":"no","maxspeed":""},"geometry":{"type":"LineString","coordinates":[[77.5987129,13.0572281],[77.5988415,13.0577664]]}},{"type":"Feature","properties":{"id":"695653940","name":"","highway":"residential","oneway":"no","maxspeed":""},"geometry":{"type":"LineString","coordinates":[[77.6002344,13.0568599],[77.6003663,13.0576462]]}},{"type":"Feature","properties":{"id":"695653941","name":"","highway":"residential","oneway":"no","maxspeed":""},"geometry":{"type":"LineString","coordinates":[[77.6033261,13.0529719],[77.6034204,13.0532798],[77.6034898,13.053519]]}},{"type":"Feature","properties":{"id":"695653942","name":"","highway":"residential","oneway":"no","maxspeed":""},"geometry":{"type":"LineString","coordinates":[[77.60359,13.0528794],[77.6037611,13.0534327]]}},{"type":"Feature","properties":{"id":"695653943","name":"","highway":"residential","oneway":"no","maxspeed":""},"geometry":{"type":"LineString","coordinates":[[77.6007477,13.0522441],[77.6007034,13.0519328]]}},{"type":"Feature","properties":{"id":"695653944","name":"","highway":"residential","oneway":"no","maxspeed":""},"geometry":{"type":"LineString","coordinates":[[77.599504,13.0515974],[77.5992128,13.0516427],[77.5991204,13.051242]]}},{"type":"Feature","properties":{"id":"695653945","name":"","highway":"service","oneway":"no","maxspeed":""},"geometry":{"type":"LineString","coordinates":[[77.5957085,13.055629],[77.595722,13.0557048],[77.5957355,13.0557806],[77.5946406,13.0559126]]}},{"type":"Feature","properties":{"id":"695653946","name":"","highway":"service","oneway":"no","maxspeed":""},"geometry":{"type":"LineString","coordinates":[[77.5946613,13.0568362],[77.5944842,13.0569029],[77.5944306,13.0569094],[77.5941181,13.0562027],[77.5944833,13.0561068],[77.5945835,13.0560733],[77.5947706,13.0565184]]}},{"type":"Feature","properties":{"id":"695653948","name":"5th Cross Road","highway":"residential","oneway":"no","maxspeed":""},"geometry":{"type":"LineString","coordinates":[[77.591412,13.0590919],[77.5913424,13.0585519]]}},{"type":"Feature","properties":{"id":"695653949","name":"","highway":"service","oneway":"no","maxspeed":""},"geometry":{"type":"LineString","coordinates":[[77.5920463,13.0594963],[77.592117,13.0597606]]}},{"type":"Feature","properties":{"id":"695653950","name":"","highway":"service","oneway":"no","maxspeed":""},"geometry":{"type":"LineString","coordinates":[[77.5921639,13.0577526],[77.5927683,13.0576643]]}},{"type":"Feature","properties":{"id":"695653951","name":"","highway":"service","oneway":"no","maxspeed":""},"geometry":{"type":"LineString","coordinates":[[77.5921846,13.0578633],[77.5928037,13.0577739]]}},{"type":"Feature","properties":{"id":"695653952","name":"","highway":"service","oneway":"no","maxspeed":""},"geometry":{"type":"LineString","coordinates":[[77.5922352,13.0581335],[77.5928428,13.058026]]}},{"type":"Feature","properties":{"id":"695653953","name":"","highway":"service","oneway":"no","maxspeed":""},"geometry":{"type":"LineString","coordinates":[[77.5917095,13.0582433],[77.591661,13.0580016],[77.5916183,13.0577886],[77.5921563,13.0577122]]}},{"type":"Feature","properties":{"id":"695653954","name":"","highway":"residential","oneway":"no","maxspeed":""},"geometry":{"type":"LineString","coordinates":[[77.5901176,13.0546519],[77.5902128,13.0548962],[77.5902793,13.0551354]]}},{"type":"Feature","properties":{"id":"695653955","name":"","highway":"residential","oneway":"no","maxspeed":""},"geometry":{"type":"LineString","coordinates":[[77.5887778,13.0564527],[77.5883326,13.0564757]]}},{"type":"Feature","properties":{"id":"695653957","name":"","highway":"service","oneway":"no","maxspeed":""},"geometry":{"type":"LineString","coordinates":[[77.5926598,13.0545145],[77.5922745,13.0545696]]}},{"type":"Feature","properties":{"id":"695653958","name":"","highway":"service","oneway":"no","maxspeed":""},"geometry":{"type":"LineString","coordinates":[[77.5919934,13.0541503],[77.5926088,13.054078]]}},{"type":"Feature","properties":{"id":"695653959","name":"","highway":"service","oneway":"no","maxspeed":""},"geometry":{"type":"LineString","coordinates":[[77.5926241,13.0542025],[77.5920142,13.0542862]]}},{"type":"Feature","properties":{"id":"695653960","name":"","highway":"service","oneway":"no","maxspeed":""},"geometry":{"type":"LineString","coordinates":[[77.5914678,13.0503333],[77.5904647,13.0506215],[77.5906333,13.051803],[77.5909091,13.0529842],[77.5913834,13.0529234]]}},{"type":"Feature","properties":{"id":"695653961","name":"","highway":"service","oneway":"no","maxspeed":""},"geometry":{"type":"LineString","coordinates":[[77.588582,13.0538314],[77.5890191,13.0536352],[77.5902519,13.0531028],[77.5903306,13.0530873],[77.5909091,13.0529842],[77.5910011,13.0534039],[77.5910533,13.053642],[77.5910875,13.053798]]}},{"type":"Feature","properties":{"id":"695653962","name":"","highway":"service","oneway":"no","maxspeed":""},"geometry":{"type":"LineString","coordinates":[[77.5896479,13.0515755],[77.589456,13.0508363],[77.5892441,13.0497275],[77.590241,13.0495046],[77.5909545,13.0493448]]}},{"type":"Feature","properties":{"id":"695653963","name":"","highway":"service","oneway":"no","maxspeed":""},"geometry":{"type":"LineString","coordinates":[[77.5901113,13.0521722],[77.589825,13.0522442],[77.589756,13.0519838],[77.5896479,13.0515755]]}},{"type":"Feature","properties":{"id":"695653964","name":"","highway":"service","oneway":"no","maxspeed":""},"geometry":{"type":"LineString","coordinates":[[77.5877747,13.0544272],[77.5886115,13.0540718],[77.588582,13.0538314],[77.5880037,13.0520453],[77.5879992,13.0520313],[77.5877398,13.0512499]]}},{"type":"Feature","properties":{"id":"695653967","name":"","highway":"residential","oneway":"no","maxspeed":""},"geometry":{"type":"LineString","coordinates":[[77.5878126,13.0584376],[77.587787,13.0584389],[77.5873616,13.0584601]]}},{"type":"Feature","properties":{"id":"696114922","name":"","highway":"residential","oneway":"no","maxspeed":""},"geometry":{"type":"LineString","coordinates":[[77.6233196,13.0367277],[77.6248228,13.0364931]]}},{"type":"Feature","properties":{"id":"696114923","name":"","highway":"residential","oneway":"no","maxspeed":""},"geometry":{"type":"LineString","coordinates":[[77.6229324,13.0349205],[77.62266,13.0349888],[77.622267,13.0351113]]}},{"type":"Feature","properties":{"id":"696114924","name":"","highway":"residential","oneway":"no","maxspeed":""},"geometry":{"type":"LineString","coordinates":[[77.6231865,13.0359037],[77.623249,13.0358941],[77.6236774,13.0358279],[77.6237088,13.0358209],[77.6238893,13.0357809],[77.6242241,13.0356946],[77.6242481,13.0357239],[77.6243268,13.0360441],[77.6243201,13.0360718],[77.6239067,13.0361559],[77.6238853,13.0360448],[77.6233542,13.0361127],[77.6232691,13.0361224],[77.6232194,13.0361281]]}},{"type":"Feature","properties":{"id":"696114925","name":"","highway":"residential","oneway":"no","maxspeed":""},"geometry":{"type":"LineString","coordinates":[[77.62389,13.0369334],[77.6239548,13.0372884]]}},{"type":"Feature","properties":{"id":"696114926","name":"","highway":"tertiary","oneway":"yes","maxspeed":""},"geometry":{"type":"LineString","coordinates":[[77.6178415,13.0411331],[77.6188201,13.0411842],[77.6189434,13.0411906],[77.6191906,13.041208]]}},{"type":"Feature","properties":{"id":"698555589","name":"","highway":"residential","oneway":"no","maxspeed":""},"geometry":{"type":"LineString","coordinates":[[77.5910798,13.0379418],[77.5912368,13.0379338],[77.5912448,13.0379334],[77.5913808,13.0379265],[77.5917987,13.0379052]]}},{"type":"Feature","properties":{"id":"698566420","name":"","highway":"trunk_link","oneway":"yes","maxspeed":""},"geometry":{"type":"LineString","coordinates":[[77.5909376,13.043668],[77.5908767,13.0436396],[77.5908123,13.0436448],[77.5907573,13.0436553],[77.5906983,13.0436736],[77.5906312,13.0436997],[77.5906084,13.0437311],[77.5905897,13.0437693]]}},{"type":"Feature","properties":{"id":"698823288","name":"","highway":"service","oneway":"no","maxspeed":""},"geometry":{"type":"LineString","coordinates":[[77.5893359,13.0361655],[77.5894509,13.0361134],[77.5895478,13.036148],[77.5898005,13.0360691],[77.5896258,13.035681],[77.5896187,13.0356652]]}},{"type":"Feature","properties":{"id":"698830061","name":"","highway":"residential","oneway":"no","maxspeed":""},"geometry":{"type":"LineString","coordinates":[[77.615047,13.0336176],[77.6146102,13.0337649],[77.6145378,13.0335702]]}},{"type":"Feature","properties":{"id":"698835465","name":"","highway":"residential","oneway":"no","maxspeed":""},"geometry":{"type":"LineString","coordinates":[[77.6009873,13.0409312],[77.6009738,13.0406386],[77.6009453,13.0402562],[77.6009363,13.0401943],[77.6008961,13.0397972],[77.6008746,13.0396012],[77.6008988,13.0394879]]}},{"type":"Feature","properties":{"id":"698835466","name":"","highway":"residential","oneway":"no","maxspeed":""},"geometry":{"type":"LineString","coordinates":[[77.601293,13.0408162],[77.6012311,13.0395968]]}},{"type":"Feature","properties":{"id":"698835467","name":"","highway":"residential","oneway":"no","maxspeed":""},"geometry":{"type":"LineString","coordinates":[[77.6015243,13.0407609],[77.6014781,13.040082],[77.6014352,13.0398337],[77.6014243,13.0396194]]}},{"type":"Feature","properties":{"id":"698856745","name":"","highway":"residential","oneway":"no","maxspeed":""},"geometry":{"type":"LineString","coordinates":[[77.6192661,13.0342018],[77.6196244,13.0340261]]}},{"type":"Feature","properties":{"id":"699312953","name":"","highway":"service","oneway":"no","maxspeed":""},"geometry":{"type":"LineString","coordinates":[[77.5938452,13.0491286],[77.5938397,13.0490677],[77.5938284,13.0489426],[77.5937292,13.0487388],[77.5931901,13.0489766],[77.5929361,13.0490625],[77.5929148,13.0490712],[77.5928095,13.049114]]}},{"type":"Feature","properties":{"id":"699319306","name":"","highway":"residential","oneway":"no","maxspeed":""},"geometry":{"type":"LineString","coordinates":[[77.6105593,13.0337472],[77.6105547,13.0342849]]}},{"type":"Feature","properties":{"id":"699319307","name":"","highway":"residential","oneway":"no","maxspeed":""},"geometry":{"type":"LineString","coordinates":[[77.6108498,13.0337222],[77.6108336,13.0342039]]}},{"type":"Feature","properties":{"id":"699319308","name":"","highway":"residential","oneway":"no","maxspeed":""},"geometry":{"type":"LineString","coordinates":[[77.6118593,13.0333613],[77.6117188,13.033531],[77.6114254,13.0335975],[77.6111547,13.0336674],[77.6108498,13.0337222],[77.6108221,13.0337278],[77.6105593,13.0337472],[77.610337,13.0337614]]}},{"type":"Feature","properties":{"id":"699320283","name":"","highway":"residential","oneway":"no","maxspeed":""},"geometry":{"type":"LineString","coordinates":[[77.6162445,13.0319612],[77.6163135,13.0321522]]}},{"type":"Feature","properties":{"id":"699331374","name":"","highway":"trunk_link","oneway":"yes","maxspeed":""},"geometry":{"type":"LineString","coordinates":[[77.5876552,13.0427735],[77.5877635,13.0428763]]}},{"type":"Feature","properties":{"id":"699332070","name":"","highway":"residential","oneway":"no","maxspeed":""},"geometry":{"type":"LineString","coordinates":[[77.6034208,13.0328833],[77.6033959,13.0326112],[77.6041,13.0325197],[77.6047869,13.0324858]]}},{"type":"Feature","properties":{"id":"699332071","name":"","highway":"residential","oneway":"no","maxspeed":""},"geometry":{"type":"LineString","coordinates":[[77.6024976,13.0330032],[77.6028195,13.0329538],[77.6031873,13.0329065],[77.6034208,13.0328833],[77.6036286,13.0328627],[77.6041831,13.0328072],[77.6047694,13.0327823]]}},{"type":"Feature","properties":{"id":"699332072","name":"","highway":"residential","oneway":"no","maxspeed":""},"geometry":{"type":"LineString","coordinates":[[77.6024249,13.0325393],[77.6024544,13.0327183],[77.6024976,13.0330032],[77.6025,13.0330188],[77.6025309,13.0333337],[77.6025845,13.033774],[77.6026033,13.0339099],[77.6026167,13.0340066],[77.6026878,13.034085],[77.6027387,13.0342627],[77.6028058,13.0345815],[77.602894,13.0350084]]}},{"type":"Feature","properties":{"id":"699338776","name":"","highway":"service","oneway":"no","maxspeed":""},"geometry":{"type":"LineString","coordinates":[[77.6206953,13.046306],[77.6199022,13.0464551],[77.6197158,13.0453864],[77.6203224,13.0452815],[77.6203729,13.0452727],[77.6204521,13.0452858],[77.6206953,13.046306]]}},{"type":"Feature","properties":{"id":"699340658","name":"","highway":"residential","oneway":"no","maxspeed":""},"geometry":{"type":"LineString","coordinates":[[77.6048322,13.0392016],[77.6045478,13.0392767],[77.6044352,13.0392987],[77.604292,13.039317],[77.6039752,13.0393373],[77.6035637,13.0393531]]}},{"type":"Feature","properties":{"id":"699340659","name":"","highway":"residential","oneway":"no","maxspeed":""},"geometry":{"type":"LineString","coordinates":[[77.6047552,13.0387544],[77.6039404,13.0388695],[77.6034978,13.038928]]}},{"type":"Feature","properties":{"id":"699340660","name":"","highway":"residential","oneway":"no","maxspeed":""},"geometry":{"type":"LineString","coordinates":[[77.6035921,13.0396265],[77.6035637,13.0393531],[77.6034978,13.038928],[77.6034549,13.0386657],[77.6034038,13.0384531],[77.6033744,13.038326],[77.6032335,13.0383394],[77.603062,13.0383558],[77.6027603,13.0383846],[77.6024887,13.0384133],[77.6022087,13.0384395],[77.6021826,13.0384419],[77.6018978,13.0384797],[77.6016484,13.0385128],[77.601293,13.0384423],[77.6012375,13.0386791],[77.6011873,13.0389147],[77.6011745,13.0389651],[77.6011017,13.0392515],[77.6010831,13.0393248],[77.6010013,13.0395311]]}},{"type":"Feature","properties":{"id":"699342458","name":"","highway":"service","oneway":"no","maxspeed":""},"geometry":{"type":"LineString","coordinates":[[77.6216115,13.047826],[77.621769,13.0480987],[77.6217717,13.0481248],[77.6217315,13.0481535],[77.6216751,13.048177],[77.6216604,13.0481666],[77.6215999,13.0480591],[77.6215906,13.0480425],[77.6215638,13.0479915],[77.6215464,13.0479732],[77.6215263,13.0479667],[77.6215008,13.0479732],[77.6214475,13.0480087],[77.6213588,13.0480558]]}},{"type":"Feature","properties":{"id":"699350592","name":"","highway":"residential","oneway":"no","maxspeed":""},"geometry":{"type":"LineString","coordinates":[[77.5964401,13.0468262],[77.5963726,13.0471564],[77.5963674,13.0472205],[77.596378,13.0478386],[77.5963819,13.0480686],[77.5968755,13.0480568]]}},{"type":"Feature","properties":{"id":"699350593","name":"","highway":"residential","oneway":"no","maxspeed":""},"geometry":{"type":"LineString","coordinates":[[77.5954648,13.0471619],[77.5950369,13.0471733]]}},{"type":"Feature","properties":{"id":"699350594","name":"","highway":"residential","oneway":"no","maxspeed":""},"geometry":{"type":"LineString","coordinates":[[77.5950813,13.0481065],[77.5954919,13.0480817]]}},{"type":"Feature","properties":{"id":"699534930","name":"","highway":"service","oneway":"no","maxspeed":""},"geometry":{"type":"LineString","coordinates":[[77.593642,13.0563045],[77.5938765,13.0562538],[77.5941181,13.0562027]]}},{"type":"Feature","properties":{"id":"699858719","name":"","highway":"service","oneway":"yes","maxspeed":""},"geometry":{"type":"LineString","coordinates":[[77.6223671,13.045129],[77.622236,13.0446513]]}},{"type":"Feature","properties":{"id":"707652284","name":"","highway":"service","oneway":"no","maxspeed":""},"geometry":{"type":"LineString","coordinates":[[77.6099099,13.0679621],[77.6097688,13.067729],[77.6097527,13.0675501],[77.6097018,13.067247],[77.6096843,13.0671398],[77.6097299,13.0671072],[77.6099446,13.0670846],[77.610023,13.067063]]}},{"type":"Feature","properties":{"id":"718311317","name":"","highway":"tertiary","oneway":"no","maxspeed":""},"geometry":{"type":"LineString","coordinates":[[77.6213915,13.0585426],[77.6211601,13.0582263],[77.621085,13.0580172],[77.6210474,13.057722],[77.620967,13.0574999],[77.6208758,13.0573118],[77.6205969,13.0569826],[77.6204336,13.0567865],[77.6203697,13.0567536],[77.6202563,13.0566951],[77.6199317,13.0562993],[77.6198137,13.0560994],[77.6197802,13.0559073],[77.6197977,13.0557968]]}},{"type":"Feature","properties":{"id":"718779259","name":"","highway":"service","oneway":"no","maxspeed":""},"geometry":{"type":"LineString","coordinates":[[77.5896187,13.0356652],[77.5895872,13.0355936],[77.589572,13.0355589],[77.589557,13.0355246],[77.5895409,13.0354791],[77.5895543,13.0354229],[77.5895718,13.0353758],[77.5898212,13.0352922],[77.5900039,13.0352323],[77.5905949,13.0350386],[77.590654,13.0350192],[77.5906856,13.0349872],[77.5904891,13.0346964],[77.5902544,13.0343698],[77.5898803,13.033877]]}},{"type":"Feature","properties":{"id":"719683997","name":"","highway":"residential","oneway":"no","maxspeed":""},"geometry":{"type":"LineString","coordinates":[[77.6026207,13.0371658],[77.6028611,13.0371045],[77.6031249,13.0370613],[77.6031579,13.0372286],[77.6031826,13.0373723],[77.6026502,13.0374428]]}},{"type":"Feature","properties":{"id":"719683998","name":"","highway":"residential","oneway":"no","maxspeed":""},"geometry":{"type":"LineString","coordinates":[[77.6020199,13.0372455],[77.6016887,13.0373134]]}},{"type":"Feature","properties":{"id":"719683999","name":"3rd Cross Patal Munniappa Layout","highway":"residential","oneway":"no","maxspeed":""},"geometry":{"type":"LineString","coordinates":[[77.6024887,13.0384133],[77.602315,13.0372024]]}},{"type":"Feature","properties":{"id":"720099558","name":"","highway":"residential","oneway":"no","maxspeed":""},"geometry":{"type":"LineString","coordinates":[[77.6031579,13.0372286],[77.6049954,13.0368497]]}},{"type":"Feature","properties":{"id":"720099559","name":"","highway":"residential","oneway":"no","maxspeed":""},"geometry":{"type":"LineString","coordinates":[[77.6031049,13.0369424],[77.604922,13.0365595]]}},{"type":"Feature","properties":{"id":"720099560","name":"","highway":"residential","oneway":"no","maxspeed":""},"geometry":{"type":"LineString","coordinates":[[77.6048563,13.0362735],[77.6030592,13.0366785],[77.6031049,13.0369424],[77.6031249,13.0370613]]}},{"type":"Feature","properties":{"id":"726510902","name":"","highway":"residential","oneway":"no","maxspeed":""},"geometry":{"type":"LineString","coordinates":[[77.591491,13.0393416],[77.5913929,13.0391573],[77.5912873,13.0388961],[77.591275,13.0388447],[77.5912602,13.0386521]]}},{"type":"Feature","properties":{"id":"726598313","name":"","highway":"residential","oneway":"yes","maxspeed":""},"geometry":{"type":"LineString","coordinates":[[77.5964758,13.0556585],[77.5963838,13.0556712],[77.5962532,13.0556892],[77.5961861,13.0557205],[77.5961378,13.0557571],[77.5961526,13.0558727],[77.5962143,13.0560308],[77.5962672,13.0561301],[77.5963135,13.0561295],[77.5965616,13.0560262],[77.5968748,13.0559021],[77.5972804,13.0557395],[77.5972563,13.0556735],[77.5971933,13.0555814],[77.5970062,13.0556017],[77.5964758,13.0556585]]}},{"type":"Feature","properties":{"id":"726598314","name":"","highway":"service","oneway":"no","maxspeed":""},"geometry":{"type":"LineString","coordinates":[[77.5957355,13.0557806],[77.5958602,13.0557637],[77.5960346,13.0562157]]}},{"type":"Feature","properties":{"id":"726598315","name":"","highway":"service","oneway":"no","maxspeed":""},"geometry":{"type":"LineString","coordinates":[[77.5947331,13.0557293],[77.5947327,13.0556675],[77.5947351,13.0555899],[77.5938844,13.0556038],[77.5938707,13.0556002],[77.5938609,13.0555949],[77.5938565,13.0555825],[77.5938554,13.0554345],[77.5938551,13.0553712],[77.593859,13.0552283],[77.5938614,13.0552222],[77.5938668,13.0552171],[77.5938749,13.0552143],[77.5947166,13.0551935],[77.5947274,13.0551947],[77.5947357,13.0552015],[77.5947383,13.0552092],[77.5947351,13.0555899]]}},{"type":"Feature","properties":{"id":"727393538","name":"","highway":"residential","oneway":"no","maxspeed":""},"geometry":{"type":"LineString","coordinates":[[77.5945746,13.039728],[77.5944816,13.0394209],[77.5944413,13.0392027],[77.5944709,13.0385888]]}},{"type":"Feature","properties":{"id":"727393539","name":"","highway":"residential","oneway":"no","maxspeed":""},"geometry":{"type":"LineString","coordinates":[[77.5930672,13.0400158],[77.5930077,13.0397736],[77.5929902,13.0395672],[77.5929636,13.0392609],[77.592973,13.0391222],[77.5929831,13.0389768],[77.5930036,13.038856],[77.5930351,13.0386058]]}},{"type":"Feature","properties":{"id":"732232662","name":"","highway":"residential","oneway":"no","maxspeed":""},"geometry":{"type":"LineString","coordinates":[[77.5953172,13.0510226],[77.5954378,13.0509906],[77.5954158,13.0508963]]}},{"type":"Feature","properties":{"id":"732232664","name":"","highway":"residential","oneway":"no","maxspeed":""},"geometry":{"type":"LineString","coordinates":[[77.5954378,13.0509906],[77.5958014,13.050921],[77.5958393,13.0508722],[77.5958557,13.0508094],[77.5958512,13.0503022],[77.5958997,13.050257],[77.5959337,13.0502137],[77.5959113,13.0501502],[77.5958593,13.0501023]]}},{"type":"Feature","properties":{"id":"732232666","name":"","highway":"residential","oneway":"no","maxspeed":""},"geometry":{"type":"LineString","coordinates":[[77.5953172,13.0510226],[77.5951832,13.0510479],[77.5948345,13.0511209],[77.5947946,13.0511177],[77.5947568,13.051102],[77.5947226,13.0510499],[77.5941375,13.0501816],[77.5940524,13.0501033],[77.5937602,13.0499837]]}},{"type":"Feature","properties":{"id":"732317806","name":"","highway":"tertiary","oneway":"no","maxspeed":""},"geometry":{"type":"LineString","coordinates":[[77.593,13.0672464],[77.5932196,13.0672552]]}},{"type":"Feature","properties":{"id":"732317813","name":"","highway":"service","oneway":"no","maxspeed":""},"geometry":{"type":"LineString","coordinates":[[77.5946774,13.0626222],[77.5946653,13.0626524],[77.5946277,13.0627634],[77.5946307,13.0628941],[77.5946333,13.0630055],[77.5945714,13.0630561],[77.5944869,13.0630966],[77.5936304,13.0632573],[77.5935405,13.063275]]}},{"type":"Feature","properties":{"id":"732317814","name":"","highway":"service","oneway":"yes","maxspeed":""},"geometry":{"type":"LineString","coordinates":[[77.5937026,13.0631301],[77.5937373,13.0625083],[77.5936723,13.0625066],[77.5935852,13.0625019]]}},{"type":"Feature","properties":{"id":"734653314","name":"","highway":"trunk_link","oneway":"no","maxspeed":""},"geometry":{"type":"LineString","coordinates":[[77.6198433,13.0411292],[77.6198378,13.041219]]}},{"type":"Feature","properties":{"id":"735038584","name":"","highway":"residential","oneway":"no","maxspeed":""},"geometry":{"type":"LineString","coordinates":[[77.5956865,13.032133],[77.5956457,13.0320564]]}},{"type":"Feature","properties":{"id":"735038585","name":"","highway":"residential","oneway":"no","maxspeed":""},"geometry":{"type":"LineString","coordinates":[[77.5958307,13.0324067],[77.5958066,13.0322978]]}},{"type":"Feature","properties":{"id":"735038586","name":"","highway":"residential","oneway":"no","maxspeed":""},"geometry":{"type":"LineString","coordinates":[[77.5957805,13.0322719],[77.5957321,13.0322238]]}},{"type":"Feature","properties":{"id":"735044244","name":"","highway":"residential","oneway":"no","maxspeed":""},"geometry":{"type":"LineString","coordinates":[[77.5983962,13.0406307],[77.5985558,13.0406278],[77.5986926,13.0406451],[77.5990543,13.0406865],[77.5994959,13.0407261],[77.5995065,13.0406005],[77.5995345,13.0403598],[77.5995685,13.0400676],[77.5995881,13.0398877],[77.5996055,13.0397649],[77.5996072,13.0397446],[77.5996103,13.0397076],[77.5996301,13.0395372],[77.5996387,13.0394748],[77.5996858,13.0390973]]}},{"type":"Feature","properties":{"id":"735044245","name":"","highway":"residential","oneway":"no","maxspeed":""},"geometry":{"type":"LineString","coordinates":[[77.5968614,13.0401315],[77.5969232,13.0401233],[77.5971571,13.0400924],[77.5971936,13.0402888],[77.5972295,13.0404821],[77.5972455,13.0405659],[77.5972763,13.0406756],[77.5975352,13.0406542],[77.5975621,13.0406751],[77.5977766,13.0406464],[77.5978186,13.0406292],[77.5978495,13.0406107],[77.5979269,13.0405785],[77.598128,13.0405785]]}},{"type":"Feature","properties":{"id":"735056335","name":"","highway":"residential","oneway":"no","maxspeed":""},"geometry":{"type":"LineString","coordinates":[[77.5914791,13.0360981],[77.5915373,13.0364504],[77.5916457,13.0368376],[77.5917075,13.0371983]]}},{"type":"Feature","properties":{"id":"735390009","name":"","highway":"tertiary","oneway":"no","maxspeed":""},"geometry":{"type":"LineString","coordinates":[[77.601088,13.0453107],[77.6010591,13.0450991],[77.6010414,13.0449701],[77.6010317,13.0448883],[77.6010083,13.0446908],[77.6009787,13.0444412],[77.6009674,13.0443458],[77.6009503,13.044239],[77.6008818,13.0438466]]}},{"type":"Feature","properties":{"id":"735390010","name":"","highway":"tertiary","oneway":"no","maxspeed":""},"geometry":{"type":"LineString","coordinates":[[77.6010991,13.0458463],[77.6011013,13.0455823]]}},{"type":"Feature","properties":{"id":"735395079","name":"","highway":"tertiary","oneway":"yes","maxspeed":""},"geometry":{"type":"LineString","coordinates":[[77.6195337,13.0458863],[77.6196947,13.0466387],[77.6197384,13.0468718],[77.6198418,13.047443]]}},{"type":"Feature","properties":{"id":"735395080","name":"","highway":"tertiary","oneway":"yes","maxspeed":""},"geometry":{"type":"LineString","coordinates":[[77.6199413,13.0474194],[77.6197024,13.046312],[77.6195937,13.0457627],[77.6195307,13.0453786]]}},{"type":"Feature","properties":{"id":"735395574","name":"","highway":"service","oneway":"no","maxspeed":""},"geometry":{"type":"LineString","coordinates":[[77.6219555,13.0458988],[77.622702,13.0457228],[77.6229492,13.0466459],[77.6224476,13.0467399],[77.6225068,13.0469852]]}},{"type":"Feature","properties":{"id":"735395575","name":"","highway":"service","oneway":"no","maxspeed":""},"geometry":{"type":"LineString","coordinates":[[77.6218163,13.0458892],[77.6220151,13.0468197],[77.622001,13.0468431],[77.6219581,13.0468601],[77.6219105,13.0468699],[77.6218884,13.0468797],[77.6218817,13.0468993],[77.6219358,13.0471099]]}},{"type":"Feature","properties":{"id":"735397962","name":"","highway":"service","oneway":"yes","maxspeed":""},"geometry":{"type":"LineString","coordinates":[[77.6208785,13.0452427],[77.6210502,13.0459012],[77.6211351,13.0458831],[77.6224744,13.0455981],[77.6223671,13.045129]]}},{"type":"Feature","properties":{"id":"735401984","name":"1st Main Road","highway":"tertiary","oneway":"no","maxspeed":""},"geometry":{"type":"LineString","coordinates":[[77.6250618,13.0308528],[77.6238653,13.0312213],[77.6237579,13.0312544],[77.6234562,13.031373],[77.6231696,13.0314857],[77.6228801,13.0315995],[77.6228089,13.0316275],[77.6224545,13.0317669],[77.621891,13.0320115],[77.6218805,13.032016]]}},{"type":"Feature","properties":{"id":"736384988","name":"","highway":"residential","oneway":"no","maxspeed":""},"geometry":{"type":"LineString","coordinates":[[77.6074222,13.0369879],[77.6075056,13.0375302]]}},{"type":"Feature","properties":{"id":"736386646","name":"","highway":"residential","oneway":"no","maxspeed":""},"geometry":{"type":"LineString","coordinates":[[77.601293,13.0384423],[77.6014329,13.037809],[77.601513,13.0376669],[77.6020695,13.0376061]]}},{"type":"Feature","properties":{"id":"736394668","name":"","highway":"residential","oneway":"no","maxspeed":""},"geometry":{"type":"LineString","coordinates":[[77.5985833,13.0402894],[77.5989442,13.0403161],[77.5995345,13.0403598]]}},{"type":"Feature","properties":{"id":"736394670","name":"","highway":"residential","oneway":"no","maxspeed":""},"geometry":{"type":"LineString","coordinates":[[77.5981827,13.0402505],[77.5985833,13.0402894],[77.5985558,13.0406278]]}},{"type":"Feature","properties":{"id":"736394671","name":"","highway":"residential","oneway":"no","maxspeed":""},"geometry":{"type":"LineString","coordinates":[[77.5983962,13.0406307],[77.5984016,13.0409286]]}},{"type":"Feature","properties":{"id":"736394672","name":"","highway":"residential","oneway":"no","maxspeed":""},"geometry":{"type":"LineString","coordinates":[[77.598128,13.0405785],[77.5981481,13.0404579],[77.5981827,13.0402505],[77.598223,13.0399978],[77.5982469,13.039848],[77.5982527,13.0398115],[77.5982604,13.0397473],[77.598297,13.0394405],[77.5983077,13.0393875],[77.5983315,13.0392696],[77.5983426,13.0390983]]}},{"type":"Feature","properties":{"id":"736418152","name":"","highway":"service","oneway":"no","maxspeed":""},"geometry":{"type":"LineString","coordinates":[[77.6243419,13.0612434],[77.6243504,13.0612447],[77.6251317,13.0613574],[77.6253211,13.061393]]}},{"type":"Feature","properties":{"id":"736423065","name":"","highway":"residential","oneway":"no","maxspeed":""},"geometry":{"type":"LineString","coordinates":[[77.6164986,13.0304286],[77.6170783,13.0316333],[77.6173662,13.0323525],[77.6176389,13.0331223],[77.6177301,13.0333863]]}},{"type":"Feature","properties":{"id":"736433518","name":"2nd Cross Patal Munaiappa Layout","highway":"residential","oneway":"no","maxspeed":"20"},"geometry":{"type":"LineString","coordinates":[[77.6021826,13.0384419],[77.6020695,13.0376061],[77.6020199,13.0372455]]}},{"type":"Feature","properties":{"id":"736433519","name":"4th Cross Road Patalmuniaappa","highway":"residential","oneway":"no","maxspeed":""},"geometry":{"type":"LineString","coordinates":[[77.6027603,13.0383846],[77.6026502,13.0374428],[77.6026207,13.0371658]]}},{"type":"Feature","properties":{"id":"736433520","name":"","highway":"residential","oneway":"no","maxspeed":""},"geometry":{"type":"LineString","coordinates":[[77.6020199,13.0372455],[77.602315,13.0372024],[77.6026207,13.0371658]]}},{"type":"Feature","properties":{"id":"736433521","name":"1st Cross Patalmuniappa Layout","highway":"residential","oneway":"no","maxspeed":"20"},"geometry":{"type":"LineString","coordinates":[[77.6018978,13.0384797],[77.6018134,13.0377437]]}},{"type":"Feature","properties":{"id":"736441939","name":"","highway":"residential","oneway":"no","maxspeed":""},"geometry":{"type":"LineString","coordinates":[[77.6139775,13.0370189],[77.6148972,13.0368026]]}},{"type":"Feature","properties":{"id":"736445023","name":"Manyata Gate 4 Road","highway":"residential","oneway":"no","maxspeed":"20"},"geometry":{"type":"LineString","coordinates":[[77.6184367,13.0541785],[77.6164414,13.0542381]]}},{"type":"Feature","properties":{"id":"737233450","name":"","highway":"residential","oneway":"no","maxspeed":""},"geometry":{"type":"LineString","coordinates":[[77.600718,13.0366649],[77.6007178,13.0366378],[77.600725,13.0366267],[77.6007371,13.0366215],[77.6007553,13.0366196],[77.6011995,13.0366509],[77.6012187,13.0366572],[77.6012297,13.036669],[77.6012335,13.036685],[77.6012342,13.0367078],[77.6011682,13.0370141]]}},{"type":"Feature","properties":{"id":"737438654","name":"","highway":"service","oneway":"no","maxspeed":""},"geometry":{"type":"LineString","coordinates":[[77.5921722,13.0324279],[77.5922338,13.0328827]]}},{"type":"Feature","properties":{"id":"737476994","name":"Service Road","highway":"tertiary","oneway":"yes","maxspeed":""},"geometry":{"type":"LineString","coordinates":[[77.6252679,13.0385751],[77.6243209,13.0398803],[77.6243107,13.0398944],[77.62426,13.0399643]]}},{"type":"Feature","properties":{"id":"737786763","name":"","highway":"residential","oneway":"no","maxspeed":""},"geometry":{"type":"LineString","coordinates":[[77.6226173,13.0616876],[77.6226771,13.0624125]]}},{"type":"Feature","properties":{"id":"737786764","name":"","highway":"residential","oneway":"no","maxspeed":""},"geometry":{"type":"LineString","coordinates":[[77.6226173,13.0616876],[77.6223463,13.0617046],[77.6223099,13.0617236],[77.6223041,13.0617529],[77.6223224,13.0620294],[77.6223131,13.0620709],[77.6222835,13.0620841],[77.6218452,13.0621115],[77.6218108,13.06213],[77.6217973,13.0621636],[77.6218454,13.0628918],[77.6218569,13.0629233],[77.6219001,13.0629297],[77.6224414,13.0628963]]}},{"type":"Feature","properties":{"id":"744791243","name":"","highway":"service","oneway":"no","maxspeed":""},"geometry":{"type":"LineString","coordinates":[[77.6202106,13.0503876],[77.6201744,13.0502609]]}},{"type":"Feature","properties":{"id":"744791245","name":"","highway":"service","oneway":"no","maxspeed":""},"geometry":{"type":"LineString","coordinates":[[77.620869,13.0500169],[77.6207699,13.0500453],[77.6207082,13.0501041],[77.6201744,13.0502609],[77.6199853,13.0495567],[77.6201007,13.0495201]]}},{"type":"Feature","properties":{"id":"744791246","name":"","highway":"service","oneway":"no","maxspeed":""},"geometry":{"type":"LineString","coordinates":[[77.6196031,13.0496521],[77.6195185,13.0496383],[77.6194445,13.0495715]]}},{"type":"Feature","properties":{"id":"744792185","name":"","highway":"tertiary","oneway":"yes","maxspeed":""},"geometry":{"type":"LineString","coordinates":[[77.6211797,13.0473086],[77.6209035,13.0463628],[77.6208784,13.0462591],[77.620835,13.0461164],[77.6206145,13.0453019]]}},{"type":"Feature","properties":{"id":"745208731","name":"","highway":"residential","oneway":"no","maxspeed":""},"geometry":{"type":"LineString","coordinates":[[77.5916769,13.0420421],[77.5914426,13.0420579],[77.591363,13.0420591]]}},{"type":"Feature","properties":{"id":"745208732","name":"","highway":"residential","oneway":"no","maxspeed":""},"geometry":{"type":"LineString","coordinates":[[77.5917447,13.0424896],[77.5916769,13.0420421],[77.5918007,13.0420209],[77.5919398,13.0420096]]}},{"type":"Feature","properties":{"id":"745208733","name":"","highway":"trunk_link","oneway":"yes","maxspeed":""},"geometry":{"type":"LineString","coordinates":[[77.5925617,13.0423305],[77.5924373,13.0422868]]}},{"type":"Feature","properties":{"id":"746828200","name":"","highway":"residential","oneway":"no","maxspeed":""},"geometry":{"type":"LineString","coordinates":[[77.6208202,13.0363254],[77.6208028,13.0365459],[77.6208496,13.0368487],[77.6208919,13.037001],[77.6209762,13.0373351],[77.6209906,13.0374211]]}},{"type":"Feature","properties":{"id":"747180746","name":"","highway":"service","oneway":"no","maxspeed":""},"geometry":{"type":"LineString","coordinates":[[77.6232496,13.0473331],[77.6233342,13.0474338]]}},{"type":"Feature","properties":{"id":"747180747","name":"","highway":"service","oneway":"no","maxspeed":""},"geometry":{"type":"LineString","coordinates":[[77.6230967,13.0471319],[77.6232496,13.0473331]]}},{"type":"Feature","properties":{"id":"747958866","name":"","highway":"residential","oneway":"no","maxspeed":""},"geometry":{"type":"LineString","coordinates":[[77.5905051,13.0426897],[77.5904568,13.0425463],[77.5904073,13.042424],[77.5903944,13.0423933],[77.5901525,13.0417661],[77.5901316,13.0417072]]}},{"type":"Feature","properties":{"id":"755092270","name":"","highway":"residential","oneway":"no","maxspeed":""},"geometry":{"type":"LineString","coordinates":[[77.6212922,13.0397085],[77.6215813,13.0396353],[77.6217802,13.039587]]}},{"type":"Feature","properties":{"id":"755092271","name":"","highway":"residential","oneway":"no","maxspeed":""},"geometry":{"type":"LineString","coordinates":[[77.6210492,13.0394905],[77.621187,13.0399147]]}},{"type":"Feature","properties":{"id":"757062021","name":"5th Cross Road","highway":"residential","oneway":"no","maxspeed":""},"geometry":{"type":"LineString","coordinates":[[77.5954837,13.0361688],[77.5955946,13.0365616],[77.595656,13.0367936]]}},{"type":"Feature","properties":{"id":"760543000","name":"Bellary Road","highway":"trunk","oneway":"yes","maxspeed":"80"},"geometry":{"type":"LineString","coordinates":[[77.5928707,13.0501528],[77.5931516,13.0512924]]}},{"type":"Feature","properties":{"id":"760543001","name":"Bellary Road","highway":"trunk","oneway":"yes","maxspeed":"60"},"geometry":{"type":"LineString","coordinates":[[77.5893431,13.038932],[77.5894807,13.039608]]}},{"type":"Feature","properties":{"id":"760681877","name":"Bhoopasandra Main Road","highway":"tertiary","oneway":"no","maxspeed":""},"geometry":{"type":"LineString","coordinates":[[77.5895455,13.0412642],[77.5896062,13.0412561],[77.58968,13.0412481]]}},{"type":"Feature","properties":{"id":"760685444","name":"","highway":"tertiary","oneway":"yes","maxspeed":""},"geometry":{"type":"LineString","coordinates":[[77.6136394,13.0423717],[77.6138958,13.0422746]]}},{"type":"Feature","properties":{"id":"760685445","name":"Veerannapalya Flyover","highway":"trunk","oneway":"yes","maxspeed":"50"},"geometry":{"type":"LineString","coordinates":[[77.6104578,13.0430167],[77.6107303,13.0429552]]}},{"type":"Feature","properties":{"id":"760685446","name":"Outer Ring Road","highway":"trunk","oneway":"yes","maxspeed":"60"},"geometry":{"type":"LineString","coordinates":[[77.5937768,13.04217],[77.5941199,13.0420555],[77.59429,13.0420129]]}},{"type":"Feature","properties":{"id":"764500262","name":"Nagawara Main Road","highway":"secondary","oneway":"no","maxspeed":""},"geometry":{"type":"LineString","coordinates":[[77.6234376,13.0379292],[77.6234552,13.0380453],[77.6235062,13.0383804],[77.6235657,13.0386167],[77.6236069,13.0387806],[77.6236412,13.0389171],[77.6239429,13.0394975],[77.6240012,13.0395838],[77.6240366,13.0396361]]}},{"type":"Feature","properties":{"id":"764500264","name":"Rachenahalli Main Road","highway":"tertiary","oneway":"no","maxspeed":""},"geometry":{"type":"LineString","coordinates":[[77.621632,13.0584863],[77.6213915,13.0585426],[77.6212309,13.0585802],[77.6211188,13.0586064],[77.6204356,13.0587332],[77.619969,13.0588368],[77.6196203,13.0589468],[77.6193534,13.059031],[77.6193105,13.0590674],[77.6192472,13.0591212],[77.6192259,13.059254],[77.6193066,13.0596497],[77.6194195,13.0601986],[77.6194501,13.0604149],[77.6194433,13.0605201],[77.6194614,13.0605668],[77.6195098,13.0605808],[77.620217,13.0606699],[77.6203146,13.0606809],[77.6203308,13.0607183],[77.620334,13.0607832],[77.6203679,13.0613252],[77.6203774,13.0614781],[77.6204039,13.0617224],[77.6204657,13.0620959],[77.6204938,13.0623287],[77.6205096,13.0624599],[77.6205127,13.062494],[77.6205273,13.0626056],[77.6205292,13.0626211],[77.6205565,13.0629761],[77.620569,13.0632602],[77.6205685,13.0633145],[77.6205681,13.0633645],[77.6205679,13.0633845],[77.6205194,13.0635752],[77.6205142,13.0636585],[77.6205198,13.0637383],[77.6205614,13.0638829],[77.6205823,13.063981],[77.620602,13.0641648],[77.6206303,13.0643531],[77.6206428,13.0644604],[77.6206418,13.0645835],[77.6206427,13.0646782],[77.6206396,13.0647703],[77.6206412,13.0648894],[77.6206323,13.0649488],[77.6206084,13.065352],[77.6205908,13.0653973]]}},{"type":"Feature","properties":{"id":"765138988","name":"","highway":"residential","oneway":"no","maxspeed":""},"geometry":{"type":"LineString","coordinates":[[77.6047251,13.0332928],[77.6042166,13.0332383],[77.6038223,13.033263],[77.6034671,13.0332852],[77.6028653,13.0333127],[77.6025309,13.0333337]]}},{"type":"Feature","properties":{"id":"765138989","name":"","highway":"residential","oneway":"no","maxspeed":""},"geometry":{"type":"LineString","coordinates":[[77.6047035,13.0335476],[77.6043571,13.0335394],[77.6040537,13.0335496],[77.6034918,13.0335888],[77.6034671,13.0332852],[77.6034208,13.0328833]]}},{"type":"Feature","properties":{"id":"765138990","name":"","highway":"residential","oneway":"no","maxspeed":""},"geometry":{"type":"LineString","coordinates":[[77.6035166,13.03384],[77.6034918,13.0335888],[77.6029298,13.0336344]]}},{"type":"Feature","properties":{"id":"765138991","name":"","highway":"residential","oneway":"no","maxspeed":""},"geometry":{"type":"LineString","coordinates":[[77.6032415,13.0349527],[77.6031692,13.0345671],[77.6030928,13.0342483],[77.6030512,13.0340288],[77.6030324,13.0338785],[77.6034603,13.0338459],[77.6035166,13.03384],[77.6038791,13.0338147],[77.6042099,13.0338012],[77.6044125,13.0337971],[77.6046758,13.0338106]]}},{"type":"Feature","properties":{"id":"765140203","name":"1st Cross Road","highway":"residential","oneway":"no","maxspeed":""},"geometry":{"type":"LineString","coordinates":[[77.6034946,13.0349367],[77.6034616,13.0345501],[77.6033972,13.0342797],[77.6033717,13.0340327],[77.6035321,13.0340231],[77.6037875,13.0340079],[77.6041164,13.0339903],[77.6041653,13.0339871],[77.604395,13.0339726],[77.6046672,13.0339754]]}},{"type":"Feature","properties":{"id":"768105017","name":"","highway":"residential","oneway":"no","maxspeed":""},"geometry":{"type":"LineString","coordinates":[[77.6237311,13.0429119],[77.6240255,13.043756]]}},{"type":"Feature","properties":{"id":"768280101","name":"","highway":"residential","oneway":"no","maxspeed":""},"geometry":{"type":"LineString","coordinates":[[77.5862834,13.0382633],[77.5865786,13.0382605],[77.5879677,13.0382476]]}},{"type":"Feature","properties":{"id":"768280103","name":"","highway":"residential","oneway":"no","maxspeed":""},"geometry":{"type":"LineString","coordinates":[[77.5890991,13.0376153],[77.5890663,13.0376152],[77.5890032,13.0376149],[77.5879571,13.03761],[77.5862164,13.0376022],[77.5862834,13.0382633],[77.5863075,13.0386814],[77.5865275,13.0389296],[77.5866133,13.0390315],[77.586652,13.0390477],[77.5866964,13.0390446],[77.5868922,13.0389296],[77.5879785,13.0388957],[77.5879677,13.0382476],[77.5879571,13.03761]]}},{"type":"Feature","properties":{"id":"768280743","name":"","highway":"residential","oneway":"no","maxspeed":""},"geometry":{"type":"LineString","coordinates":[[77.5895912,13.0348428],[77.5893154,13.0338683]]}},{"type":"Feature","properties":{"id":"768280744","name":"","highway":"residential","oneway":"no","maxspeed":""},"geometry":{"type":"LineString","coordinates":[[77.5893207,13.0349243],[77.5891694,13.0345227],[77.5890295,13.0341003]]}},{"type":"Feature","properties":{"id":"768280746","name":"","highway":"residential","oneway":"no","maxspeed":""},"geometry":{"type":"LineString","coordinates":[[77.5888455,13.0350662],[77.5893207,13.0349243],[77.5894985,13.0348703],[77.5895912,13.0348428],[77.589907,13.0347461],[77.5902302,13.0346533]]}},{"type":"Feature","properties":{"id":"768281001","name":"","highway":"service","oneway":"no","maxspeed":""},"geometry":{"type":"LineString","coordinates":[[77.5926036,13.0354451],[77.59259,13.035387],[77.5925758,13.035321],[77.5926576,13.0352465],[77.5926758,13.0351753],[77.5926667,13.0350688],[77.5925869,13.0347013],[77.5925222,13.0345998],[77.5924793,13.034571],[77.5924082,13.0345462],[77.592254,13.0345514],[77.5920124,13.0346098],[77.591966,13.034629],[77.5919317,13.0346432],[77.5918703,13.0346748],[77.591786,13.0347121],[77.5916954,13.0347732],[77.5916344,13.0348231],[77.5916022,13.0348964],[77.5916049,13.0349656],[77.5916773,13.0351799],[77.591839,13.0353125],[77.5919462,13.035385],[77.5920662,13.0354438],[77.5921607,13.0354438],[77.5922439,13.0354308],[77.5923868,13.0353641],[77.5925758,13.035321]]}},{"type":"Feature","properties":{"id":"768597573","name":"","highway":"service","oneway":"no","maxspeed":""},"geometry":{"type":"LineString","coordinates":[[77.6203146,13.0606809],[77.6202991,13.0606021],[77.6202837,13.0605232],[77.6211012,13.0603712],[77.620923,13.0594618],[77.6201527,13.0596051]]}},{"type":"Feature","properties":{"id":"770251752","name":"","highway":"residential","oneway":"no","maxspeed":""},"geometry":{"type":"LineString","coordinates":[[77.61605,13.0512801],[77.6159572,13.0512857],[77.6157107,13.0513007],[77.6155294,13.0513117]]}},{"type":"Feature","properties":{"id":"770251753","name":"","highway":"residential","oneway":"no","maxspeed":""},"geometry":{"type":"LineString","coordinates":[[77.616127,13.0509839],[77.6151952,13.051024]]}},{"type":"Feature","properties":{"id":"770251754","name":"","highway":"residential","oneway":"no","maxspeed":""},"geometry":{"type":"LineString","coordinates":[[77.6151391,13.0502859],[77.6152517,13.0502673],[77.6155924,13.0502384],[77.6157181,13.0502258],[77.6161414,13.0501833]]}},{"type":"Feature","properties":{"id":"770251755","name":"","highway":"residential","oneway":"no","maxspeed":""},"geometry":{"type":"LineString","coordinates":[[77.613424,13.049423],[77.6135049,13.0500285],[77.6135079,13.0501446]]}},{"type":"Feature","properties":{"id":"770295443","name":"","highway":"residential","oneway":"no","maxspeed":""},"geometry":{"type":"LineString","coordinates":[[77.6181116,13.0361937],[77.6184164,13.0373886]]}},{"type":"Feature","properties":{"id":"770628027","name":"","highway":"residential","oneway":"no","maxspeed":""},"geometry":{"type":"LineString","coordinates":[[77.5951742,13.0387151],[77.5953036,13.0387144],[77.5954055,13.0387139],[77.5958025,13.0387119]]}},{"type":"Feature","properties":{"id":"770628028","name":"","highway":"residential","oneway":"no","maxspeed":""},"geometry":{"type":"LineString","coordinates":[[77.5955551,13.0371524],[77.5957315,13.0371277],[77.5961669,13.0370678]]}},{"type":"Feature","properties":{"id":"770628029","name":"","highway":"residential","oneway":"no","maxspeed":""},"geometry":{"type":"LineString","coordinates":[[77.6023068,13.032136],[77.6028239,13.0319785]]}},{"type":"Feature","properties":{"id":"770628033","name":"","highway":"residential","oneway":"no","maxspeed":""},"geometry":{"type":"LineString","coordinates":[[77.6031465,13.0363403],[77.6035766,13.0362476],[77.6048033,13.0360039]]}},{"type":"Feature","properties":{"id":"770628034","name":"","highway":"service","oneway":"no","maxspeed":""},"geometry":{"type":"LineString","coordinates":[[77.5990626,13.0383285],[77.5999667,13.0384449]]}},{"type":"Feature","properties":{"id":"770628035","name":"","highway":"residential","oneway":"no","maxspeed":""},"geometry":{"type":"LineString","coordinates":[[77.5994987,13.0408096],[77.6001228,13.0408487]]}},{"type":"Feature","properties":{"id":"770628036","name":"","highway":"residential","oneway":"no","maxspeed":""},"geometry":{"type":"LineString","coordinates":[[77.5982816,13.0344831],[77.5983798,13.0353042],[77.5984003,13.0354906]]}},{"type":"Feature","properties":{"id":"770628037","name":"","highway":"residential","oneway":"no","maxspeed":""},"geometry":{"type":"LineString","coordinates":[[77.5953036,13.0387144],[77.595307,13.038878],[77.5953079,13.0390036],[77.5953598,13.039385],[77.5953749,13.0394509]]}},{"type":"Feature","properties":{"id":"770628039","name":"","highway":"residential","oneway":"no","maxspeed":""},"geometry":{"type":"LineString","coordinates":[[77.5875479,13.0542904],[77.5879264,13.0540355],[77.588081,13.0539499],[77.5883621,13.0538848],[77.588582,13.0538314]]}},{"type":"Feature","properties":{"id":"770631244","name":"","highway":"residential","oneway":"no","maxspeed":""},"geometry":{"type":"LineString","coordinates":[[77.5888824,13.0658019],[77.5899654,13.065402]]}},{"type":"Feature","properties":{"id":"772934835","name":"","highway":"service","oneway":"no","maxspeed":""},"geometry":{"type":"LineString","coordinates":[[77.6081488,13.0430922],[77.6081697,13.0431808],[77.6081881,13.0432589],[77.6081996,13.0433078]]}},{"type":"Feature","properties":{"id":"775230096","name":"","highway":"service","oneway":"no","maxspeed":""},"geometry":{"type":"LineString","coordinates":[[77.6158596,13.043507],[77.6160125,13.04347],[77.6161462,13.0439938],[77.6162878,13.0445485],[77.6161038,13.0445931]]}},{"type":"Feature","properties":{"id":"775230109","name":"Karle Zenith Residency Road","highway":"service","oneway":"no","maxspeed":""},"geometry":{"type":"LineString","coordinates":[[77.6150609,13.0467618],[77.6152332,13.0468561],[77.6158236,13.0469807],[77.6158457,13.0469853],[77.6160564,13.0470298],[77.6161243,13.0470365]]}},{"type":"Feature","properties":{"id":"775230122","name":"","highway":"service","oneway":"no","maxspeed":""},"geometry":{"type":"LineString","coordinates":[[77.6175482,13.0444812],[77.6174667,13.0440747]]}},{"type":"Feature","properties":{"id":"775442597","name":"","highway":"service","oneway":"yes","maxspeed":""},"geometry":{"type":"LineString","coordinates":[[77.6095432,13.0416929],[77.6100397,13.0415636]]}},{"type":"Feature","properties":{"id":"775442598","name":"","highway":"service","oneway":"no","maxspeed":""},"geometry":{"type":"LineString","coordinates":[[77.6097809,13.0429184],[77.609729,13.0426963],[77.6095057,13.0417417]]}},{"type":"Feature","properties":{"id":"775953286","name":"","highway":"service","oneway":"no","maxspeed":""},"geometry":{"type":"LineString","coordinates":[[77.6231852,13.0474259],[77.6229036,13.0475695],[77.622858,13.0475852],[77.6228352,13.0475865],[77.622807,13.0475761],[77.6227668,13.0475147],[77.6226427,13.0472978]]}},{"type":"Feature","properties":{"id":"775966577","name":"","highway":"residential","oneway":"no","maxspeed":""},"geometry":{"type":"LineString","coordinates":[[77.5935007,13.0419422],[77.5934744,13.0418445],[77.5934502,13.0417556],[77.5934207,13.0416589],[77.5934006,13.0415544],[77.5933394,13.0412513],[77.5933349,13.0411873]]}},{"type":"Feature","properties":{"id":"778223126","name":"","highway":"residential","oneway":"no","maxspeed":""},"geometry":{"type":"LineString","coordinates":[[77.6254088,13.0574098],[77.6253068,13.057496],[77.6251137,13.0575652],[77.6249582,13.0576044],[77.6247758,13.057641],[77.6246309,13.0576488],[77.6243629,13.0577014]]}},{"type":"Feature","properties":{"id":"778937354","name":"1st Cross Road","highway":"residential","oneway":"no","maxspeed":""},"geometry":{"type":"LineString","coordinates":[[77.6004501,13.0350643],[77.6004656,13.035285],[77.6004669,13.0354183]]}},{"type":"Feature","properties":{"id":"781846369","name":"16th Main Road","highway":"residential","oneway":"no","maxspeed":""},"geometry":{"type":"LineString","coordinates":[[77.588208,13.0624054],[77.5886011,13.0621344]]}},{"type":"Feature","properties":{"id":"781846372","name":"14th Cross Road","highway":"residential","oneway":"no","maxspeed":""},"geometry":{"type":"LineString","coordinates":[[77.5886009,13.063748],[77.5886012,13.063681],[77.5886024,13.0633736],[77.5886037,13.0630459],[77.588605,13.0627245]]}},{"type":"Feature","properties":{"id":"781846373","name":"","highway":"secondary","oneway":"yes","maxspeed":""},"geometry":{"type":"LineString","coordinates":[[77.5914225,13.0576689],[77.59157,13.0576867],[77.5921432,13.0576217],[77.5927046,13.0575195],[77.5929433,13.0574633],[77.593115,13.0574228],[77.593186,13.05738]]}},{"type":"Feature","properties":{"id":"781852606","name":"","highway":"residential","oneway":"no","maxspeed":""},"geometry":{"type":"LineString","coordinates":[[77.6017874,13.0501693],[77.6017755,13.0500684],[77.6017086,13.0495839]]}},{"type":"Feature","properties":{"id":"781852607","name":"","highway":"residential","oneway":"no","maxspeed":""},"geometry":{"type":"LineString","coordinates":[[77.6036706,13.0493102],[77.603647,13.0491605],[77.6035993,13.0488874]]}},{"type":"Feature","properties":{"id":"782076454","name":"","highway":"tertiary","oneway":"yes","maxspeed":""},"geometry":{"type":"LineString","coordinates":[[77.619628,13.0483235],[77.6195103,13.0485753],[77.6193817,13.0492917],[77.6193352,13.0496233],[77.6193259,13.0498738],[77.6193211,13.0499807],[77.6193226,13.0501232],[77.6193307,13.0502361],[77.6193404,13.0503581],[77.6194046,13.0507958]]}},{"type":"Feature","properties":{"id":"782101079","name":"","highway":"residential","oneway":"no","maxspeed":""},"geometry":{"type":"LineString","coordinates":[[77.6037768,13.0408795],[77.6037632,13.0407668],[77.6037432,13.0405933],[77.6037253,13.0404211],[77.6036928,13.0400852],[77.6044153,13.0400296]]}},{"type":"Feature","properties":{"id":"782101080","name":"","highway":"residential","oneway":"no","maxspeed":""},"geometry":{"type":"LineString","coordinates":[[77.6036222,13.0396285],[77.6036419,13.0397804],[77.6036533,13.0398467],[77.6036928,13.0400852]]}},{"type":"Feature","properties":{"id":"782101081","name":"","highway":"residential","oneway":"no","maxspeed":""},"geometry":{"type":"LineString","coordinates":[[77.6019693,13.0392649],[77.6018978,13.0384797]]}},{"type":"Feature","properties":{"id":"782101083","name":"","highway":"residential","oneway":"no","maxspeed":""},"geometry":{"type":"LineString","coordinates":[[77.6011873,13.0389147],[77.6017538,13.0390657]]}},{"type":"Feature","properties":{"id":"782101084","name":"","highway":"residential","oneway":"no","maxspeed":""},"geometry":{"type":"LineString","coordinates":[[77.6022748,13.0392444],[77.6022087,13.0384395]]}},{"type":"Feature","properties":{"id":"782101085","name":"","highway":"residential","oneway":"no","maxspeed":""},"geometry":{"type":"LineString","coordinates":[[77.602592,13.0392372],[77.6024887,13.0384133]]}},{"type":"Feature","properties":{"id":"782113557","name":"","highway":"residential","oneway":"no","maxspeed":""},"geometry":{"type":"LineString","coordinates":[[77.5949658,13.0409836],[77.5949802,13.0410958],[77.5949838,13.0411245]]}},{"type":"Feature","properties":{"id":"782113559","name":"6th Cross Road","highway":"residential","oneway":"no","maxspeed":""},"geometry":{"type":"LineString","coordinates":[[77.5949554,13.0409416],[77.5956601,13.0408347],[77.5957507,13.0408071],[77.596277,13.0406465]]}},{"type":"Feature","properties":{"id":"782113560","name":"","highway":"residential","oneway":"no","maxspeed":""},"geometry":{"type":"LineString","coordinates":[[77.5956601,13.0408347],[77.595614,13.0404993]]}},{"type":"Feature","properties":{"id":"782113561","name":"","highway":"residential","oneway":"no","maxspeed":""},"geometry":{"type":"LineString","coordinates":[[77.5972774,13.0393934],[77.5976624,13.0393912],[77.5983077,13.0393875]]}},{"type":"Feature","properties":{"id":"782113562","name":"","highway":"residential","oneway":"no","maxspeed":""},"geometry":{"type":"LineString","coordinates":[[77.5966341,13.0397737],[77.5966677,13.0397246],[77.5967455,13.0397037],[77.5971118,13.0396822],[77.5971452,13.0396802],[77.5973854,13.039678]]}},{"type":"Feature","properties":{"id":"782113564","name":"","highway":"residential","oneway":"no","maxspeed":""},"geometry":{"type":"LineString","coordinates":[[77.5978247,13.0404472],[77.5978326,13.0402227]]}},{"type":"Feature","properties":{"id":"782113567","name":"","highway":"residential","oneway":"no","maxspeed":""},"geometry":{"type":"LineString","coordinates":[[77.5953735,13.0401579],[77.5953938,13.0402235],[77.5959059,13.0400794]]}},{"type":"Feature","properties":{"id":"782113569","name":"","highway":"residential","oneway":"no","maxspeed":""},"geometry":{"type":"LineString","coordinates":[[77.5990098,13.0400282],[77.5995685,13.0400676]]}},{"type":"Feature","properties":{"id":"782113570","name":"","highway":"residential","oneway":"no","maxspeed":""},"geometry":{"type":"LineString","coordinates":[[77.5982604,13.0397473],[77.5985078,13.0397926],[77.5985498,13.0397925],[77.5990632,13.0398406]]}},{"type":"Feature","properties":{"id":"782113571","name":"","highway":"residential","oneway":"no","maxspeed":""},"geometry":{"type":"LineString","coordinates":[[77.5987316,13.0395784],[77.5987628,13.0390948]]}},{"type":"Feature","properties":{"id":"782113575","name":"","highway":"residential","oneway":"no","maxspeed":""},"geometry":{"type":"LineString","coordinates":[[77.5978495,13.0406107],[77.5980088,13.0410616]]}},{"type":"Feature","properties":{"id":"782113580","name":"","highway":"residential","oneway":"no","maxspeed":""},"geometry":{"type":"LineString","coordinates":[[77.6030327,13.040776],[77.6029403,13.0401365],[77.6030764,13.0400972],[77.603005,13.0395864]]}},{"type":"Feature","properties":{"id":"782114737","name":"","highway":"residential","oneway":"no","maxspeed":""},"geometry":{"type":"LineString","coordinates":[[77.596277,13.0406465],[77.5964326,13.0411078]]}},{"type":"Feature","properties":{"id":"782292584","name":"","highway":"residential","oneway":"no","maxspeed":""},"geometry":{"type":"LineString","coordinates":[[77.5911389,13.0382396],[77.5908914,13.0382437],[77.5903844,13.0382514],[77.5895396,13.0382688]]}},{"type":"Feature","properties":{"id":"789253186","name":"","highway":"residential","oneway":"no","maxspeed":""},"geometry":{"type":"LineString","coordinates":[[77.6193616,13.0656778],[77.6192337,13.066273]]}},{"type":"Feature","properties":{"id":"789253187","name":"","highway":"residential","oneway":"no","maxspeed":""},"geometry":{"type":"LineString","coordinates":[[77.6196847,13.0653748],[77.6205908,13.0653973]]}},{"type":"Feature","properties":{"id":"789253188","name":"","highway":"residential","oneway":"no","maxspeed":""},"geometry":{"type":"LineString","coordinates":[[77.6202962,13.0663885],[77.621073,13.0663735]]}},{"type":"Feature","properties":{"id":"789253191","name":"","highway":"residential","oneway":"no","maxspeed":""},"geometry":{"type":"LineString","coordinates":[[77.6229629,13.0653812],[77.623027,13.0657168],[77.6231163,13.0661848]]}},{"type":"Feature","properties":{"id":"789253192","name":"","highway":"residential","oneway":"no","maxspeed":""},"geometry":{"type":"LineString","coordinates":[[77.621745,13.0635508],[77.6217664,13.0639375],[77.6217664,13.0643847],[77.6217664,13.0644863],[77.621827,13.0653471]]}},{"type":"Feature","properties":{"id":"789779312","name":"","highway":"residential","oneway":"no","maxspeed":""},"geometry":{"type":"LineString","coordinates":[[77.6174509,13.0622193],[77.6174005,13.0626968]]}},{"type":"Feature","properties":{"id":"789779313","name":"","highway":"residential","oneway":"no","maxspeed":""},"geometry":{"type":"LineString","coordinates":[[77.6163721,13.0641876],[77.6166308,13.0641966]]}},{"type":"Feature","properties":{"id":"789779314","name":"","highway":"service","oneway":"no","maxspeed":""},"geometry":{"type":"LineString","coordinates":[[77.6160345,13.0638636],[77.6165575,13.0638819],[77.6165977,13.0638871],[77.6166272,13.0639211],[77.6166326,13.0641704]]}},{"type":"Feature","properties":{"id":"789779316","name":"","highway":"service","oneway":"no","maxspeed":""},"geometry":{"type":"LineString","coordinates":[[77.6104367,13.067285],[77.6101789,13.067358],[77.610095,13.0673817]]}},{"type":"Feature","properties":{"id":"789779334","name":"Kempegowda Road","highway":"tertiary","oneway":"no","maxspeed":""},"geometry":{"type":"LineString","coordinates":[[77.609336,13.0616811],[77.6093783,13.0613978],[77.6094178,13.0611164],[77.6094245,13.0610689],[77.6094827,13.0607969],[77.6095641,13.0604352],[77.6095867,13.0603914],[77.6096876,13.0603501],[77.6098661,13.0603119],[77.6100022,13.0602828],[77.6102221,13.0601336],[77.6104152,13.0597887],[77.6104587,13.0595298],[77.6104812,13.0593955],[77.6105028,13.0592869],[77.610514,13.0591696],[77.6105349,13.0588484],[77.6105386,13.0587906],[77.6105366,13.0585084],[77.6105345,13.0582105],[77.6105332,13.0580329],[77.6104903,13.0576252],[77.6104618,13.0574203],[77.6104977,13.057274],[77.6109455,13.0570844],[77.6110759,13.0570276],[77.6112675,13.056884],[77.6114809,13.0567241],[77.6114895,13.0567177],[77.6115615,13.0565102],[77.6116013,13.0563955],[77.6116067,13.0563553],[77.6116206,13.0562691],[77.6116475,13.0560288],[77.6117096,13.0555247],[77.6117456,13.0552319],[77.6117981,13.0549636],[77.6118153,13.0548598],[77.611932,13.0545792],[77.6120092,13.054395],[77.6119736,13.0540366],[77.6118919,13.0536714],[77.6118717,13.0532804],[77.6118718,13.0532303],[77.6118915,13.0528993],[77.6118985,13.0528075],[77.6119104,13.05266],[77.61192,13.0523882],[77.6119327,13.0520277],[77.6119439,13.0516357],[77.6119442,13.0515399],[77.611945,13.0512786],[77.6119452,13.0512141],[77.6119459,13.0509983],[77.6119289,13.0506276],[77.6118696,13.0500885],[77.6118291,13.049671],[77.6118065,13.0494387],[77.6119166,13.0491536],[77.611955,13.0490263],[77.6119908,13.048845],[77.6121969,13.0480379]]}},{"type":"Feature","properties":{"id":"789794157","name":"","highway":"residential","oneway":"no","maxspeed":""},"geometry":{"type":"LineString","coordinates":[[77.6165719,13.0623398],[77.6166477,13.0617405],[77.6166798,13.0617163],[77.6167335,13.0617216],[77.6171328,13.0617407]]}},{"type":"Feature","properties":{"id":"789794158","name":"","highway":"residential","oneway":"no","maxspeed":""},"geometry":{"type":"LineString","coordinates":[[77.6160987,13.0626742],[77.6161306,13.0626651],[77.6167583,13.0627321]]}},{"type":"Feature","properties":{"id":"789794163","name":"","highway":"residential","oneway":"no","maxspeed":""},"geometry":{"type":"LineString","coordinates":[[77.6171932,13.0665742],[77.61719,13.066924]]}},{"type":"Feature","properties":{"id":"789794164","name":"","highway":"residential","oneway":"no","maxspeed":""},"geometry":{"type":"LineString","coordinates":[[77.6161686,13.0673502],[77.6161285,13.0679405]]}},{"type":"Feature","properties":{"id":"789794166","name":"","highway":"residential","oneway":"no","maxspeed":""},"geometry":{"type":"LineString","coordinates":[[77.6193791,13.0615197],[77.6194104,13.0608806]]}},{"type":"Feature","properties":{"id":"789794167","name":"","highway":"residential","oneway":"no","maxspeed":""},"geometry":{"type":"LineString","coordinates":[[77.6209425,13.061861],[77.6209373,13.0614844]]}},{"type":"Feature","properties":{"id":"789794168","name":"","highway":"residential","oneway":"no","maxspeed":""},"geometry":{"type":"LineString","coordinates":[[77.6206998,13.0621367],[77.6206251,13.0614744]]}},{"type":"Feature","properties":{"id":"789794169","name":"","highway":"residential","oneway":"no","maxspeed":""},"geometry":{"type":"LineString","coordinates":[[77.6206573,13.0606393],[77.6207519,13.0611195],[77.620781,13.0611719],[77.6208414,13.0611895],[77.6209002,13.0611809],[77.6209373,13.0614844]]}},{"type":"Feature","properties":{"id":"789794170","name":"Vasathi Avante Apartments Road","highway":"residential","oneway":"no","maxspeed":"20"},"geometry":{"type":"LineString","coordinates":[[77.6216832,13.0600788],[77.6217073,13.0603897],[77.6217234,13.0604289],[77.621761,13.060455],[77.6222602,13.0604197],[77.622412,13.0604033],[77.6224523,13.0603905],[77.6224838,13.0603747],[77.6225079,13.0603558],[77.6225229,13.0603239],[77.6225097,13.0600242],[77.622498,13.0599963],[77.6224631,13.0599777],[77.6224198,13.0599755],[77.6218356,13.0600277],[77.6217439,13.0600365],[77.6217047,13.0600443],[77.6216813,13.0600601],[77.6216832,13.0600788]]}},{"type":"Feature","properties":{"id":"789794171","name":"Vasathi Avante Apartments Road","highway":"residential","oneway":"no","maxspeed":"20"},"geometry":{"type":"LineString","coordinates":[[77.6223722,13.061515],[77.6223567,13.0613592],[77.6223125,13.0609131],[77.6222793,13.0605791],[77.6222602,13.0604197]]}},{"type":"Feature","properties":{"id":"789794172","name":"","highway":"residential","oneway":"no","maxspeed":""},"geometry":{"type":"LineString","coordinates":[[77.6227301,13.0589982],[77.6226397,13.0586342],[77.6225998,13.05848],[77.6225452,13.0582539]]}},{"type":"Feature","properties":{"id":"789794173","name":"","highway":"service","oneway":"no","maxspeed":""},"geometry":{"type":"LineString","coordinates":[[77.6217512,13.0586556],[77.621769,13.0587227],[77.6217905,13.0587697],[77.6218387,13.0588037],[77.6221016,13.0588664],[77.6221552,13.0589082],[77.6222143,13.0589448],[77.6223735,13.0591921],[77.6224986,13.0593864],[77.62252,13.0594308],[77.6225361,13.0594778],[77.6225629,13.0596241],[77.6225524,13.0596344],[77.6225388,13.0596477],[77.6222894,13.0597051]]}},{"type":"Feature","properties":{"id":"789794188","name":"","highway":"service","oneway":"no","maxspeed":""},"geometry":{"type":"LineString","coordinates":[[77.6218495,13.0656963],[77.621827,13.0653471]]}},{"type":"Feature","properties":{"id":"789794189","name":"","highway":"residential","oneway":"no","maxspeed":""},"geometry":{"type":"LineString","coordinates":[[77.621246,13.0639928],[77.6212755,13.0643115],[77.6212889,13.0643559],[77.6213291,13.0643899],[77.6215276,13.0644004],[77.6217664,13.0643847]]}},{"type":"Feature","properties":{"id":"789794190","name":"","highway":"residential","oneway":"no","maxspeed":""},"geometry":{"type":"LineString","coordinates":[[77.6215464,13.0649882],[77.6215276,13.0644004]]}},{"type":"Feature","properties":{"id":"789794191","name":"","highway":"residential","oneway":"yes","maxspeed":""},"geometry":{"type":"LineString","coordinates":[[77.6170644,13.0664091],[77.6170713,13.0658873],[77.6169377,13.0658805],[77.616934,13.0658116],[77.6169343,13.065734]]}},{"type":"Feature","properties":{"id":"789794195","name":"","highway":"residential","oneway":"no","maxspeed":""},"geometry":{"type":"LineString","coordinates":[[77.6197682,13.0663222],[77.6197808,13.0663251],[77.6198049,13.0663372],[77.6198267,13.0663395],[77.6198765,13.0663456],[77.6199676,13.0663585],[77.6200181,13.0663706],[77.6200446,13.0663941],[77.6200606,13.0664093],[77.620076,13.066416],[77.6201076,13.066422],[77.620151,13.0664288],[77.6202936,13.0664467]]}},{"type":"Feature","properties":{"id":"789794196","name":"","highway":"residential","oneway":"no","maxspeed":""},"geometry":{"type":"LineString","coordinates":[[77.6235366,13.0659837],[77.623472,13.0655802]]}},{"type":"Feature","properties":{"id":"791234414","name":"","highway":"residential","oneway":"no","maxspeed":""},"geometry":{"type":"LineString","coordinates":[[77.6163432,13.0650006],[77.6163917,13.0653179],[77.6164555,13.0657151]]}},{"type":"Feature","properties":{"id":"791638484","name":"","highway":"service","oneway":"no","maxspeed":""},"geometry":{"type":"LineString","coordinates":[[77.6196203,13.0589468],[77.6196286,13.0590937],[77.6196152,13.0591251],[77.6196071,13.0591408],[77.6196004,13.0591591],[77.619583,13.0594256],[77.6195817,13.059453],[77.6195897,13.0594726],[77.6196112,13.0594896],[77.6197077,13.0595249]]}},{"type":"Feature","properties":{"id":"791724399","name":"5th Cross Road","highway":"residential","oneway":"no","maxspeed":""},"geometry":{"type":"LineString","coordinates":[[77.6026562,13.0580285],[77.6024192,13.0581946],[77.6021741,13.0583733]]}},{"type":"Feature","properties":{"id":"791724401","name":"","highway":"residential","oneway":"no","maxspeed":""},"geometry":{"type":"LineString","coordinates":[[77.5916475,13.0585096],[77.5919609,13.0584472],[77.5929201,13.0582562]]}},{"type":"Feature","properties":{"id":"791724402","name":"","highway":"service","oneway":"no","maxspeed":""},"geometry":{"type":"LineString","coordinates":[[77.5977937,13.0525798],[77.5977136,13.0525918],[77.5976835,13.0525964],[77.5976766,13.0525748],[77.5976611,13.0525598],[77.5976324,13.0525538],[77.5976072,13.0525508],[77.5975761,13.0525535],[77.5968529,13.0525954],[77.59681,13.0525996],[77.5967963,13.0526246],[77.5967917,13.0526498],[77.5967959,13.0527746],[77.5967975,13.0528333],[77.5968196,13.05286],[77.5968544,13.0528657],[77.5968873,13.0528748],[77.5968935,13.0528765],[77.596908,13.0529003],[77.596913,13.0530568],[77.5969049,13.0530793],[77.5968657,13.0530847],[77.5968286,13.0531025],[77.5968202,13.0531305],[77.5968249,13.0533269],[77.5968352,13.0533563],[77.5968604,13.0533733],[77.5969004,13.0533789],[77.5969398,13.0533811],[77.5969813,13.0533748],[77.5970178,13.0533701],[77.5970575,13.0533658],[77.5971252,13.0533602],[77.5977893,13.0533218],[77.5978075,13.0533052],[77.5978112,13.0532811],[77.5978152,13.05325],[77.5978341,13.0532307],[77.5979049,13.053237]]}},{"type":"Feature","properties":{"id":"791724403","name":"","highway":"residential","oneway":"no","maxspeed":""},"geometry":{"type":"LineString","coordinates":[[77.6016126,13.0551618],[77.6015482,13.0546475]]}},{"type":"Feature","properties":{"id":"791724405","name":"","highway":"residential","oneway":"no","maxspeed":""},"geometry":{"type":"LineString","coordinates":[[77.6036578,13.0572229],[77.6033491,13.0574633]]}},{"type":"Feature","properties":{"id":"791724406","name":"","highway":"residential","oneway":"no","maxspeed":""},"geometry":{"type":"LineString","coordinates":[[77.6070629,13.0566992],[77.6070243,13.056044]]}},{"type":"Feature","properties":{"id":"791724407","name":"","highway":"residential","oneway":"no","maxspeed":""},"geometry":{"type":"LineString","coordinates":[[77.6067131,13.0558745],[77.6072953,13.0558554],[77.6073385,13.0558533],[77.6077094,13.0558203]]}},{"type":"Feature","properties":{"id":"791724408","name":"","highway":"residential","oneway":"no","maxspeed":""},"geometry":{"type":"LineString","coordinates":[[77.6084458,13.0563599],[77.608922,13.0562554]]}},{"type":"Feature","properties":{"id":"791724409","name":"","highway":"residential","oneway":"no","maxspeed":""},"geometry":{"type":"LineString","coordinates":[[77.6091074,13.0577585],[77.6092495,13.0581488]]}},{"type":"Feature","properties":{"id":"791724410","name":"","highway":"residential","oneway":"no","maxspeed":""},"geometry":{"type":"LineString","coordinates":[[77.6101895,13.0579413],[77.6100167,13.0574207]]}},{"type":"Feature","properties":{"id":"791724411","name":"","highway":"residential","oneway":"no","maxspeed":""},"geometry":{"type":"LineString","coordinates":[[77.6130802,13.0567812],[77.6130128,13.0569918],[77.6130004,13.057056],[77.6129941,13.0571237],[77.6129933,13.0572799]]}},{"type":"Feature","properties":{"id":"791724412","name":"","highway":"residential","oneway":"no","maxspeed":""},"geometry":{"type":"LineString","coordinates":[[77.6063942,13.0583531],[77.6059805,13.0583201]]}},{"type":"Feature","properties":{"id":"791724413","name":"","highway":"residential","oneway":"no","maxspeed":""},"geometry":{"type":"LineString","coordinates":[[77.5970569,13.0580457],[77.5970036,13.057654]]}},{"type":"Feature","properties":{"id":"791724414","name":"","highway":"service","oneway":"no","maxspeed":""},"geometry":{"type":"LineString","coordinates":[[77.5955291,13.0586648],[77.5953766,13.0581322],[77.5953633,13.0580859]]}},{"type":"Feature","properties":{"id":"791724415","name":"","highway":"service","oneway":"no","maxspeed":""},"geometry":{"type":"LineString","coordinates":[[77.5926778,13.0546715],[77.5926475,13.0548499],[77.5926798,13.0550414]]}},{"type":"Feature","properties":{"id":"791724416","name":"","highway":"service","oneway":"no","maxspeed":""},"geometry":{"type":"LineString","coordinates":[[77.5922377,13.0554479],[77.5922832,13.0552358],[77.5923119,13.0552078],[77.5923382,13.0551868],[77.5926798,13.0550414],[77.5929842,13.0549864]]}},{"type":"Feature","properties":{"id":"791724417","name":"","highway":"service","oneway":"no","maxspeed":""},"geometry":{"type":"LineString","coordinates":[[77.5941943,13.047404],[77.5945147,13.0473523],[77.5949407,13.0472835],[77.5950419,13.0472674]]}},{"type":"Feature","properties":{"id":"791724418","name":"","highway":"residential","oneway":"no","maxspeed":""},"geometry":{"type":"LineString","coordinates":[[77.5959596,13.0481035],[77.5963819,13.0480686]]}},{"type":"Feature","properties":{"id":"791724419","name":"","highway":"residential","oneway":"no","maxspeed":""},"geometry":{"type":"LineString","coordinates":[[77.5941125,13.0391146],[77.5941286,13.0393864],[77.5942767,13.0398263]]}},{"type":"Feature","properties":{"id":"791724420","name":"","highway":"residential","oneway":"no","maxspeed":""},"geometry":{"type":"LineString","coordinates":[[77.5929636,13.0392609],[77.5925373,13.0392922]]}},{"type":"Feature","properties":{"id":"791724421","name":"","highway":"service","oneway":"no","maxspeed":""},"geometry":{"type":"LineString","coordinates":[[77.5934073,13.0383958],[77.5934848,13.0380633]]}},{"type":"Feature","properties":{"id":"791724422","name":"","highway":"residential","oneway":"no","maxspeed":""},"geometry":{"type":"LineString","coordinates":[[77.593803,13.0381606],[77.5937991,13.038144],[77.593784,13.0381339],[77.5936005,13.0380846]]}},{"type":"Feature","properties":{"id":"791724424","name":"","highway":"residential","oneway":"no","maxspeed":""},"geometry":{"type":"LineString","coordinates":[[77.5942574,13.037547],[77.5943325,13.0375522],[77.5948167,13.0374588]]}},{"type":"Feature","properties":{"id":"791724425","name":"","highway":"residential","oneway":"no","maxspeed":""},"geometry":{"type":"LineString","coordinates":[[77.5942574,13.037547],[77.5939899,13.0375627]]}},{"type":"Feature","properties":{"id":"791724426","name":"","highway":"residential","oneway":"no","maxspeed":""},"geometry":{"type":"LineString","coordinates":[[77.5942574,13.037547],[77.5942594,13.0370094],[77.5941567,13.0366522]]}},{"type":"Feature","properties":{"id":"791724429","name":"","highway":"residential","oneway":"no","maxspeed":""},"geometry":{"type":"LineString","coordinates":[[77.5967233,13.0376031],[77.5965516,13.0376139],[77.5962089,13.0376443],[77.5955799,13.037724],[77.5953571,13.0377664]]}},{"type":"Feature","properties":{"id":"791724430","name":"","highway":"residential","oneway":"no","maxspeed":""},"geometry":{"type":"LineString","coordinates":[[77.5961566,13.0369129],[77.5961669,13.0370678],[77.5961915,13.0373562],[77.5962089,13.0376443],[77.5962263,13.0380806]]}},{"type":"Feature","properties":{"id":"791724431","name":"","highway":"residential","oneway":"no","maxspeed":""},"geometry":{"type":"LineString","coordinates":[[77.5961566,13.0369129],[77.596602,13.0368212]]}},{"type":"Feature","properties":{"id":"791724432","name":"","highway":"residential","oneway":"no","maxspeed":""},"geometry":{"type":"LineString","coordinates":[[77.5961566,13.0369129],[77.5961433,13.0368071]]}},{"type":"Feature","properties":{"id":"791724433","name":"","highway":"residential","oneway":"no","maxspeed":""},"geometry":{"type":"LineString","coordinates":[[77.595656,13.0367936],[77.5958408,13.0367551],[77.5961351,13.0366985],[77.5965474,13.0366217]]}},{"type":"Feature","properties":{"id":"791724434","name":"","highway":"residential","oneway":"no","maxspeed":""},"geometry":{"type":"LineString","coordinates":[[77.5955799,13.037724],[77.5954269,13.0374059],[77.5952231,13.0370924],[77.5951064,13.0368207],[77.5951115,13.0367521],[77.5951026,13.036609]]}},{"type":"Feature","properties":{"id":"791724435","name":"","highway":"residential","oneway":"no","maxspeed":""},"geometry":{"type":"LineString","coordinates":[[77.5937488,13.0375209],[77.5935117,13.0374948],[77.5930883,13.0374209]]}},{"type":"Feature","properties":{"id":"791724436","name":"","highway":"residential","oneway":"no","maxspeed":""},"geometry":{"type":"LineString","coordinates":[[77.5931749,13.0380064],[77.5929257,13.0379696]]}},{"type":"Feature","properties":{"id":"791724437","name":"","highway":"residential","oneway":"no","maxspeed":""},"geometry":{"type":"LineString","coordinates":[[77.5932483,13.0376626],[77.5932165,13.038014]]}},{"type":"Feature","properties":{"id":"791724438","name":"","highway":"residential","oneway":"no","maxspeed":""},"geometry":{"type":"LineString","coordinates":[[77.5923839,13.0378551],[77.5918561,13.0379002],[77.5918246,13.0379029],[77.5917987,13.0379052]]}},{"type":"Feature","properties":{"id":"791724440","name":"","highway":"residential","oneway":"no","maxspeed":""},"geometry":{"type":"LineString","coordinates":[[77.5922752,13.0401481],[77.5922967,13.039038]]}},{"type":"Feature","properties":{"id":"791724441","name":"","highway":"residential","oneway":"no","maxspeed":""},"geometry":{"type":"LineString","coordinates":[[77.5927169,13.0389535],[77.5929831,13.0389768]]}},{"type":"Feature","properties":{"id":"791724442","name":"","highway":"service","oneway":"no","maxspeed":""},"geometry":{"type":"LineString","coordinates":[[77.5930984,13.0412627],[77.5933394,13.0412513]]}},{"type":"Feature","properties":{"id":"791724443","name":"","highway":"service","oneway":"no","maxspeed":""},"geometry":{"type":"LineString","coordinates":[[77.5948687,13.0457091],[77.5949291,13.0465045],[77.5949488,13.0465632],[77.5949655,13.0465817],[77.5949922,13.0466114]]}},{"type":"Feature","properties":{"id":"791724444","name":"","highway":"residential","oneway":"no","maxspeed":""},"geometry":{"type":"LineString","coordinates":[[77.5956257,13.0472352],[77.5963674,13.0472205]]}},{"type":"Feature","properties":{"id":"791724450","name":"","highway":"residential","oneway":"no","maxspeed":""},"geometry":{"type":"LineString","coordinates":[[77.6085374,13.0554584],[77.6084886,13.0548071],[77.6085036,13.0547751],[77.6085341,13.0547542],[77.6086475,13.0547453]]}},{"type":"Feature","properties":{"id":"791724451","name":"","highway":"residential","oneway":"no","maxspeed":""},"geometry":{"type":"LineString","coordinates":[[77.6081322,13.0550328],[77.608112,13.0548941],[77.6080962,13.0548704],[77.6080684,13.0548605],[77.6078316,13.0549152],[77.6075543,13.0549855]]}},{"type":"Feature","properties":{"id":"791724453","name":"","highway":"residential","oneway":"no","maxspeed":""},"geometry":{"type":"LineString","coordinates":[[77.6108043,13.0541753],[77.6105653,13.0542568],[77.6105195,13.0542853],[77.6104941,13.0543522],[77.6102624,13.0543743]]}},{"type":"Feature","properties":{"id":"791724454","name":"","highway":"residential","oneway":"no","maxspeed":""},"geometry":{"type":"LineString","coordinates":[[77.6094312,13.0545403],[77.609418,13.0539415]]}},{"type":"Feature","properties":{"id":"791724456","name":"","highway":"residential","oneway":"no","maxspeed":""},"geometry":{"type":"LineString","coordinates":[[77.6102566,13.0541425],[77.6102624,13.0543743],[77.6102755,13.0549108]]}},{"type":"Feature","properties":{"id":"791724457","name":"","highway":"residential","oneway":"no","maxspeed":""},"geometry":{"type":"LineString","coordinates":[[77.6092703,13.0548929],[77.6092642,13.0546237],[77.6092687,13.0545918]]}},{"type":"Feature","properties":{"id":"791724458","name":"","highway":"residential","oneway":"no","maxspeed":""},"geometry":{"type":"LineString","coordinates":[[77.6101577,13.0540759],[77.6100615,13.0536871]]}},{"type":"Feature","properties":{"id":"791724459","name":"","highway":"residential","oneway":"no","maxspeed":""},"geometry":{"type":"LineString","coordinates":[[77.6105119,13.0549109],[77.6104941,13.0543522],[77.6104823,13.0541419]]}},{"type":"Feature","properties":{"id":"791724460","name":"","highway":"residential","oneway":"no","maxspeed":""},"geometry":{"type":"LineString","coordinates":[[77.6105494,13.0532662],[77.6106541,13.0535414],[77.6108043,13.0541753]]}},{"type":"Feature","properties":{"id":"791724461","name":"","highway":"residential","oneway":"no","maxspeed":""},"geometry":{"type":"LineString","coordinates":[[77.6108043,13.0541753],[77.6109924,13.0541484],[77.6111,13.0541239],[77.611216,13.0541056]]}},{"type":"Feature","properties":{"id":"791724462","name":"","highway":"residential","oneway":"no","maxspeed":""},"geometry":{"type":"LineString","coordinates":[[77.6109993,13.0546326],[77.6109924,13.0541484]]}},{"type":"Feature","properties":{"id":"791724463","name":"","highway":"residential","oneway":"no","maxspeed":""},"geometry":{"type":"LineString","coordinates":[[77.5970444,13.04062],[77.5972455,13.0405659]]}},{"type":"Feature","properties":{"id":"791724465","name":"","highway":"residential","oneway":"no","maxspeed":""},"geometry":{"type":"LineString","coordinates":[[77.6116149,13.0541148],[77.6119736,13.0540366]]}},{"type":"Feature","properties":{"id":"791724466","name":"","highway":"residential","oneway":"no","maxspeed":""},"geometry":{"type":"LineString","coordinates":[[77.6111949,13.0531893],[77.6111752,13.0528921]]}},{"type":"Feature","properties":{"id":"791724467","name":"","highway":"residential","oneway":"no","maxspeed":""},"geometry":{"type":"LineString","coordinates":[[77.6114676,13.0520382],[77.6116178,13.0520173],[77.6119327,13.0520277]]}},{"type":"Feature","properties":{"id":"791724468","name":"","highway":"residential","oneway":"no","maxspeed":""},"geometry":{"type":"LineString","coordinates":[[77.6119104,13.05266],[77.6123742,13.0526401],[77.6123889,13.0522582]]}},{"type":"Feature","properties":{"id":"791724469","name":"","highway":"residential","oneway":"no","maxspeed":""},"geometry":{"type":"LineString","coordinates":[[77.6128441,13.0540206],[77.6126782,13.0541154],[77.6123329,13.0542426]]}},{"type":"Feature","properties":{"id":"791724470","name":"","highway":"residential","oneway":"no","maxspeed":""},"geometry":{"type":"LineString","coordinates":[[77.6115212,13.0510192],[77.6119459,13.0509983]]}},{"type":"Feature","properties":{"id":"791724471","name":"","highway":"residential","oneway":"no","maxspeed":""},"geometry":{"type":"LineString","coordinates":[[77.6107076,13.0509233],[77.6106597,13.0505066],[77.6106559,13.0504255],[77.6106627,13.0504033],[77.6106759,13.0503882],[77.6110658,13.0503217],[77.6110891,13.0503288],[77.6111064,13.0503458],[77.6112263,13.0507977]]}},{"type":"Feature","properties":{"id":"791724472","name":"","highway":"residential","oneway":"no","maxspeed":""},"geometry":{"type":"LineString","coordinates":[[77.6096819,13.051291],[77.6098385,13.0516627]]}},{"type":"Feature","properties":{"id":"791724473","name":"","highway":"residential","oneway":"no","maxspeed":""},"geometry":{"type":"LineString","coordinates":[[77.6088208,13.052463],[77.609033,13.0524196],[77.6092716,13.0523696]]}},{"type":"Feature","properties":{"id":"791724474","name":"","highway":"residential","oneway":"no","maxspeed":""},"geometry":{"type":"LineString","coordinates":[[77.6108475,13.0526234],[77.6101947,13.0528063],[77.6096365,13.0529265]]}},{"type":"Feature","properties":{"id":"791724476","name":"","highway":"residential","oneway":"no","maxspeed":""},"geometry":{"type":"LineString","coordinates":[[77.6070108,13.0521376],[77.6076321,13.0520722]]}},{"type":"Feature","properties":{"id":"791724477","name":"","highway":"residential","oneway":"no","maxspeed":""},"geometry":{"type":"LineString","coordinates":[[77.6070616,13.0527279],[77.6077223,13.0526537]]}},{"type":"Feature","properties":{"id":"791724479","name":"","highway":"residential","oneway":"no","maxspeed":""},"geometry":{"type":"LineString","coordinates":[[77.604625,13.0517821],[77.6051382,13.0517089]]}},{"type":"Feature","properties":{"id":"791724482","name":"","highway":"residential","oneway":"no","maxspeed":""},"geometry":{"type":"LineString","coordinates":[[77.6006769,13.0497273],[77.6007167,13.0503247]]}},{"type":"Feature","properties":{"id":"791724483","name":"","highway":"residential","oneway":"no","maxspeed":""},"geometry":{"type":"LineString","coordinates":[[77.6100538,13.055215],[77.6100505,13.0555311]]}},{"type":"Feature","properties":{"id":"791724484","name":"","highway":"residential","oneway":"no","maxspeed":""},"geometry":{"type":"LineString","coordinates":[[77.6142304,13.0507805],[77.6142706,13.051264],[77.6142757,13.0513477],[77.6142915,13.0516062],[77.6142956,13.0516723]]}},{"type":"Feature","properties":{"id":"791724485","name":"","highway":"residential","oneway":"no","maxspeed":""},"geometry":{"type":"LineString","coordinates":[[77.6142304,13.0507805],[77.6139919,13.050788]]}},{"type":"Feature","properties":{"id":"791724486","name":"","highway":"residential","oneway":"no","maxspeed":""},"geometry":{"type":"LineString","coordinates":[[77.6142304,13.0507805],[77.6141735,13.0504018],[77.6141754,13.0503877],[77.6141877,13.050376],[77.6142055,13.0503696],[77.6142987,13.0503554],[77.6151391,13.0502859]]}},{"type":"Feature","properties":{"id":"791724487","name":"Kempegowda Road","highway":"tertiary","oneway":"no","maxspeed":""},"geometry":{"type":"LineString","coordinates":[[77.6122293,13.0479034],[77.6122362,13.0478378]]}},{"type":"Feature","properties":{"id":"791724488","name":"Kempegowda Road","highway":"tertiary","oneway":"no","maxspeed":""},"geometry":{"type":"LineString","coordinates":[[77.6121969,13.0480379],[77.6122293,13.0479034]]}},{"type":"Feature","properties":{"id":"791724489","name":"","highway":"residential","oneway":"no","maxspeed":""},"geometry":{"type":"LineString","coordinates":[[77.6116375,13.0469065],[77.6113231,13.0469686],[77.6111549,13.0471444]]}},{"type":"Feature","properties":{"id":"791724490","name":"","highway":"residential","oneway":"no","maxspeed":""},"geometry":{"type":"LineString","coordinates":[[77.6114618,13.0478682],[77.6116919,13.0479393],[77.6117301,13.0479528],[77.6117386,13.047959],[77.6117425,13.0479663],[77.611743,13.0479754],[77.6116739,13.0482541]]}},{"type":"Feature","properties":{"id":"791724491","name":"","highway":"residential","oneway":"no","maxspeed":""},"geometry":{"type":"LineString","coordinates":[[77.6085826,13.0475824],[77.6089717,13.0476046]]}},{"type":"Feature","properties":{"id":"791724493","name":"","highway":"residential","oneway":"no","maxspeed":""},"geometry":{"type":"LineString","coordinates":[[77.598045,13.0482813],[77.599118,13.0481349]]}},{"type":"Feature","properties":{"id":"791724494","name":"","highway":"residential","oneway":"no","maxspeed":""},"geometry":{"type":"LineString","coordinates":[[77.5993871,13.0471252],[77.5992382,13.0471453],[77.5990514,13.0471646]]}},{"type":"Feature","properties":{"id":"791724495","name":"","highway":"residential","oneway":"no","maxspeed":""},"geometry":{"type":"LineString","coordinates":[[77.6001478,13.0470643],[77.5996813,13.0470735],[77.5994805,13.0471049]]}},{"type":"Feature","properties":{"id":"791724496","name":"","highway":"residential","oneway":"no","maxspeed":""},"geometry":{"type":"LineString","coordinates":[[77.5989541,13.0423085],[77.5990185,13.0422952],[77.5992919,13.0422771],[77.5999323,13.0422347]]}},{"type":"Feature","properties":{"id":"791724497","name":"","highway":"residential","oneway":"no","maxspeed":""},"geometry":{"type":"LineString","coordinates":[[77.5989762,13.0400762],[77.598592,13.0400553],[77.598223,13.0399978],[77.5977714,13.0399505]]}},{"type":"Feature","properties":{"id":"791724498","name":"","highway":"residential","oneway":"no","maxspeed":""},"geometry":{"type":"LineString","coordinates":[[77.5970117,13.0404625],[77.5969232,13.0401233]]}},{"type":"Feature","properties":{"id":"791724500","name":"","highway":"residential","oneway":"no","maxspeed":""},"geometry":{"type":"LineString","coordinates":[[77.5958025,13.0387119],[77.5958675,13.0380792]]}},{"type":"Feature","properties":{"id":"791724501","name":"","highway":"residential","oneway":"no","maxspeed":""},"geometry":{"type":"LineString","coordinates":[[77.5955503,13.0380653],[77.5954055,13.0387139]]}},{"type":"Feature","properties":{"id":"791724502","name":"","highway":"residential","oneway":"no","maxspeed":""},"geometry":{"type":"LineString","coordinates":[[77.5992059,13.0371983],[77.5992104,13.0367791],[77.5992125,13.0366621]]}},{"type":"Feature","properties":{"id":"791724503","name":"","highway":"service","oneway":"no","maxspeed":""},"geometry":{"type":"LineString","coordinates":[[77.5970643,13.0525406],[77.5977818,13.0524855]]}},{"type":"Feature","properties":{"id":"791734132","name":"20th C Cross Road","highway":"residential","oneway":"no","maxspeed":""},"geometry":{"type":"LineString","coordinates":[[77.6065408,13.0534068],[77.6065247,13.053284],[77.6065615,13.0531604],[77.6064459,13.0525413]]}},{"type":"Feature","properties":{"id":"791734133","name":"","highway":"service","oneway":"no","maxspeed":""},"geometry":{"type":"LineString","coordinates":[[77.5975474,13.0476355],[77.5975715,13.0477374],[77.5975938,13.0477646],[77.5976278,13.0477792],[77.5980036,13.0478549]]}},{"type":"Feature","properties":{"id":"791734207","name":"","highway":"service","oneway":"no","maxspeed":""},"geometry":{"type":"LineString","coordinates":[[77.6012718,13.0446658],[77.6010083,13.0446908]]}},{"type":"Feature","properties":{"id":"791734211","name":"","highway":"service","oneway":"no","maxspeed":""},"geometry":{"type":"LineString","coordinates":[[77.5922726,13.0565601],[77.5932107,13.0564384]]}},{"type":"Feature","properties":{"id":"791743446","name":"","highway":"residential","oneway":"no","maxspeed":""},"geometry":{"type":"LineString","coordinates":[[77.6088859,13.0547066],[77.6089421,13.0554839]]}},{"type":"Feature","properties":{"id":"791743448","name":"","highway":"residential","oneway":"no","maxspeed":""},"geometry":{"type":"LineString","coordinates":[[77.6094783,13.0500788],[77.6094676,13.0502332],[77.6095056,13.0506911]]}},{"type":"Feature","properties":{"id":"791743449","name":"","highway":"residential","oneway":"no","maxspeed":""},"geometry":{"type":"LineString","coordinates":[[77.6094285,13.0493658],[77.6094601,13.0491427],[77.6097116,13.0491739]]}},{"type":"Feature","properties":{"id":"791743450","name":"","highway":"residential","oneway":"no","maxspeed":""},"geometry":{"type":"LineString","coordinates":[[77.6089193,13.0482237],[77.6093276,13.0482445]]}},{"type":"Feature","properties":{"id":"791743452","name":"","highway":"residential","oneway":"no","maxspeed":""},"geometry":{"type":"LineString","coordinates":[[77.6089531,13.0489715],[77.6089788,13.0485024]]}},{"type":"Feature","properties":{"id":"791743453","name":"","highway":"service","oneway":"no","maxspeed":""},"geometry":{"type":"LineString","coordinates":[[77.6124974,13.0443948],[77.6126373,13.0443732],[77.6126739,13.0443676],[77.6129606,13.0442497]]}},{"type":"Feature","properties":{"id":"791743454","name":"","highway":"residential","oneway":"no","maxspeed":""},"geometry":{"type":"LineString","coordinates":[[77.6120192,13.0405968],[77.6119639,13.0403077]]}},{"type":"Feature","properties":{"id":"791743456","name":"","highway":"residential","oneway":"no","maxspeed":""},"geometry":{"type":"LineString","coordinates":[[77.6126871,13.0392913],[77.613016,13.0391618]]}},{"type":"Feature","properties":{"id":"791743457","name":"","highway":"service","oneway":"no","maxspeed":""},"geometry":{"type":"LineString","coordinates":[[77.6135238,13.0374367],[77.6139812,13.0373258]]}},{"type":"Feature","properties":{"id":"791743458","name":"","highway":"residential","oneway":"no","maxspeed":""},"geometry":{"type":"LineString","coordinates":[[77.6064536,13.0399539],[77.6063975,13.039531]]}},{"type":"Feature","properties":{"id":"791743459","name":"","highway":"residential","oneway":"no","maxspeed":""},"geometry":{"type":"LineString","coordinates":[[77.6090587,13.0396681],[77.6078859,13.0398233],[77.607843,13.0398128],[77.6077813,13.0397972],[77.6074647,13.0397559]]}},{"type":"Feature","properties":{"id":"791743460","name":"","highway":"residential","oneway":"no","maxspeed":""},"geometry":{"type":"LineString","coordinates":[[77.6102784,13.038799],[77.6105259,13.0387413]]}},{"type":"Feature","properties":{"id":"791743461","name":"","highway":"residential","oneway":"no","maxspeed":""},"geometry":{"type":"LineString","coordinates":[[77.6113368,13.0388976],[77.6106672,13.0390318]]}},{"type":"Feature","properties":{"id":"791743462","name":"","highway":"residential","oneway":"no","maxspeed":""},"geometry":{"type":"LineString","coordinates":[[77.6102779,13.0364944],[77.6102948,13.0366131],[77.6102833,13.0366641],[77.6100529,13.0367065],[77.6097686,13.0367461]]}},{"type":"Feature","properties":{"id":"791743463","name":"","highway":"residential","oneway":"no","maxspeed":""},"geometry":{"type":"LineString","coordinates":[[77.6092407,13.0370482],[77.6092167,13.0367982]]}},{"type":"Feature","properties":{"id":"791743464","name":"","highway":"residential","oneway":"no","maxspeed":""},"geometry":{"type":"LineString","coordinates":[[77.6084197,13.0371292],[77.6083884,13.0368857]]}},{"type":"Feature","properties":{"id":"791743465","name":"","highway":"residential","oneway":"no","maxspeed":""},"geometry":{"type":"LineString","coordinates":[[77.6074088,13.0368716],[77.6074222,13.0369879]]}},{"type":"Feature","properties":{"id":"791743466","name":"","highway":"residential","oneway":"no","maxspeed":""},"geometry":{"type":"LineString","coordinates":[[77.6078832,13.0375656],[77.6077825,13.0369459]]}},{"type":"Feature","properties":{"id":"791743467","name":"","highway":"residential","oneway":"no","maxspeed":""},"geometry":{"type":"LineString","coordinates":[[77.6082009,13.0375716],[77.6081161,13.0369173],[77.6080873,13.0367212]]}},{"type":"Feature","properties":{"id":"791743468","name":"","highway":"residential","oneway":"no","maxspeed":""},"geometry":{"type":"LineString","coordinates":[[77.6058905,13.0373752],[77.6058839,13.0373587],[77.605873,13.0373438],[77.6058593,13.0373338],[77.6058446,13.0373343],[77.6058053,13.0373435],[77.6053807,13.0374435],[77.6053677,13.0374494],[77.6053607,13.037461],[77.6053577,13.0374751],[77.6054228,13.0377739]]}},{"type":"Feature","properties":{"id":"791743469","name":"","highway":"residential","oneway":"no","maxspeed":""},"geometry":{"type":"LineString","coordinates":[[77.6058905,13.0373752],[77.6059606,13.0376783]]}},{"type":"Feature","properties":{"id":"791743470","name":"","highway":"residential","oneway":"no","maxspeed":""},"geometry":{"type":"LineString","coordinates":[[77.605638,13.0374616],[77.6056935,13.0377258]]}},{"type":"Feature","properties":{"id":"791743471","name":"","highway":"residential","oneway":"no","maxspeed":""},"geometry":{"type":"LineString","coordinates":[[77.6031652,13.039042],[77.603062,13.0383558],[77.603,13.0377442]]}},{"type":"Feature","properties":{"id":"791743472","name":"","highway":"residential","oneway":"no","maxspeed":""},"geometry":{"type":"LineString","coordinates":[[77.6009846,13.0383521],[77.601293,13.0384423]]}},{"type":"Feature","properties":{"id":"791743473","name":"","highway":"residential","oneway":"no","maxspeed":""},"geometry":{"type":"LineString","coordinates":[[77.5929257,13.0379696],[77.5929326,13.0376518]]}},{"type":"Feature","properties":{"id":"791743474","name":"","highway":"residential","oneway":"no","maxspeed":""},"geometry":{"type":"LineString","coordinates":[[77.5942237,13.0410567],[77.594175,13.0407695]]}},{"type":"Feature","properties":{"id":"791743475","name":"","highway":"residential","oneway":"no","maxspeed":""},"geometry":{"type":"LineString","coordinates":[[77.5937106,13.0409868],[77.5936945,13.0408544]]}},{"type":"Feature","properties":{"id":"791743476","name":"","highway":"residential","oneway":"no","maxspeed":""},"geometry":{"type":"LineString","coordinates":[[77.597385,13.0410436],[77.5972763,13.0406756]]}},{"type":"Feature","properties":{"id":"791743477","name":"","highway":"residential","oneway":"no","maxspeed":""},"geometry":{"type":"LineString","coordinates":[[77.5996387,13.0394748],[77.6001951,13.0395253]]}},{"type":"Feature","properties":{"id":"791743478","name":"","highway":"residential","oneway":"no","maxspeed":""},"geometry":{"type":"LineString","coordinates":[[77.5996072,13.0397446],[77.6001218,13.0397913]]}},{"type":"Feature","properties":{"id":"791743479","name":"","highway":"residential","oneway":"no","maxspeed":""},"geometry":{"type":"LineString","coordinates":[[77.5995065,13.0406005],[77.6000993,13.0406542]]}},{"type":"Feature","properties":{"id":"791743481","name":"","highway":"residential","oneway":"no","maxspeed":""},"geometry":{"type":"LineString","coordinates":[[77.6004649,13.039872],[77.6004893,13.0402808],[77.6005252,13.0406818],[77.6005481,13.0409371]]}},{"type":"Feature","properties":{"id":"791743482","name":"","highway":"residential","oneway":"no","maxspeed":""},"geometry":{"type":"LineString","coordinates":[[77.6016873,13.0404112],[77.6020406,13.0403902]]}},{"type":"Feature","properties":{"id":"791743484","name":"","highway":"residential","oneway":"no","maxspeed":""},"geometry":{"type":"LineString","coordinates":[[77.6037253,13.0404211],[77.6043571,13.0403915]]}},{"type":"Feature","properties":{"id":"791743485","name":"","highway":"residential","oneway":"no","maxspeed":""},"geometry":{"type":"LineString","coordinates":[[77.6035977,13.0406095],[77.6037432,13.0405933]]}},{"type":"Feature","properties":{"id":"791743486","name":"","highway":"residential","oneway":"no","maxspeed":""},"geometry":{"type":"LineString","coordinates":[[77.6035606,13.0401922],[77.6035977,13.0406095],[77.6036266,13.0408246]]}},{"type":"Feature","properties":{"id":"791743487","name":"","highway":"residential","oneway":"no","maxspeed":""},"geometry":{"type":"LineString","coordinates":[[77.6033665,13.0408224],[77.6032494,13.040085]]}},{"type":"Feature","properties":{"id":"791743488","name":"","highway":"residential","oneway":"no","maxspeed":""},"geometry":{"type":"LineString","coordinates":[[77.602687,13.0404292],[77.6026714,13.0398778],[77.602669,13.0395951]]}},{"type":"Feature","properties":{"id":"791743489","name":"","highway":"residential","oneway":"no","maxspeed":""},"geometry":{"type":"LineString","coordinates":[[77.6051366,13.0408554],[77.6051185,13.0406849],[77.6050796,13.0404527],[77.6050537,13.0403987],[77.6050258,13.0401846],[77.6049825,13.0399552],[77.6049735,13.0399071],[77.6049732,13.03987],[77.6049666,13.039532]]}},{"type":"Feature","properties":{"id":"791743491","name":"","highway":"residential","oneway":"no","maxspeed":""},"geometry":{"type":"LineString","coordinates":[[77.6051545,13.0385089],[77.6047221,13.0385623]]}},{"type":"Feature","properties":{"id":"791743492","name":"","highway":"residential","oneway":"no","maxspeed":""},"geometry":{"type":"LineString","coordinates":[[77.605108,13.0382329],[77.6046766,13.0382979]]}},{"type":"Feature","properties":{"id":"791743493","name":"","highway":"residential","oneway":"no","maxspeed":""},"geometry":{"type":"LineString","coordinates":[[77.6032538,13.037887],[77.6031826,13.0373723]]}},{"type":"Feature","properties":{"id":"791743494","name":"","highway":"residential","oneway":"no","maxspeed":""},"geometry":{"type":"LineString","coordinates":[[77.6028407,13.0391413],[77.602819,13.0389374],[77.6027603,13.0383846]]}},{"type":"Feature","properties":{"id":"791743495","name":"","highway":"residential","oneway":"no","maxspeed":""},"geometry":{"type":"LineString","coordinates":[[77.6017148,13.0400995],[77.601647,13.0396133]]}},{"type":"Feature","properties":{"id":"791743496","name":"","highway":"residential","oneway":"no","maxspeed":""},"geometry":{"type":"LineString","coordinates":[[77.5999948,13.0416028],[77.5999624,13.0413311]]}},{"type":"Feature","properties":{"id":"791743497","name":"","highway":"service","oneway":"no","maxspeed":""},"geometry":{"type":"LineString","coordinates":[[77.5974226,13.0415244],[77.597369,13.0416446],[77.5973502,13.0416655],[77.5973153,13.0416759],[77.5970605,13.0417073],[77.5970283,13.0417125],[77.5969774,13.0417413],[77.5969259,13.0418753]]}},{"type":"Feature","properties":{"id":"791743498","name":"","highway":"service","oneway":"no","maxspeed":""},"geometry":{"type":"LineString","coordinates":[[77.5991873,13.0440009],[77.5991918,13.0438225],[77.5991944,13.0437761]]}},{"type":"Feature","properties":{"id":"791743500","name":"","highway":"service","oneway":"no","maxspeed":""},"geometry":{"type":"LineString","coordinates":[[77.5943649,13.0579441],[77.5945204,13.0580982],[77.5945473,13.0581374],[77.5945698,13.0582118],[77.5945843,13.0582838]]}},{"type":"Feature","properties":{"id":"791743501","name":"","highway":"service","oneway":"no","maxspeed":""},"geometry":{"type":"LineString","coordinates":[[77.5948316,13.0563947],[77.5946406,13.0559126]]}},{"type":"Feature","properties":{"id":"791743504","name":"","highway":"residential","oneway":"yes","maxspeed":""},"geometry":{"type":"LineString","coordinates":[[77.5994693,13.0498914],[77.599467,13.0499719],[77.5994586,13.0499884],[77.5994415,13.0499895],[77.5990967,13.0500168],[77.5990826,13.050034],[77.5990773,13.0500737],[77.5990596,13.0500996],[77.5990118,13.0501099],[77.5989198,13.0501426],[77.5989145,13.0501668],[77.5989357,13.0504064],[77.5989994,13.0509632],[77.5990312,13.0510167],[77.5990613,13.0510287],[77.5995922,13.0509891],[77.5996258,13.0509753],[77.5996294,13.0509201],[77.5995939,13.0504993],[77.5995499,13.0499834],[77.5995365,13.0498828]]}},{"type":"Feature","properties":{"id":"792879637","name":"","highway":"residential","oneway":"no","maxspeed":""},"geometry":{"type":"LineString","coordinates":[[77.6235933,13.0580288],[77.6236223,13.0578209],[77.6236424,13.0576822],[77.6236443,13.0576152],[77.6236068,13.057372],[77.6235692,13.0573435],[77.6235276,13.0573332],[77.6234217,13.0573434],[77.6221244,13.0574689]]}},{"type":"Feature","properties":{"id":"792879638","name":"","highway":"residential","oneway":"no","maxspeed":""},"geometry":{"type":"LineString","coordinates":[[77.6217028,13.0579939],[77.6217364,13.0580301],[77.6218836,13.0582047],[77.6219033,13.0582262],[77.6219168,13.0582566],[77.6219524,13.0584114]]}},{"type":"Feature","properties":{"id":"792879639","name":"","highway":"residential","oneway":"no","maxspeed":""},"geometry":{"type":"LineString","coordinates":[[77.621969,13.0578114],[77.6221775,13.0578465],[77.6222175,13.0578719],[77.6222456,13.0579149],[77.6223904,13.0582905]]}},{"type":"Feature","properties":{"id":"792879640","name":"","highway":"residential","oneway":"no","maxspeed":""},"geometry":{"type":"LineString","coordinates":[[77.6228911,13.0577997],[77.6229468,13.0581177]]}},{"type":"Feature","properties":{"id":"792879641","name":"","highway":"residential","oneway":"no","maxspeed":""},"geometry":{"type":"LineString","coordinates":[[77.6244681,13.0580255],[77.6244185,13.0578958],[77.6243629,13.0577014],[77.6243283,13.0576275],[77.6243045,13.0576069],[77.6242648,13.0575966],[77.6242284,13.0575989],[77.6241826,13.057603],[77.6240217,13.0576057],[77.6238945,13.0576198]]}},{"type":"Feature","properties":{"id":"792879644","name":"","highway":"service","oneway":"no","maxspeed":""},"geometry":{"type":"LineString","coordinates":[[77.620018,13.0571919],[77.6204356,13.0587332]]}},{"type":"Feature","properties":{"id":"792879647","name":"","highway":"residential","oneway":"no","maxspeed":""},"geometry":{"type":"LineString","coordinates":[[77.614658,13.0533079],[77.6146386,13.053052]]}},{"type":"Feature","properties":{"id":"792879648","name":"","highway":"residential","oneway":"no","maxspeed":""},"geometry":{"type":"LineString","coordinates":[[77.6159512,13.052798],[77.6160203,13.0527936],[77.6160749,13.0527901],[77.6175816,13.0526949],[77.61763,13.0526949],[77.6176875,13.0526859],[77.6177451,13.0526702],[77.6178604,13.0525079],[77.6178741,13.0524885],[77.6178994,13.0524728]]}},{"type":"Feature","properties":{"id":"792879649","name":"","highway":"service","oneway":"no","maxspeed":""},"geometry":{"type":"LineString","coordinates":[[77.6146386,13.053052],[77.6146021,13.0527273],[77.6146218,13.0526814],[77.6146583,13.0526666],[77.6151901,13.0526311],[77.615225,13.0526429],[77.6152372,13.0526799],[77.6152598,13.053016]]}},{"type":"Feature","properties":{"id":"792879650","name":"","highway":"service","oneway":"no","maxspeed":""},"geometry":{"type":"LineString","coordinates":[[77.6182725,13.0531682],[77.6182632,13.0530695],[77.6182679,13.0530426],[77.6182886,13.0530291],[77.6183093,13.0529887],[77.6183413,13.0524884]]}},{"type":"Feature","properties":{"id":"792879652","name":"","highway":"residential","oneway":"no","maxspeed":""},"geometry":{"type":"LineString","coordinates":[[77.6151798,13.0375738],[77.6151977,13.0380089]]}},{"type":"Feature","properties":{"id":"792879653","name":"","highway":"service","oneway":"no","maxspeed":""},"geometry":{"type":"LineString","coordinates":[[77.6156262,13.052619],[77.615588,13.0522536]]}},{"type":"Feature","properties":{"id":"792879655","name":"","highway":"service","oneway":"no","maxspeed":""},"geometry":{"type":"LineString","coordinates":[[77.6153202,13.0521776],[77.6152871,13.0520603],[77.6152779,13.0520249],[77.6152739,13.0519907],[77.6152466,13.0516959]]}},{"type":"Feature","properties":{"id":"792879656","name":"","highway":"residential","oneway":"no","maxspeed":""},"geometry":{"type":"LineString","coordinates":[[77.6155294,13.0513117],[77.6152097,13.0513239]]}},{"type":"Feature","properties":{"id":"792879657","name":"","highway":"residential","oneway":"no","maxspeed":""},"geometry":{"type":"LineString","coordinates":[[77.6161966,13.0506305],[77.6161508,13.0506281],[77.61522,13.0507037],[77.6151924,13.0506963],[77.6151754,13.0506662],[77.6151391,13.0502859]]}},{"type":"Feature","properties":{"id":"792879660","name":"","highway":"residential","oneway":"no","maxspeed":""},"geometry":{"type":"LineString","coordinates":[[77.6166356,13.0515162],[77.6166435,13.0510789]]}},{"type":"Feature","properties":{"id":"792879662","name":"","highway":"residential","oneway":"no","maxspeed":""},"geometry":{"type":"LineString","coordinates":[[77.6174826,13.0513864],[77.6174795,13.0510757]]}},{"type":"Feature","properties":{"id":"792879663","name":"","highway":"residential","oneway":"no","maxspeed":""},"geometry":{"type":"LineString","coordinates":[[77.6153182,13.0490548],[77.6148294,13.0490966]]}},{"type":"Feature","properties":{"id":"792879664","name":"","highway":"residential","oneway":"no","maxspeed":""},"geometry":{"type":"LineString","coordinates":[[77.6157668,13.0491421],[77.6159668,13.0491168]]}},{"type":"Feature","properties":{"id":"792879674","name":"","highway":"residential","oneway":"no","maxspeed":""},"geometry":{"type":"LineString","coordinates":[[77.6148972,13.0368026],[77.6150607,13.0367847],[77.615677,13.036688],[77.61596,13.0366436]]}},{"type":"Feature","properties":{"id":"792879675","name":"","highway":"residential","oneway":"no","maxspeed":""},"geometry":{"type":"LineString","coordinates":[[77.6223938,13.037594],[77.6222755,13.0370564]]}},{"type":"Feature","properties":{"id":"792879678","name":"","highway":"service","oneway":"no","maxspeed":""},"geometry":{"type":"LineString","coordinates":[[77.6213117,13.0406451],[77.6210486,13.0407032],[77.6209707,13.0407067]]}},{"type":"Feature","properties":{"id":"792879684","name":"","highway":"service","oneway":"no","maxspeed":""},"geometry":{"type":"LineString","coordinates":[[77.6226746,13.0415785],[77.622624,13.0413176]]}},{"type":"Feature","properties":{"id":"792879685","name":"","highway":"service","oneway":"no","maxspeed":""},"geometry":{"type":"LineString","coordinates":[[77.6234324,13.0419156],[77.6229399,13.0415048],[77.6229201,13.0414856],[77.622911,13.0414664],[77.6228775,13.0413147]]}},{"type":"Feature","properties":{"id":"792879693","name":"","highway":"residential","oneway":"no","maxspeed":""},"geometry":{"type":"LineString","coordinates":[[77.6241711,13.0440916],[77.6240255,13.043756]]}},{"type":"Feature","properties":{"id":"792879694","name":"","highway":"residential","oneway":"no","maxspeed":""},"geometry":{"type":"LineString","coordinates":[[77.6240223,13.0468007],[77.6241339,13.0470898]]}},{"type":"Feature","properties":{"id":"792879705","name":"","highway":"residential","oneway":"no","maxspeed":""},"geometry":{"type":"LineString","coordinates":[[77.6138224,13.0557728],[77.6154426,13.0557723]]}},{"type":"Feature","properties":{"id":"792879785","name":"","highway":"residential","oneway":"no","maxspeed":""},"geometry":{"type":"LineString","coordinates":[[77.6232533,13.0367546],[77.6224022,13.0368861]]}},{"type":"Feature","properties":{"id":"792879786","name":"","highway":"residential","oneway":"no","maxspeed":""},"geometry":{"type":"LineString","coordinates":[[77.6228981,13.037892],[77.623428,13.0378658],[77.6238941,13.0378355],[77.6239892,13.0378293],[77.62404,13.037824],[77.6240944,13.0378188],[77.6241727,13.0378006],[77.6247699,13.037662],[77.6251781,13.0375522]]}},{"type":"Feature","properties":{"id":"792879787","name":"","highway":"service","oneway":"no","maxspeed":""},"geometry":{"type":"LineString","coordinates":[[77.6158881,13.0519283],[77.6159075,13.0521948],[77.6159091,13.0522163],[77.6159512,13.052798]]}},{"type":"Feature","properties":{"id":"792879788","name":"","highway":"service","oneway":"no","maxspeed":""},"geometry":{"type":"LineString","coordinates":[[77.6143771,13.0523783],[77.6149501,13.0523422],[77.6150025,13.0523362],[77.6151073,13.0523062],[77.6152336,13.0522042],[77.6152675,13.0521862],[77.6153202,13.0521776],[77.6154554,13.0521682],[77.615517,13.0521832],[77.615588,13.0522536],[77.6156803,13.0522612],[77.6157327,13.0522402],[77.6159091,13.0522163]]}},{"type":"Feature","properties":{"id":"792879789","name":"","highway":"service","oneway":"no","maxspeed":""},"geometry":{"type":"LineString","coordinates":[[77.6147418,13.0517248],[77.6152466,13.0516959],[77.6155098,13.0516799]]}},{"type":"Feature","properties":{"id":"792879790","name":"","highway":"residential","oneway":"no","maxspeed":""},"geometry":{"type":"LineString","coordinates":[[77.6147099,13.0514536],[77.6147015,13.0511981],[77.6147064,13.0511559],[77.6147365,13.0511212],[77.6147777,13.0510983],[77.614916,13.0510657],[77.6151197,13.0510274],[77.6151952,13.051024]]}},{"type":"Feature","properties":{"id":"792879791","name":"","highway":"residential","oneway":"no","maxspeed":""},"geometry":{"type":"LineString","coordinates":[[77.6178994,13.0524728],[77.6180777,13.0524338]]}},{"type":"Feature","properties":{"id":"792879792","name":"","highway":"residential","oneway":"no","maxspeed":""},"geometry":{"type":"LineString","coordinates":[[77.6180777,13.0524338],[77.6183413,13.0524884],[77.618482,13.0525019],[77.6185649,13.0525042],[77.6187676,13.0524929],[77.6188074,13.0524904],[77.6193611,13.0523458],[77.6196838,13.0523322]]}},{"type":"Feature","properties":{"id":"793858836","name":"","highway":"service","oneway":"yes","maxspeed":""},"geometry":{"type":"LineString","coordinates":[[77.593414,13.051107],[77.59369,13.0510445],[77.5937627,13.0512891],[77.5942925,13.0511872],[77.5941463,13.0506136],[77.594035,13.050547],[77.5936072,13.0506359],[77.5936758,13.0509745]]}},{"type":"Feature","properties":{"id":"794653136","name":"","highway":"residential","oneway":"no","maxspeed":""},"geometry":{"type":"LineString","coordinates":[[77.6166571,13.0358262],[77.6168857,13.0357786]]}},{"type":"Feature","properties":{"id":"794653137","name":"","highway":"residential","oneway":"no","maxspeed":""},"geometry":{"type":"LineString","coordinates":[[77.6156348,13.036003],[77.6155755,13.0355851],[77.6154522,13.0350569]]}},{"type":"Feature","properties":{"id":"794653138","name":"","highway":"residential","oneway":"no","maxspeed":""},"geometry":{"type":"LineString","coordinates":[[77.6158819,13.035077],[77.6160002,13.0354752]]}},{"type":"Feature","properties":{"id":"794653196","name":"","highway":"residential","oneway":"no","maxspeed":""},"geometry":{"type":"LineString","coordinates":[[77.6159506,13.0350759],[77.6158116,13.0345797]]}},{"type":"Feature","properties":{"id":"794653197","name":"","highway":"residential","oneway":"no","maxspeed":""},"geometry":{"type":"LineString","coordinates":[[77.6157629,13.0355502],[77.6156384,13.0350599]]}},{"type":"Feature","properties":{"id":"794653199","name":"","highway":"residential","oneway":"no","maxspeed":""},"geometry":{"type":"LineString","coordinates":[[77.61564,13.0361531],[77.6160948,13.0361023],[77.6161283,13.0361075],[77.6161431,13.0361193],[77.6161458,13.0361441],[77.6161578,13.0361833],[77.6161766,13.0361937],[77.616198,13.0361947],[77.6167143,13.036094]]}},{"type":"Feature","properties":{"id":"794653200","name":"","highway":"residential","oneway":"no","maxspeed":""},"geometry":{"type":"LineString","coordinates":[[77.6156509,13.0363963],[77.6156472,13.0363305],[77.6156444,13.0362808],[77.6156415,13.0361977],[77.61564,13.0361531],[77.6156348,13.036003],[77.6166571,13.0358262]]}},{"type":"Feature","properties":{"id":"795146003","name":"","highway":"residential","oneway":"no","maxspeed":""},"geometry":{"type":"LineString","coordinates":[[77.6216632,13.0361566],[77.6220989,13.0360268],[77.6223871,13.0359727],[77.6227876,13.035873],[77.6227996,13.0358645],[77.6228003,13.0358417],[77.6227869,13.03579]]}},{"type":"Feature","properties":{"id":"795146004","name":"","highway":"residential","oneway":"no","maxspeed":""},"geometry":{"type":"LineString","coordinates":[[77.6179469,13.0359742],[77.6178375,13.0356348]]}},{"type":"Feature","properties":{"id":"795146005","name":"","highway":"service","oneway":"no","maxspeed":""},"geometry":{"type":"LineString","coordinates":[[77.6188213,13.0350152],[77.6187486,13.0345762],[77.6187285,13.034498]]}},{"type":"Feature","properties":{"id":"795146006","name":"","highway":"residential","oneway":"no","maxspeed":""},"geometry":{"type":"LineString","coordinates":[[77.6185155,13.0353131],[77.618443,13.0348056],[77.6183975,13.0345057]]}},{"type":"Feature","properties":{"id":"795146013","name":"","highway":"residential","oneway":"no","maxspeed":""},"geometry":{"type":"LineString","coordinates":[[77.6167393,13.0317748],[77.6165115,13.0313445],[77.616243,13.0308658],[77.6162152,13.0308162],[77.6163848,13.0307552]]}},{"type":"Feature","properties":{"id":"795146014","name":"","highway":"residential","oneway":"no","maxspeed":""},"geometry":{"type":"LineString","coordinates":[[77.6164737,13.0318859],[77.6160322,13.0309669],[77.6159996,13.0308996]]}},{"type":"Feature","properties":{"id":"795146015","name":"","highway":"residential","oneway":"no","maxspeed":""},"geometry":{"type":"LineString","coordinates":[[77.6157504,13.0320961],[77.6160251,13.0319788]]}},{"type":"Feature","properties":{"id":"795146016","name":"","highway":"residential","oneway":"no","maxspeed":""},"geometry":{"type":"LineString","coordinates":[[77.6160231,13.0327183],[77.6162963,13.0326216]]}},{"type":"Feature","properties":{"id":"795146017","name":"","highway":"residential","oneway":"no","maxspeed":""},"geometry":{"type":"LineString","coordinates":[[77.6159393,13.0325234],[77.6161958,13.0324201]]}},{"type":"Feature","properties":{"id":"795146018","name":"","highway":"residential","oneway":"no","maxspeed":""},"geometry":{"type":"LineString","coordinates":[[77.6170779,13.0324652],[77.6169877,13.0322149],[77.6168905,13.031954]]}},{"type":"Feature","properties":{"id":"795146019","name":"","highway":"residential","oneway":"no","maxspeed":""},"geometry":{"type":"LineString","coordinates":[[77.6171953,13.0332662],[77.6174832,13.0331744]]}},{"type":"Feature","properties":{"id":"795146020","name":"","highway":"residential","oneway":"no","maxspeed":""},"geometry":{"type":"LineString","coordinates":[[77.6172826,13.0335069],[77.6171953,13.0332662],[77.6170878,13.032922]]}},{"type":"Feature","properties":{"id":"795146022","name":"","highway":"residential","oneway":"no","maxspeed":""},"geometry":{"type":"LineString","coordinates":[[77.6167459,13.0328323],[77.616859,13.032793],[77.6173112,13.0326739]]}},{"type":"Feature","properties":{"id":"795146023","name":"","highway":"residential","oneway":"no","maxspeed":""},"geometry":{"type":"LineString","coordinates":[[77.6167728,13.0330052],[77.6170878,13.032922],[77.6173641,13.032849]]}},{"type":"Feature","properties":{"id":"795146024","name":"","highway":"residential","oneway":"no","maxspeed":""},"geometry":{"type":"LineString","coordinates":[[77.6153045,13.031775],[77.6155325,13.0316617]]}},{"type":"Feature","properties":{"id":"795146025","name":"","highway":"residential","oneway":"no","maxspeed":""},"geometry":{"type":"LineString","coordinates":[[77.6174775,13.0357103],[77.6175167,13.0359062],[77.6175177,13.0359359],[77.6175031,13.0359677],[77.6171806,13.0360488]]}},{"type":"Feature","properties":{"id":"795146026","name":"","highway":"residential","oneway":"no","maxspeed":""},"geometry":{"type":"LineString","coordinates":[[77.6162423,13.0353637],[77.6164976,13.0353007]]}},{"type":"Feature","properties":{"id":"795146027","name":"","highway":"residential","oneway":"no","maxspeed":""},"geometry":{"type":"LineString","coordinates":[[77.616874,13.0353837],[77.6167506,13.0349143]]}},{"type":"Feature","properties":{"id":"795146028","name":"","highway":"residential","oneway":"no","maxspeed":""},"geometry":{"type":"LineString","coordinates":[[77.6166339,13.0348023],[77.6170765,13.0346729]]}},{"type":"Feature","properties":{"id":"795146029","name":"","highway":"residential","oneway":"no","maxspeed":""},"geometry":{"type":"LineString","coordinates":[[77.616109,13.0340807],[77.6168083,13.0338863]]}},{"type":"Feature","properties":{"id":"795146030","name":"","highway":"residential","oneway":"no","maxspeed":""},"geometry":{"type":"LineString","coordinates":[[77.6159724,13.0345615],[77.6162473,13.0344775]]}},{"type":"Feature","properties":{"id":"795146031","name":"","highway":"residential","oneway":"no","maxspeed":""},"geometry":{"type":"LineString","coordinates":[[77.6169365,13.0342791],[77.6162473,13.0344775]]}},{"type":"Feature","properties":{"id":"795146032","name":"12th Cross Road","highway":"residential","oneway":"no","maxspeed":""},"geometry":{"type":"LineString","coordinates":[[77.6177025,13.0346122],[77.6175411,13.0340374],[77.6173578,13.0334837]]}},{"type":"Feature","properties":{"id":"795146033","name":"","highway":"residential","oneway":"no","maxspeed":""},"geometry":{"type":"LineString","coordinates":[[77.6186348,13.0339961],[77.6185074,13.0336669]]}},{"type":"Feature","properties":{"id":"795146034","name":"","highway":"residential","oneway":"no","maxspeed":""},"geometry":{"type":"LineString","coordinates":[[77.6187285,13.034498],[77.6185624,13.0340562]]}},{"type":"Feature","properties":{"id":"795146035","name":"","highway":"residential","oneway":"no","maxspeed":""},"geometry":{"type":"LineString","coordinates":[[77.6196646,13.0337519],[77.6193407,13.0329364]]}},{"type":"Feature","properties":{"id":"795146036","name":"","highway":"residential","oneway":"no","maxspeed":""},"geometry":{"type":"LineString","coordinates":[[77.6235348,13.0336621],[77.623757,13.0344875]]}},{"type":"Feature","properties":{"id":"795146038","name":"","highway":"residential","oneway":"no","maxspeed":""},"geometry":{"type":"LineString","coordinates":[[77.6228039,13.0365567],[77.6226857,13.0360748]]}},{"type":"Feature","properties":{"id":"795146040","name":"","highway":"residential","oneway":"no","maxspeed":""},"geometry":{"type":"LineString","coordinates":[[77.6217956,13.0365001],[77.6218954,13.0367718]]}},{"type":"Feature","properties":{"id":"795146041","name":"","highway":"residential","oneway":"no","maxspeed":""},"geometry":{"type":"LineString","coordinates":[[77.6209213,13.0360846],[77.6209255,13.0359102],[77.6209348,13.0358959],[77.6209603,13.0358919],[77.621199,13.0358436]]}},{"type":"Feature","properties":{"id":"795146042","name":"","highway":"residential","oneway":"no","maxspeed":""},"geometry":{"type":"LineString","coordinates":[[77.6209213,13.0360846],[77.620959,13.0360853],[77.6210381,13.0360762],[77.6213224,13.0360187]]}},{"type":"Feature","properties":{"id":"795146043","name":"","highway":"residential","oneway":"no","maxspeed":""},"geometry":{"type":"LineString","coordinates":[[77.6215665,13.0358422],[77.6214225,13.0349725]]}},{"type":"Feature","properties":{"id":"795146044","name":"","highway":"residential","oneway":"no","maxspeed":""},"geometry":{"type":"LineString","coordinates":[[77.6217154,13.0358174],[77.6216349,13.0351799]]}},{"type":"Feature","properties":{"id":"795146045","name":"","highway":"residential","oneway":"no","maxspeed":""},"geometry":{"type":"LineString","coordinates":[[77.6219057,13.0357839],[77.6217797,13.0350231]]}},{"type":"Feature","properties":{"id":"795146046","name":"","highway":"residential","oneway":"no","maxspeed":""},"geometry":{"type":"LineString","coordinates":[[77.6221272,13.0358434],[77.6221021,13.0357521],[77.6219326,13.0351365]]}},{"type":"Feature","properties":{"id":"795146047","name":"","highway":"residential","oneway":"no","maxspeed":""},"geometry":{"type":"LineString","coordinates":[[77.6227641,13.0356999],[77.6227142,13.0354947],[77.6226608,13.0352752],[77.6226682,13.0352654],[77.622685,13.0352609],[77.6227152,13.0352517],[77.6227232,13.0352439],[77.6227239,13.0352269],[77.6227116,13.0351811]]}},{"type":"Feature","properties":{"id":"795146048","name":"","highway":"residential","oneway":"no","maxspeed":""},"geometry":{"type":"LineString","coordinates":[[77.6242565,13.0349682],[77.6239368,13.0350413],[77.6234849,13.0351402]]}},{"type":"Feature","properties":{"id":"795146049","name":"","highway":"residential","oneway":"no","maxspeed":""},"geometry":{"type":"LineString","coordinates":[[77.6242231,13.0348511],[77.6244264,13.034762],[77.6246927,13.0346714],[77.6247297,13.0346531]]}},{"type":"Feature","properties":{"id":"795146050","name":"","highway":"residential","oneway":"no","maxspeed":""},"geometry":{"type":"LineString","coordinates":[[77.6243938,13.0353621],[77.6242565,13.0349682],[77.6242231,13.0348511],[77.6241501,13.0346517],[77.6241331,13.0345999],[77.6241897,13.0345775],[77.6245658,13.0344199],[77.624602,13.0344]]}},{"type":"Feature","properties":{"id":"795146051","name":"","highway":"residential","oneway":"no","maxspeed":""},"geometry":{"type":"LineString","coordinates":[[77.6220628,13.0347539],[77.6219434,13.0343776],[77.6217945,13.0338838],[77.6217404,13.0337083]]}},{"type":"Feature","properties":{"id":"795146052","name":"","highway":"residential","oneway":"no","maxspeed":""},"geometry":{"type":"LineString","coordinates":[[77.6216438,13.0329977],[77.621577,13.0328155],[77.6213324,13.0322049],[77.6213083,13.0321519]]}},{"type":"Feature","properties":{"id":"795146054","name":"","highway":"residential","oneway":"no","maxspeed":""},"geometry":{"type":"LineString","coordinates":[[77.6213941,13.0316322],[77.6209489,13.0317967],[77.6207869,13.0318634]]}},{"type":"Feature","properties":{"id":"795146055","name":"","highway":"residential","oneway":"no","maxspeed":""},"geometry":{"type":"LineString","coordinates":[[77.6208899,13.0320719],[77.6216739,13.0317318]]}},{"type":"Feature","properties":{"id":"795146056","name":"","highway":"residential","oneway":"no","maxspeed":""},"geometry":{"type":"LineString","coordinates":[[77.6199548,13.0322404],[77.6204029,13.0321261],[77.6204437,13.0321118],[77.6206416,13.0320424],[77.620842,13.031972]]}},{"type":"Feature","properties":{"id":"795146057","name":"","highway":"residential","oneway":"no","maxspeed":""},"geometry":{"type":"LineString","coordinates":[[77.6195964,13.031417],[77.6197278,13.0317828]]}},{"type":"Feature","properties":{"id":"795146058","name":"","highway":"residential","oneway":"no","maxspeed":""},"geometry":{"type":"LineString","coordinates":[[77.6200738,13.0326845],[77.6200119,13.0324524],[77.6200041,13.03243],[77.6199564,13.0322587],[77.6199548,13.0322404],[77.6199089,13.0320418],[77.6198757,13.0318915]]}},{"type":"Feature","properties":{"id":"795174647","name":"","highway":"residential","oneway":"no","maxspeed":""},"geometry":{"type":"LineString","coordinates":[[77.6195067,13.0338141],[77.6194079,13.0336348],[77.619124,13.0330065]]}},{"type":"Feature","properties":{"id":"795174648","name":"","highway":"residential","oneway":"no","maxspeed":""},"geometry":{"type":"LineString","coordinates":[[77.618262,13.0336271],[77.6181501,13.0332807]]}},{"type":"Feature","properties":{"id":"795174649","name":"","highway":"residential","oneway":"no","maxspeed":""},"geometry":{"type":"LineString","coordinates":[[77.6163456,13.036327],[77.6167478,13.0362475]]}},{"type":"Feature","properties":{"id":"795174650","name":"","highway":"residential","oneway":"no","maxspeed":""},"geometry":{"type":"LineString","coordinates":[[77.6156472,13.0363305],[77.6161525,13.0363244]]}},{"type":"Feature","properties":{"id":"795174651","name":"","highway":"residential","oneway":"no","maxspeed":""},"geometry":{"type":"LineString","coordinates":[[77.6150993,13.0355608],[77.6147886,13.0356335]]}},{"type":"Feature","properties":{"id":"795174652","name":"","highway":"residential","oneway":"no","maxspeed":""},"geometry":{"type":"LineString","coordinates":[[77.6155868,13.0346615],[77.6156824,13.0350786]]}},{"type":"Feature","properties":{"id":"795174665","name":"","highway":"residential","oneway":"no","maxspeed":""},"geometry":{"type":"LineString","coordinates":[[77.6223008,13.0347653],[77.6221637,13.0343311],[77.6220366,13.0339178]]}},{"type":"Feature","properties":{"id":"795174666","name":"","highway":"residential","oneway":"no","maxspeed":""},"geometry":{"type":"LineString","coordinates":[[77.6203783,13.0344849],[77.6205947,13.0344027]]}},{"type":"Feature","properties":{"id":"795174669","name":"","highway":"residential","oneway":"no","maxspeed":""},"geometry":{"type":"LineString","coordinates":[[77.6208659,13.0328028],[77.6205987,13.0328933]]}},{"type":"Feature","properties":{"id":"795174670","name":"","highway":"residential","oneway":"no","maxspeed":""},"geometry":{"type":"LineString","coordinates":[[77.6200041,13.03243],[77.620382,13.032338],[77.6209356,13.0321671]]}},{"type":"Feature","properties":{"id":"795174671","name":"","highway":"residential","oneway":"no","maxspeed":""},"geometry":{"type":"LineString","coordinates":[[77.619634,13.0319592],[77.6194714,13.0314579]]}},{"type":"Feature","properties":{"id":"800020473","name":"","highway":"residential","oneway":"no","maxspeed":""},"geometry":{"type":"LineString","coordinates":[[77.595669,13.0628483],[77.5960334,13.0628185]]}},{"type":"Feature","properties":{"id":"800020474","name":"","highway":"service","oneway":"no","maxspeed":""},"geometry":{"type":"LineString","coordinates":[[77.5935204,13.0639442],[77.5935858,13.0639348],[77.5947346,13.0637728]]}},{"type":"Feature","properties":{"id":"803441932","name":"","highway":"residential","oneway":"no","maxspeed":""},"geometry":{"type":"LineString","coordinates":[[77.5939269,13.0325793],[77.5941195,13.0336717]]}},{"type":"Feature","properties":{"id":"842335071","name":"Outer Ring Road","highway":"trunk","oneway":"yes","maxspeed":"60"},"geometry":{"type":"LineString","coordinates":[[77.5902393,13.0427099],[77.5901426,13.0427518]]}},{"type":"Feature","properties":{"id":"842592053","name":"Hebbal Flyover","highway":"trunk","oneway":"yes","maxspeed":"60"},"geometry":{"type":"LineString","coordinates":[[77.5901565,13.0420902],[77.5901025,13.0418976],[77.5897167,13.0405701],[77.5896791,13.0404264],[77.589648,13.0402672],[77.5895471,13.0396022]]}},{"type":"Feature","properties":{"id":"863110621","name":"4th Cross Road","highway":"residential","oneway":"no","maxspeed":""},"geometry":{"type":"LineString","coordinates":[[77.6014871,13.035897],[77.6022819,13.0357481],[77.6026371,13.0356527]]}},{"type":"Feature","properties":{"id":"891184078","name":"9th Cross Road","highway":"residential","oneway":"no","maxspeed":""},"geometry":{"type":"LineString","coordinates":[[77.5987691,13.0380674],[77.5965828,13.0380963]]}},{"type":"Feature","properties":{"id":"891764975","name":"","highway":"residential","oneway":"no","maxspeed":""},"geometry":{"type":"LineString","coordinates":[[77.5908894,13.032144],[77.5900548,13.0323091]]}},{"type":"Feature","properties":{"id":"891764976","name":"","highway":"residential","oneway":"no","maxspeed":""},"geometry":{"type":"LineString","coordinates":[[77.5908408,13.0318958],[77.590804,13.0317073]]}},{"type":"Feature","properties":{"id":"963698079","name":"","highway":"residential","oneway":"yes","maxspeed":""},"geometry":{"type":"LineString","coordinates":[[77.5906661,13.0700178],[77.5902429,13.0685636],[77.5902012,13.0684642],[77.5900787,13.0684005],[77.5897067,13.0685513],[77.5896207,13.0683716],[77.5895633,13.0681487],[77.5896305,13.067834],[77.5897327,13.0676741],[77.5901812,13.0673985],[77.5904827,13.067292],[77.590752,13.0673109],[77.5910792,13.0675645],[77.5911228,13.0677501],[77.591627,13.0697747]]}},{"type":"Feature","properties":{"id":"971335093","name":"Bellary Road","highway":"trunk","oneway":"yes","maxspeed":"80"},"geometry":{"type":"LineString","coordinates":[[77.5932742,13.051286],[77.5931518,13.0507869]]}},{"type":"Feature","properties":{"id":"971335100","name":"","highway":"trunk","oneway":"yes","maxspeed":""},"geometry":{"type":"LineString","coordinates":[[77.5921952,13.0477569],[77.5921285,13.0476042],[77.5920595,13.0474663],[77.5920266,13.0473807],[77.5919589,13.047175],[77.5917054,13.0464733],[77.5916044,13.0463845]]}},{"type":"Feature","properties":{"id":"971335101","name":"","highway":"trunk","oneway":"yes","maxspeed":""},"geometry":{"type":"LineString","coordinates":[[77.5923072,13.0480016],[77.5922289,13.0478306],[77.5921952,13.0477569]]}},{"type":"Feature","properties":{"id":"971335102","name":"Bellary Road","highway":"trunk","oneway":"yes","maxspeed":"80"},"geometry":{"type":"LineString","coordinates":[[77.5913704,13.0465475],[77.5918179,13.0475084],[77.5919089,13.0476972],[77.5920007,13.0478782]]}},{"type":"Feature","properties":{"id":"971335103","name":"Bellary Road","highway":"trunk","oneway":"yes","maxspeed":"80"},"geometry":{"type":"LineString","coordinates":[[77.5920007,13.0478782],[77.5921324,13.0481491]]}},{"type":"Feature","properties":{"id":"971335104","name":"Bellary Road","highway":"trunk","oneway":"yes","maxspeed":"80"},"geometry":{"type":"LineString","coordinates":[[77.5921049,13.047813],[77.5920123,13.0476251],[77.591904,13.0473893],[77.5918637,13.0473039]]}},{"type":"Feature","properties":{"id":"971335105","name":"Bellary Road","highway":"trunk","oneway":"yes","maxspeed":"80"},"geometry":{"type":"LineString","coordinates":[[77.5922288,13.048061],[77.5921049,13.047813]]}},{"type":"Feature","properties":{"id":"994106052","name":"","highway":"residential","oneway":"no","maxspeed":""},"geometry":{"type":"LineString","coordinates":[[77.5908689,13.0571273],[77.5907514,13.0571375]]}},{"type":"Feature","properties":{"id":"994106053","name":"","highway":"residential","oneway":"no","maxspeed":""},"geometry":{"type":"LineString","coordinates":[[77.6059484,13.0586531],[77.6066225,13.0586805]]}},{"type":"Feature","properties":{"id":"994106054","name":"","highway":"residential","oneway":"no","maxspeed":""},"geometry":{"type":"LineString","coordinates":[[77.6053458,13.0604158],[77.6053429,13.0604745],[77.6053081,13.0611836]]}},{"type":"Feature","properties":{"id":"994107028","name":"","highway":"residential","oneway":"no","maxspeed":""},"geometry":{"type":"LineString","coordinates":[[77.606807,13.0602498],[77.6064791,13.0602273]]}},{"type":"Feature","properties":{"id":"994107029","name":"","highway":"residential","oneway":"no","maxspeed":""},"geometry":{"type":"LineString","coordinates":[[77.606821,13.0623751],[77.6068908,13.0620324]]}},{"type":"Feature","properties":{"id":"994107030","name":"","highway":"residential","oneway":"no","maxspeed":""},"geometry":{"type":"LineString","coordinates":[[77.6057803,13.0621819],[77.6057158,13.0626729]]}},{"type":"Feature","properties":{"id":"994107032","name":"","highway":"residential","oneway":"no","maxspeed":""},"geometry":{"type":"LineString","coordinates":[[77.6077326,13.0641727],[77.6072694,13.0640895],[77.607235,13.0640464],[77.6073401,13.0633],[77.6069937,13.0632281]]}},{"type":"Feature","properties":{"id":"994107033","name":"","highway":"residential","oneway":"no","maxspeed":""},"geometry":{"type":"LineString","coordinates":[[77.6054454,13.0661595],[77.6054408,13.0662107],[77.6054209,13.0664306]]}},{"type":"Feature","properties":{"id":"994107034","name":"","highway":"residential","oneway":"no","maxspeed":""},"geometry":{"type":"LineString","coordinates":[[77.6042656,13.0668166],[77.6044418,13.066812]]}},{"type":"Feature","properties":{"id":"994107036","name":"","highway":"residential","oneway":"no","maxspeed":""},"geometry":{"type":"LineString","coordinates":[[77.6042476,13.0674027],[77.6044165,13.0673911]]}},{"type":"Feature","properties":{"id":"994107041","name":"","highway":"residential","oneway":"no","maxspeed":""},"geometry":{"type":"LineString","coordinates":[[77.5977502,13.0654384],[77.5980403,13.0653962],[77.5985305,13.0653379],[77.5989478,13.0653509]]}},{"type":"Feature","properties":{"id":"994107042","name":"","highway":"residential","oneway":"no","maxspeed":""},"geometry":{"type":"LineString","coordinates":[[77.5989178,13.0656051],[77.598523,13.0656056]]}},{"type":"Feature","properties":{"id":"994107044","name":"","highway":"residential","oneway":"no","maxspeed":""},"geometry":{"type":"LineString","coordinates":[[77.5980296,13.064011],[77.5980457,13.0642772],[77.5980572,13.0642797],[77.5985232,13.064272],[77.5986352,13.0642651]]}},{"type":"Feature","properties":{"id":"994107045","name":"","highway":"residential","oneway":"no","maxspeed":""},"geometry":{"type":"LineString","coordinates":[[77.597427,13.064031],[77.5963983,13.0640995]]}},{"type":"Feature","properties":{"id":"994107046","name":"","highway":"residential","oneway":"no","maxspeed":""},"geometry":{"type":"LineString","coordinates":[[77.5964047,13.0644421],[77.596451,13.0646768],[77.5964575,13.0647381]]}},{"type":"Feature","properties":{"id":"994107048","name":"","highway":"residential","oneway":"no","maxspeed":""},"geometry":{"type":"LineString","coordinates":[[77.5999042,13.067389],[77.599829,13.0670633],[77.5995562,13.0671201],[77.5996779,13.0678267],[77.5997107,13.0678608],[77.599746,13.067899]]}},{"type":"Feature","properties":{"id":"994107608","name":"","highway":"residential","oneway":"no","maxspeed":""},"geometry":{"type":"LineString","coordinates":[[77.5919148,13.066827],[77.5919995,13.0671727],[77.5920011,13.0672316],[77.5919701,13.0672448],[77.5919176,13.0672683],[77.5917862,13.0673022],[77.5917459,13.0671716]]}},{"type":"Feature","properties":{"id":"994107609","name":"","highway":"residential","oneway":"no","maxspeed":""},"geometry":{"type":"LineString","coordinates":[[77.5908457,13.0657111],[77.5908719,13.0659275],[77.5909074,13.0661124],[77.5910919,13.0667138]]}},{"type":"Feature","properties":{"id":"994107612","name":"","highway":"residential","oneway":"yes","maxspeed":""},"geometry":{"type":"LineString","coordinates":[[77.5879454,13.0646848],[77.5867162,13.0646278],[77.5867009,13.0649423]]}},{"type":"Feature","properties":{"id":"994107614","name":"","highway":"residential","oneway":"no","maxspeed":""},"geometry":{"type":"LineString","coordinates":[[77.5879178,13.0625586],[77.5878041,13.0630434]]}},{"type":"Feature","properties":{"id":"994108216","name":"","highway":"residential","oneway":"no","maxspeed":""},"geometry":{"type":"LineString","coordinates":[[77.5888007,13.0569373],[77.5885241,13.0569568]]}},{"type":"Feature","properties":{"id":"994108217","name":"","highway":"residential","oneway":"no","maxspeed":""},"geometry":{"type":"LineString","coordinates":[[77.5949144,13.0651234],[77.5948259,13.0648289]]}},{"type":"Feature","properties":{"id":"994108218","name":"","highway":"residential","oneway":"no","maxspeed":""},"geometry":{"type":"LineString","coordinates":[[77.5947023,13.0653533],[77.5946084,13.0650481]]}},{"type":"Feature","properties":{"id":"994108219","name":"","highway":"residential","oneway":"no","maxspeed":""},"geometry":{"type":"LineString","coordinates":[[77.5964447,13.0655911],[77.5963661,13.0653021]]}},{"type":"Feature","properties":{"id":"995070027","name":"","highway":"residential","oneway":"no","maxspeed":""},"geometry":{"type":"LineString","coordinates":[[77.6048116,13.0317567],[77.6041281,13.0317671],[77.6039573,13.0317815],[77.6033853,13.0318283]]}},{"type":"Feature","properties":{"id":"995070028","name":"","highway":"residential","oneway":"no","maxspeed":""},"geometry":{"type":"LineString","coordinates":[[77.6034179,13.0320215],[77.6039443,13.0319489],[77.6039625,13.0319481],[77.6047999,13.0319043]]}},{"type":"Feature","properties":{"id":"995070029","name":"","highway":"residential","oneway":"no","maxspeed":""},"geometry":{"type":"LineString","coordinates":[[77.6014781,13.0308416],[77.6016497,13.0315941],[77.601639,13.0317614],[77.6017946,13.0323154],[77.6017946,13.0323833],[77.601859,13.0325985],[77.6019605,13.0329823],[77.6019484,13.0330142],[77.601922,13.0330261],[77.6017887,13.0330379]]}},{"type":"Feature","properties":{"id":"995070030","name":"","highway":"residential","oneway":"no","maxspeed":""},"geometry":{"type":"LineString","coordinates":[[77.6020413,13.032248],[77.601854,13.0316008]]}},{"type":"Feature","properties":{"id":"995070031","name":"","highway":"residential","oneway":"no","maxspeed":""},"geometry":{"type":"LineString","coordinates":[[77.601375,13.0318417],[77.6014041,13.032091],[77.6014988,13.0322452],[77.6015183,13.0326032],[77.6015212,13.0326304],[77.6015419,13.0334229],[77.6015394,13.0334606],[77.6015555,13.0337892]]}},{"type":"Feature","properties":{"id":"995070032","name":"3rd Cross Road","highway":"residential","oneway":"no","maxspeed":""},"geometry":{"type":"LineString","coordinates":[[77.6009391,13.0326933],[77.6009566,13.0330289],[77.6009573,13.0331439],[77.6009705,13.0335776]]}},{"type":"Feature","properties":{"id":"995097957","name":"","highway":"residential","oneway":"no","maxspeed":""},"geometry":{"type":"LineString","coordinates":[[77.6045903,13.0407164],[77.6037632,13.0407668]]}},{"type":"Feature","properties":{"id":"995097958","name":"","highway":"residential","oneway":"no","maxspeed":""},"geometry":{"type":"LineString","coordinates":[[77.6035872,13.0359473],[77.6035112,13.0355201],[77.6035036,13.0354825],[77.6034167,13.0349406]]}},{"type":"Feature","properties":{"id":"995097959","name":"","highway":"residential","oneway":"no","maxspeed":""},"geometry":{"type":"LineString","coordinates":[[77.6036745,13.0349332],[77.6037475,13.0354855],[77.6038235,13.0359767],[77.6038357,13.0360735]]}},{"type":"Feature","properties":{"id":"995097960","name":"","highway":"residential","oneway":"no","maxspeed":""},"geometry":{"type":"LineString","coordinates":[[77.6031871,13.0349614],[77.6032471,13.0353615],[77.6033709,13.0360366]]}},{"type":"Feature","properties":{"id":"995097961","name":"","highway":"residential","oneway":"no","maxspeed":""},"geometry":{"type":"LineString","coordinates":[[77.602894,13.0350084],[77.6029426,13.0354885]]}},{"type":"Feature","properties":{"id":"995097962","name":"","highway":"residential","oneway":"no","maxspeed":""},"geometry":{"type":"LineString","coordinates":[[77.6022143,13.0333821],[77.6022988,13.0339676],[77.6025349,13.0350631]]}},{"type":"Feature","properties":{"id":"995097963","name":"1st Cross Road","highway":"residential","oneway":"no","maxspeed":""},"geometry":{"type":"LineString","coordinates":[[77.6035112,13.0355201],[77.6037475,13.0354855],[77.6039621,13.035454],[77.604209,13.0354178],[77.6044287,13.0353856],[77.6047041,13.0353452]]}},{"type":"Feature","properties":{"id":"995097965","name":"","highway":"residential","oneway":"no","maxspeed":""},"geometry":{"type":"LineString","coordinates":[[77.604209,13.0354178],[77.6042461,13.0357394],[77.6042757,13.0359096]]}},{"type":"Feature","properties":{"id":"995097966","name":"","highway":"residential","oneway":"no","maxspeed":""},"geometry":{"type":"LineString","coordinates":[[77.6041164,13.0339903],[77.6041593,13.0343627]]}},{"type":"Feature","properties":{"id":"995097967","name":"","highway":"residential","oneway":"no","maxspeed":""},"geometry":{"type":"LineString","coordinates":[[77.601676,13.0351353],[77.6016478,13.0348536],[77.6016209,13.0345793],[77.6016079,13.0344463]]}},{"type":"Feature","properties":{"id":"995097968","name":"4th Cross Road","highway":"residential","oneway":"no","maxspeed":""},"geometry":{"type":"LineString","coordinates":[[77.6012567,13.0337429],[77.6012161,13.0326647]]}},{"type":"Feature","properties":{"id":"995097969","name":"","highway":"residential","oneway":"no","maxspeed":""},"geometry":{"type":"LineString","coordinates":[[77.6013085,13.0344099],[77.6013697,13.0350681]]}},{"type":"Feature","properties":{"id":"995097970","name":"","highway":"residential","oneway":"no","maxspeed":""},"geometry":{"type":"LineString","coordinates":[[77.6025309,13.0333337],[77.6022143,13.0333821],[77.6019263,13.0334066],[77.6015419,13.0334229]]}},{"type":"Feature","properties":{"id":"995097971","name":"","highway":"residential","oneway":"no","maxspeed":""},"geometry":{"type":"LineString","coordinates":[[77.6019263,13.0334066],[77.6019749,13.0337421],[77.6019857,13.0337769],[77.6020856,13.0343543]]}},{"type":"Feature","properties":{"id":"995097972","name":"","highway":"residential","oneway":"no","maxspeed":""},"geometry":{"type":"LineString","coordinates":[[77.6022143,13.0333821],[77.6021251,13.0328122]]}},{"type":"Feature","properties":{"id":"995097979","name":"","highway":"residential","oneway":"no","maxspeed":""},"geometry":{"type":"LineString","coordinates":[[77.6006359,13.0315784],[77.6006583,13.031584],[77.6006798,13.0315892],[77.6008837,13.0315683],[77.6011519,13.031537],[77.6012968,13.0315265],[77.6013075,13.031537],[77.6013376,13.031561],[77.6013539,13.0316471],[77.6013612,13.0316786],[77.601375,13.0318417],[77.6008843,13.031867],[77.6004437,13.0319185],[77.6004728,13.0322012]]}},{"type":"Feature","properties":{"id":"995097980","name":"","highway":"residential","oneway":"no","maxspeed":""},"geometry":{"type":"LineString","coordinates":[[77.6001326,13.0315675],[77.5999141,13.0316109],[77.5996176,13.0316572],[77.599612,13.0316572],[77.5995905,13.0316572],[77.5993223,13.0317199],[77.599274,13.0317147],[77.5989396,13.031767]]}},{"type":"Feature","properties":{"id":"995097981","name":"","highway":"residential","oneway":"no","maxspeed":""},"geometry":{"type":"LineString","coordinates":[[77.5999141,13.0316109],[77.5999663,13.0319356],[77.5999708,13.0320291],[77.5999554,13.0322767]]}},{"type":"Feature","properties":{"id":"995099242","name":"","highway":"residential","oneway":"no","maxspeed":""},"geometry":{"type":"LineString","coordinates":[[77.587007,13.0295329],[77.5877627,13.0311064],[77.5879177,13.031474],[77.5880709,13.0318374],[77.588276,13.032305]]}},{"type":"Feature","properties":{"id":"995099244","name":"","highway":"residential","oneway":"no","maxspeed":""},"geometry":{"type":"LineString","coordinates":[[77.588276,13.032305],[77.5891884,13.0319134],[77.5892474,13.0319082],[77.5894603,13.0323904],[77.5896535,13.0328145],[77.5896514,13.0328564],[77.5896193,13.0328816],[77.5887912,13.0332174],[77.5887333,13.0332204],[77.5886877,13.0331933]]}},{"type":"Feature","properties":{"id":"995099245","name":"","highway":"residential","oneway":"no","maxspeed":""},"geometry":{"type":"LineString","coordinates":[[77.5894603,13.0323904],[77.5884986,13.0327981]]}},{"type":"Feature","properties":{"id":"995099246","name":"","highway":"residential","oneway":"no","maxspeed":""},"geometry":{"type":"LineString","coordinates":[[77.588276,13.032305],[77.5880762,13.0323876],[77.5880042,13.0324173]]}},{"type":"Feature","properties":{"id":"995099248","name":"","highway":"residential","oneway":"no","maxspeed":""},"geometry":{"type":"LineString","coordinates":[[77.5972806,13.0362107],[77.5965415,13.0363567],[77.5961655,13.0363781],[77.5961497,13.036374],[77.596143,13.0363651],[77.5961417,13.0363507],[77.5961571,13.036271],[77.5961581,13.0362495],[77.5961499,13.0361853],[77.5961298,13.0360646]]}},{"type":"Feature","properties":{"id":"995099249","name":"","highway":"residential","oneway":"no","maxspeed":""},"geometry":{"type":"LineString","coordinates":[[77.5977662,13.0362307],[77.5973296,13.0363353]]}},{"type":"Feature","properties":{"id":"995099250","name":"","highway":"residential","oneway":"no","maxspeed":""},"geometry":{"type":"LineString","coordinates":[[77.5974067,13.0349606],[77.5973853,13.0350076],[77.5973675,13.035272],[77.5973531,13.035718]]}},{"type":"Feature","properties":{"id":"995099251","name":"","highway":"residential","oneway":"no","maxspeed":""},"geometry":{"type":"LineString","coordinates":[[77.5974067,13.0349606],[77.5974306,13.0349716],[77.5978687,13.0349758]]}},{"type":"Feature","properties":{"id":"995099252","name":"","highway":"residential","oneway":"no","maxspeed":""},"geometry":{"type":"LineString","coordinates":[[77.5973968,13.034834],[77.5973907,13.0347776],[77.5973905,13.0347282],[77.5973924,13.0345736],[77.5973951,13.034336],[77.5974008,13.0341661],[77.5978645,13.0341433]]}},{"type":"Feature","properties":{"id":"995099253","name":"","highway":"residential","oneway":"no","maxspeed":""},"geometry":{"type":"LineString","coordinates":[[77.5973968,13.034834],[77.5968371,13.0348717]]}},{"type":"Feature","properties":{"id":"995099254","name":"","highway":"residential","oneway":"no","maxspeed":""},"geometry":{"type":"LineString","coordinates":[[77.5973968,13.034834],[77.5974067,13.0349606]]}},{"type":"Feature","properties":{"id":"995099255","name":"","highway":"residential","oneway":"no","maxspeed":""},"geometry":{"type":"LineString","coordinates":[[77.5963981,13.0352322],[77.5963286,13.035226],[77.5960282,13.035199]]}},{"type":"Feature","properties":{"id":"995099256","name":"","highway":"residential","oneway":"no","maxspeed":""},"geometry":{"type":"LineString","coordinates":[[77.595647,13.0346359],[77.5963503,13.0345156]]}},{"type":"Feature","properties":{"id":"995099257","name":"","highway":"residential","oneway":"no","maxspeed":""},"geometry":{"type":"LineString","coordinates":[[77.596378,13.0348555],[77.5957105,13.0349391]]}},{"type":"Feature","properties":{"id":"995099258","name":"","highway":"residential","oneway":"no","maxspeed":""},"geometry":{"type":"LineString","coordinates":[[77.595647,13.0346359],[77.5956953,13.0348586]]}},{"type":"Feature","properties":{"id":"995099259","name":"","highway":"residential","oneway":"no","maxspeed":""},"geometry":{"type":"LineString","coordinates":[[77.595647,13.0346359],[77.5956201,13.0345993],[77.5955355,13.0342866]]}},{"type":"Feature","properties":{"id":"995099260","name":"","highway":"residential","oneway":"no","maxspeed":""},"geometry":{"type":"LineString","coordinates":[[77.5949458,13.0355509],[77.5945441,13.0356764]]}},{"type":"Feature","properties":{"id":"995099740","name":"","highway":"residential","oneway":"no","maxspeed":""},"geometry":{"type":"LineString","coordinates":[[77.5943784,13.0316539],[77.5943755,13.0317026],[77.5943325,13.0321827]]}},{"type":"Feature","properties":{"id":"995099741","name":"","highway":"residential","oneway":"no","maxspeed":""},"geometry":{"type":"LineString","coordinates":[[77.5946783,13.0318607],[77.5946652,13.0319536],[77.5946112,13.0325583]]}},{"type":"Feature","properties":{"id":"995099742","name":"","highway":"residential","oneway":"no","maxspeed":""},"geometry":{"type":"LineString","coordinates":[[77.5951824,13.0331684],[77.5951373,13.0329784],[77.5950783,13.0326856],[77.5950541,13.0325171]]}},{"type":"Feature","properties":{"id":"995099743","name":"","highway":"residential","oneway":"no","maxspeed":""},"geometry":{"type":"LineString","coordinates":[[77.595317,13.032538],[77.5954431,13.0330255]]}},{"type":"Feature","properties":{"id":"995099744","name":"","highway":"residential","oneway":"no","maxspeed":""},"geometry":{"type":"LineString","coordinates":[[77.5947651,13.0324877],[77.5949008,13.0332029]]}},{"type":"Feature","properties":{"id":"995099745","name":"","highway":"residential","oneway":"no","maxspeed":""},"geometry":{"type":"LineString","coordinates":[[77.5944837,13.0325849],[77.5946115,13.0332608]]}},{"type":"Feature","properties":{"id":"995099746","name":"","highway":"residential","oneway":"no","maxspeed":""},"geometry":{"type":"LineString","coordinates":[[77.5973303,13.0334983],[77.5973083,13.0328568],[77.5973163,13.0326405]]}},{"type":"Feature","properties":{"id":"995099747","name":"","highway":"residential","oneway":"no","maxspeed":""},"geometry":{"type":"LineString","coordinates":[[77.5978269,13.0321566],[77.5978717,13.0326059]]}},{"type":"Feature","properties":{"id":"995100087","name":"","highway":"residential","oneway":"no","maxspeed":""},"geometry":{"type":"LineString","coordinates":[[77.6005458,13.0338094],[77.6006837,13.0345287]]}},{"type":"Feature","properties":{"id":"995100088","name":"","highway":"residential","oneway":"no","maxspeed":""},"geometry":{"type":"LineString","coordinates":[[77.6002346,13.0332969],[77.6003131,13.033841],[77.600405,13.0343675]]}},{"type":"Feature","properties":{"id":"995100089","name":"","highway":"residential","oneway":"no","maxspeed":""},"geometry":{"type":"LineString","coordinates":[[77.5997789,13.0344458],[77.599717,13.0339313]]}},{"type":"Feature","properties":{"id":"995100090","name":"","highway":"residential","oneway":"no","maxspeed":""},"geometry":{"type":"LineString","coordinates":[[77.5999963,13.0335005],[77.5999661,13.0332723]]}},{"type":"Feature","properties":{"id":"995100091","name":"","highway":"residential","oneway":"no","maxspeed":""},"geometry":{"type":"LineString","coordinates":[[77.5999963,13.0335005],[77.6000428,13.0338819]]}},{"type":"Feature","properties":{"id":"995100092","name":"","highway":"residential","oneway":"no","maxspeed":""},"geometry":{"type":"LineString","coordinates":[[77.5992563,13.0333357],[77.5995282,13.0333291],[77.5997085,13.0333121],[77.5998145,13.0333141]]}},{"type":"Feature","properties":{"id":"995100093","name":"","highway":"residential","oneway":"no","maxspeed":""},"geometry":{"type":"LineString","coordinates":[[77.6001631,13.0328847],[77.6001531,13.0327804],[77.6001477,13.0327748]]}},{"type":"Feature","properties":{"id":"995100094","name":"","highway":"residential","oneway":"no","maxspeed":""},"geometry":{"type":"LineString","coordinates":[[77.6006486,13.0334014],[77.6006558,13.0330465],[77.6006261,13.0327255]]}},{"type":"Feature","properties":{"id":"995100095","name":"","highway":"residential","oneway":"no","maxspeed":""},"geometry":{"type":"LineString","coordinates":[[77.6003603,13.0322259],[77.6003419,13.0327523],[77.6003389,13.0328981],[77.6003533,13.0332034],[77.6003525,13.0332775]]}},{"type":"Feature","properties":{"id":"995100096","name":"","highway":"residential","oneway":"no","maxspeed":""},"geometry":{"type":"LineString","coordinates":[[77.6003603,13.0322259],[77.6004728,13.0322012],[77.6008998,13.0321727],[77.6011466,13.0321328]]}},{"type":"Feature","properties":{"id":"995100097","name":"","highway":"residential","oneway":"no","maxspeed":""},"geometry":{"type":"LineString","coordinates":[[77.6004276,13.0316206],[77.6004437,13.0319185]]}},{"type":"Feature","properties":{"id":"995100098","name":"","highway":"residential","oneway":"no","maxspeed":""},"geometry":{"type":"LineString","coordinates":[[77.5993223,13.0317199],[77.5993652,13.0320895]]}},{"type":"Feature","properties":{"id":"995100099","name":"","highway":"residential","oneway":"no","maxspeed":""},"geometry":{"type":"LineString","coordinates":[[77.5986067,13.0315807],[77.5983519,13.031587],[77.5983521,13.0317008],[77.5983767,13.0318697],[77.5983887,13.0320283],[77.5983738,13.0321353]]}},{"type":"Feature","properties":{"id":"995100104","name":"","highway":"residential","oneway":"no","maxspeed":""},"geometry":{"type":"LineString","coordinates":[[77.5903412,13.0395414],[77.59032,13.0393555],[77.5903463,13.039164]]}},{"type":"Feature","properties":{"id":"995100105","name":"","highway":"residential","oneway":"no","maxspeed":""},"geometry":{"type":"LineString","coordinates":[[77.5906784,13.0398452],[77.5904077,13.0398344],[77.590348,13.0398726],[77.5902005,13.0398487],[77.5897307,13.039826]]}},{"type":"Feature","properties":{"id":"995100106","name":"","highway":"residential","oneway":"no","maxspeed":""},"geometry":{"type":"LineString","coordinates":[[77.5912873,13.0388961],[77.5903889,13.038918],[77.5903522,13.0389165]]}},{"type":"Feature","properties":{"id":"995100107","name":"","highway":"residential","oneway":"no","maxspeed":""},"geometry":{"type":"LineString","coordinates":[[77.5903978,13.0386828],[77.5903912,13.038471],[77.5903844,13.0382514]]}},{"type":"Feature","properties":{"id":"995100108","name":"","highway":"residential","oneway":"no","maxspeed":""},"geometry":{"type":"LineString","coordinates":[[77.5910757,13.0378493],[77.5907492,13.0378397],[77.5901499,13.0378356]]}},{"type":"Feature","properties":{"id":"995100109","name":"","highway":"residential","oneway":"no","maxspeed":""},"geometry":{"type":"LineString","coordinates":[[77.5911999,13.0364946],[77.5911338,13.0360783]]}},{"type":"Feature","properties":{"id":"995100112","name":"","highway":"residential","oneway":"no","maxspeed":""},"geometry":{"type":"LineString","coordinates":[[77.6057694,13.0362053],[77.6056737,13.0357973]]}},{"type":"Feature","properties":{"id":"995100113","name":"","highway":"residential","oneway":"no","maxspeed":""},"geometry":{"type":"LineString","coordinates":[[77.6054605,13.0358653],[77.6055515,13.0362603]]}},{"type":"Feature","properties":{"id":"995100114","name":"","highway":"residential","oneway":"no","maxspeed":""},"geometry":{"type":"LineString","coordinates":[[77.6058615,13.0352102],[77.6064882,13.0351593]]}},{"type":"Feature","properties":{"id":"995100115","name":"","highway":"residential","oneway":"no","maxspeed":""},"geometry":{"type":"LineString","coordinates":[[77.6058615,13.0352102],[77.6055604,13.0352194],[77.6055445,13.0348184]]}},{"type":"Feature","properties":{"id":"995100116","name":"","highway":"residential","oneway":"no","maxspeed":""},"geometry":{"type":"LineString","coordinates":[[77.6058615,13.0352102],[77.6058548,13.0348092]]}},{"type":"Feature","properties":{"id":"995100756","name":"","highway":"residential","oneway":"no","maxspeed":""},"geometry":{"type":"LineString","coordinates":[[77.6062973,13.0355973],[77.6064627,13.0361871]]}},{"type":"Feature","properties":{"id":"995100757","name":"","highway":"residential","oneway":"no","maxspeed":""},"geometry":{"type":"LineString","coordinates":[[77.6058708,13.0320296],[77.6056731,13.0313699]]}},{"type":"Feature","properties":{"id":"995100758","name":"","highway":"residential","oneway":"no","maxspeed":""},"geometry":{"type":"LineString","coordinates":[[77.6051413,13.0327962],[77.6056072,13.0328102]]}},{"type":"Feature","properties":{"id":"995100759","name":"","highway":"residential","oneway":"no","maxspeed":""},"geometry":{"type":"LineString","coordinates":[[77.6071289,13.0335808],[77.6065958,13.0336905],[77.6063346,13.033743]]}},{"type":"Feature","properties":{"id":"995100760","name":"","highway":"residential","oneway":"no","maxspeed":""},"geometry":{"type":"LineString","coordinates":[[77.607053,13.0332867],[77.6069686,13.0329175],[77.6069243,13.032696]]}},{"type":"Feature","properties":{"id":"995100761","name":"","highway":"residential","oneway":"no","maxspeed":""},"geometry":{"type":"LineString","coordinates":[[77.6072,13.0338637],[77.6073129,13.0344159]]}},{"type":"Feature","properties":{"id":"995100762","name":"","highway":"residential","oneway":"no","maxspeed":""},"geometry":{"type":"LineString","coordinates":[[77.6071289,13.0335808],[77.6072393,13.0335593],[77.6072475,13.0335511],[77.6072496,13.0335374],[77.6072221,13.0334385]]}},{"type":"Feature","properties":{"id":"995100782","name":"","highway":"residential","oneway":"no","maxspeed":""},"geometry":{"type":"LineString","coordinates":[[77.6072823,13.0326031],[77.607523,13.0336165]]}},{"type":"Feature","properties":{"id":"995100783","name":"","highway":"residential","oneway":"no","maxspeed":""},"geometry":{"type":"LineString","coordinates":[[77.6071141,13.0317991],[77.6070003,13.0313631]]}},{"type":"Feature","properties":{"id":"995100784","name":"","highway":"residential","oneway":"no","maxspeed":""},"geometry":{"type":"LineString","coordinates":[[77.6080224,13.0320351],[77.6079281,13.0316126]]}},{"type":"Feature","properties":{"id":"995100785","name":"","highway":"residential","oneway":"no","maxspeed":""},"geometry":{"type":"LineString","coordinates":[[77.6077895,13.0335293],[77.6075619,13.0325322]]}},{"type":"Feature","properties":{"id":"995101016","name":"","highway":"residential","oneway":"no","maxspeed":""},"geometry":{"type":"LineString","coordinates":[[77.5967716,13.0342706],[77.5970204,13.0342445],[77.5972726,13.0342236]]}},{"type":"Feature","properties":{"id":"995101017","name":"","highway":"residential","oneway":"no","maxspeed":""},"geometry":{"type":"LineString","coordinates":[[77.5992125,13.0366621],[77.5992207,13.0362597]]}},{"type":"Feature","properties":{"id":"995442657","name":"","highway":"residential","oneway":"no","maxspeed":""},"geometry":{"type":"LineString","coordinates":[[77.6106759,13.0503882],[77.6106418,13.0502674],[77.6106888,13.0502073]]}},{"type":"Feature","properties":{"id":"995442665","name":"","highway":"residential","oneway":"no","maxspeed":""},"geometry":{"type":"LineString","coordinates":[[77.6095713,13.0360001],[77.6102212,13.0358717],[77.6104309,13.0358406],[77.6103615,13.0355357],[77.6103456,13.0354696],[77.6102911,13.0352598],[77.6102213,13.0349553]]}},{"type":"Feature","properties":{"id":"995442666","name":"MIA Road","highway":"residential","oneway":"no","maxspeed":""},"geometry":{"type":"LineString","coordinates":[[77.6102489,13.0355696],[77.6095102,13.0357007]]}},{"type":"Feature","properties":{"id":"995442667","name":"","highway":"residential","oneway":"no","maxspeed":""},"geometry":{"type":"LineString","coordinates":[[77.6099772,13.0353169],[77.6094499,13.0354135]]}},{"type":"Feature","properties":{"id":"995442668","name":"4th B Cross Road","highway":"residential","oneway":"no","maxspeed":""},"geometry":{"type":"LineString","coordinates":[[77.6102213,13.0349553],[77.609383,13.0351397]]}},{"type":"Feature","properties":{"id":"995442669","name":"4th B Cross Road","highway":"residential","oneway":"no","maxspeed":""},"geometry":{"type":"LineString","coordinates":[[77.6102213,13.0349553],[77.6102816,13.0349424],[77.6104537,13.034911],[77.6105222,13.03491]]}},{"type":"Feature","properties":{"id":"995442670","name":"","highway":"residential","oneway":"no","maxspeed":""},"geometry":{"type":"LineString","coordinates":[[77.6075992,13.0351211],[77.6075517,13.0348579]]}},{"type":"Feature","properties":{"id":"995442671","name":"","highway":"residential","oneway":"no","maxspeed":""},"geometry":{"type":"LineString","coordinates":[[77.6080475,13.0336764],[77.6081898,13.0342397]]}},{"type":"Feature","properties":{"id":"995442672","name":"","highway":"residential","oneway":"no","maxspeed":""},"geometry":{"type":"LineString","coordinates":[[77.6086403,13.0335475],[77.6086959,13.0338323],[77.6087559,13.0341315]]}},{"type":"Feature","properties":{"id":"995442673","name":"","highway":"residential","oneway":"no","maxspeed":""},"geometry":{"type":"LineString","coordinates":[[77.6105591,13.0332507],[77.6105593,13.0337472]]}},{"type":"Feature","properties":{"id":"995442674","name":"","highway":"residential","oneway":"no","maxspeed":""},"geometry":{"type":"LineString","coordinates":[[77.6108013,13.0332495],[77.6108221,13.0337278]]}},{"type":"Feature","properties":{"id":"995442675","name":"","highway":"residential","oneway":"no","maxspeed":""},"geometry":{"type":"LineString","coordinates":[[77.6111547,13.0336674],[77.6111172,13.0331539]]}},{"type":"Feature","properties":{"id":"995442676","name":"","highway":"residential","oneway":"no","maxspeed":""},"geometry":{"type":"LineString","coordinates":[[77.6104593,13.0328598],[77.6103774,13.0325741],[77.6102671,13.0320456]]}},{"type":"Feature","properties":{"id":"995442677","name":"","highway":"residential","oneway":"no","maxspeed":""},"geometry":{"type":"LineString","coordinates":[[77.6079727,13.0331265],[77.6079063,13.0328565],[77.6078063,13.0324673]]}},{"type":"Feature","properties":{"id":"995442678","name":"","highway":"residential","oneway":"no","maxspeed":""},"geometry":{"type":"LineString","coordinates":[[77.6084117,13.0330372],[77.6080708,13.0331322]]}},{"type":"Feature","properties":{"id":"995442679","name":"","highway":"residential","oneway":"no","maxspeed":""},"geometry":{"type":"LineString","coordinates":[[77.6079063,13.0328565],[77.6083297,13.0327527]]}},{"type":"Feature","properties":{"id":"995442681","name":"1st Main Road","highway":"residential","oneway":"no","maxspeed":""},"geometry":{"type":"LineString","coordinates":[[77.6114882,13.0325957],[77.6123976,13.0322922]]}},{"type":"Feature","properties":{"id":"995442682","name":"","highway":"residential","oneway":"no","maxspeed":""},"geometry":{"type":"LineString","coordinates":[[77.6123642,13.0325007],[77.6114616,13.0327962]]}},{"type":"Feature","properties":{"id":"995442683","name":"","highway":"residential","oneway":"no","maxspeed":""},"geometry":{"type":"LineString","coordinates":[[77.6092102,13.0319729],[77.6093095,13.0322957]]}},{"type":"Feature","properties":{"id":"995442685","name":"","highway":"residential","oneway":"no","maxspeed":""},"geometry":{"type":"LineString","coordinates":[[77.6088903,13.0313677],[77.6089741,13.0316388]]}},{"type":"Feature","properties":{"id":"995444220","name":"","highway":"residential","oneway":"no","maxspeed":""},"geometry":{"type":"LineString","coordinates":[[77.6140766,13.0311604],[77.6143527,13.0316621]]}},{"type":"Feature","properties":{"id":"995444229","name":"","highway":"residential","oneway":"no","maxspeed":""},"geometry":{"type":"LineString","coordinates":[[77.6156473,13.0325865],[77.6159214,13.032477]]}},{"type":"Feature","properties":{"id":"995444232","name":"","highway":"residential","oneway":"no","maxspeed":""},"geometry":{"type":"LineString","coordinates":[[77.6165591,13.0323401],[77.6169877,13.0322149]]}},{"type":"Feature","properties":{"id":"995444235","name":"","highway":"residential","oneway":"no","maxspeed":""},"geometry":{"type":"LineString","coordinates":[[77.6073878,13.0317468],[77.6074871,13.0321522]]}},{"type":"Feature","properties":{"id":"995444236","name":"","highway":"residential","oneway":"no","maxspeed":""},"geometry":{"type":"LineString","coordinates":[[77.6052256,13.031846],[77.6052779,13.0318403],[77.6054829,13.0318089]]}},{"type":"Feature","properties":{"id":"995444239","name":"","highway":"residential","oneway":"no","maxspeed":""},"geometry":{"type":"LineString","coordinates":[[77.6125677,13.048307],[77.6125508,13.0482342]]}},{"type":"Feature","properties":{"id":"995444241","name":"","highway":"residential","oneway":"no","maxspeed":""},"geometry":{"type":"LineString","coordinates":[[77.617917,13.0490106],[77.6181082,13.0490026]]}},{"type":"Feature","properties":{"id":"995445923","name":"","highway":"residential","oneway":"no","maxspeed":""},"geometry":{"type":"LineString","coordinates":[[77.6062135,13.0373853],[77.6062654,13.0376509]]}},{"type":"Feature","properties":{"id":"995445932","name":"","highway":"residential","oneway":"no","maxspeed":""},"geometry":{"type":"LineString","coordinates":[[77.6127699,13.034675],[77.6127538,13.0342874],[77.6129255,13.0342822]]}},{"type":"Feature","properties":{"id":"995445933","name":"","highway":"residential","oneway":"no","maxspeed":""},"geometry":{"type":"LineString","coordinates":[[77.6136714,13.0342717],[77.6134362,13.0342678]]}},{"type":"Feature","properties":{"id":"995445934","name":"","highway":"residential","oneway":"no","maxspeed":""},"geometry":{"type":"LineString","coordinates":[[77.6150802,13.0346994],[77.6149257,13.0347762],[77.614853,13.0347832]]}},{"type":"Feature","properties":{"id":"995445935","name":"","highway":"residential","oneway":"no","maxspeed":""},"geometry":{"type":"LineString","coordinates":[[77.6119382,13.0344547],[77.6120026,13.0348053]]}},{"type":"Feature","properties":{"id":"995445937","name":"","highway":"residential","oneway":"no","maxspeed":""},"geometry":{"type":"LineString","coordinates":[[77.6126109,13.0355129],[77.6122511,13.0355953],[77.6119113,13.0356731]]}},{"type":"Feature","properties":{"id":"995445938","name":"","highway":"residential","oneway":"no","maxspeed":""},"geometry":{"type":"LineString","coordinates":[[77.6119328,13.0358927],[77.6125458,13.0357468],[77.6126772,13.0357155]]}},{"type":"Feature","properties":{"id":"995445939","name":"","highway":"residential","oneway":"no","maxspeed":""},"geometry":{"type":"LineString","coordinates":[[77.6123303,13.0360526],[77.6122011,13.0360758],[77.6120831,13.0361228],[77.6121367,13.0363529],[77.6121582,13.0364157]]}},{"type":"Feature","properties":{"id":"995445941","name":"","highway":"residential","oneway":"no","maxspeed":""},"geometry":{"type":"LineString","coordinates":[[77.6165971,13.0356212],[77.6169143,13.0355373]]}},{"type":"Feature","properties":{"id":"995445942","name":"","highway":"residential","oneway":"no","maxspeed":""},"geometry":{"type":"LineString","coordinates":[[77.6170595,13.0357942],[77.6171319,13.0357827],[77.6172012,13.0357704]]}},{"type":"Feature","properties":{"id":"995445943","name":"","highway":"residential","oneway":"no","maxspeed":""},"geometry":{"type":"LineString","coordinates":[[77.6146129,13.0371919],[77.6148133,13.0371386]]}},{"type":"Feature","properties":{"id":"995445944","name":"","highway":"residential","oneway":"no","maxspeed":""},"geometry":{"type":"LineString","coordinates":[[77.6120624,13.0411237],[77.6120192,13.0405968]]}},{"type":"Feature","properties":{"id":"995445947","name":"","highway":"residential","oneway":"no","maxspeed":""},"geometry":{"type":"LineString","coordinates":[[77.6159361,13.0341262],[77.616109,13.0340807]]}},{"type":"Feature","properties":{"id":"995446634","name":"","highway":"residential","oneway":"no","maxspeed":""},"geometry":{"type":"LineString","coordinates":[[77.6172224,13.0324179],[77.6173662,13.0323525]]}},{"type":"Feature","properties":{"id":"995446635","name":"","highway":"residential","oneway":"no","maxspeed":""},"geometry":{"type":"LineString","coordinates":[[77.6197318,13.0323227],[77.6199564,13.0322587]]}},{"type":"Feature","properties":{"id":"995446641","name":"","highway":"residential","oneway":"no","maxspeed":""},"geometry":{"type":"LineString","coordinates":[[77.6189909,13.0344705],[77.618787,13.0339561]]}},{"type":"Feature","properties":{"id":"995446642","name":"","highway":"residential","oneway":"no","maxspeed":""},"geometry":{"type":"LineString","coordinates":[[77.6180886,13.0349225],[77.6184245,13.0348666]]}},{"type":"Feature","properties":{"id":"995446645","name":"","highway":"residential","oneway":"no","maxspeed":""},"geometry":{"type":"LineString","coordinates":[[77.6210367,13.0351058],[77.6211505,13.0354198]]}},{"type":"Feature","properties":{"id":"995446649","name":"","highway":"residential","oneway":"no","maxspeed":""},"geometry":{"type":"LineString","coordinates":[[77.6207796,13.0341186],[77.6210379,13.0340191],[77.6211319,13.0339856]]}},{"type":"Feature","properties":{"id":"995446659","name":"","highway":"residential","oneway":"no","maxspeed":""},"geometry":{"type":"LineString","coordinates":[[77.6229565,13.0398782],[77.623273,13.0398887]]}},{"type":"Feature","properties":{"id":"995446664","name":"","highway":"residential","oneway":"no","maxspeed":""},"geometry":{"type":"LineString","coordinates":[[77.6180061,13.0486132],[77.618178,13.0486001]]}},{"type":"Feature","properties":{"id":"995447043","name":"","highway":"residential","oneway":"no","maxspeed":""},"geometry":{"type":"LineString","coordinates":[[77.6239602,13.0514558],[77.6239424,13.0507184]]}},{"type":"Feature","properties":{"id":"995447050","name":"","highway":"residential","oneway":"no","maxspeed":""},"geometry":{"type":"LineString","coordinates":[[77.6221472,13.0361781],[77.6222695,13.0366879]]}},{"type":"Feature","properties":{"id":"995447057","name":"","highway":"residential","oneway":"no","maxspeed":""},"geometry":{"type":"LineString","coordinates":[[77.620842,13.031972],[77.6207869,13.0318634]]}},{"type":"Feature","properties":{"id":"995448483","name":"","highway":"service","oneway":"no","maxspeed":""},"geometry":{"type":"LineString","coordinates":[[77.615225,13.0526429],[77.6153848,13.0526347]]}},{"type":"Feature","properties":{"id":"995449263","name":"","highway":"residential","oneway":"no","maxspeed":""},"geometry":{"type":"LineString","coordinates":[[77.6034549,13.0386657],[77.604177,13.0385806]]}},{"type":"Feature","properties":{"id":"995449264","name":"","highway":"residential","oneway":"no","maxspeed":""},"geometry":{"type":"LineString","coordinates":[[77.6054846,13.038451],[77.6052807,13.0384868],[77.6051545,13.0385089]]}},{"type":"Feature","properties":{"id":"1000045551","name":"Vasathi Avante Apartments Road","highway":"residential","oneway":"no","maxspeed":"20"},"geometry":{"type":"LineString","coordinates":[[77.6222128,13.0609233],[77.6221406,13.060741],[77.6221307,13.0606105],[77.6221268,13.0605957],[77.6221166,13.0605832],[77.6220982,13.0605742],[77.6218632,13.0605911],[77.6218437,13.0605971],[77.6218343,13.060612],[77.6218277,13.060635],[77.6218312,13.060753],[77.6218292,13.0607888],[77.621823,13.0608161],[77.6218081,13.0608505],[77.6218034,13.061016],[77.6217907,13.0610832],[77.6218,13.0612407],[77.621809,13.0612961],[77.62182,13.0613098],[77.621839,13.0613211],[77.6218716,13.0613304],[77.6221636,13.0613107],[77.6221892,13.0613039],[77.6222142,13.0612913],[77.6222344,13.0612734],[77.6222419,13.0612509],[77.6222305,13.06107],[77.6222128,13.0609233]]}},{"type":"Feature","properties":{"id":"1000045784","name":"Vasathi Avante Apartments Road","highway":"residential","oneway":"no","maxspeed":"20"},"geometry":{"type":"LineString","coordinates":[[77.6224019,13.0605731],[77.6224315,13.0608317],[77.6224372,13.0608573],[77.6224657,13.0608732],[77.6225224,13.0608703],[77.6228412,13.0608423],[77.6228566,13.0608347],[77.6228652,13.0608148],[77.6228422,13.06051],[77.622839,13.0604872],[77.6228249,13.0604655],[77.6227934,13.0604531],[77.622551,13.0604752],[77.6224757,13.06048],[77.6224484,13.0604855],[77.6224192,13.0604986],[77.6224025,13.0605157],[77.6224019,13.0605731]]}},{"type":"Feature","properties":{"id":"1000046298","name":"Vasathi Avante Apartments Road","highway":"residential","oneway":"no","maxspeed":"20"},"geometry":{"type":"LineString","coordinates":[[77.6222793,13.0605791],[77.6224019,13.0605731]]}},{"type":"Feature","properties":{"id":"1000046299","name":"Vasathi Avante Apartments Road","highway":"residential","oneway":"no","maxspeed":"20"},"geometry":{"type":"LineString","coordinates":[[77.6223125,13.0609131],[77.6222128,13.0609233]]}},{"type":"Feature","properties":{"id":"1012719545","name":"","highway":"service","oneway":"no","maxspeed":""},"geometry":{"type":"LineString","coordinates":[[77.6167731,13.0480003],[77.6183036,13.0477668],[77.6183492,13.0476989],[77.6183065,13.0474501],[77.6182197,13.0469441],[77.6181775,13.0466981],[77.6179871,13.0457365],[77.617743,13.0444379],[77.6175482,13.0444812],[77.6169123,13.0446225],[77.6163335,13.0447511],[77.6161161,13.0448462],[77.6158679,13.0446856],[77.6156998,13.0446338],[77.6152501,13.0446984]]}},{"type":"Feature","properties":{"id":"1034261993","name":"Flyover","highway":"tertiary","oneway":"yes","maxspeed":""},"geometry":{"type":"LineString","coordinates":[[77.6217771,13.0411207],[77.6213545,13.0411006],[77.6213029,13.0411087],[77.6212534,13.0411251],[77.6212074,13.0411494],[77.6211662,13.0411808],[77.6211348,13.0412136],[77.6211088,13.0412506],[77.6210886,13.041291],[77.6210748,13.0413337],[77.6210676,13.041378],[77.6210595,13.0414486],[77.6210559,13.041548],[77.6210448,13.0418536],[77.6210327,13.0420816]]}},{"type":"Feature","properties":{"id":"1034694151","name":"","highway":"residential","oneway":"no","maxspeed":""},"geometry":{"type":"LineString","coordinates":[[77.6178604,13.0525079],[77.6177414,13.0524979],[77.6176725,13.052491],[77.6177103,13.052307],[77.6176925,13.0522852],[77.6176109,13.0522608],[77.6175923,13.0522495],[77.617583,13.0522263],[77.6176352,13.051949],[77.6177027,13.0518479],[77.6177109,13.0518199],[77.6177103,13.051787],[77.6176379,13.0516197],[77.6176187,13.0515973],[77.617588,13.0516027],[77.617308,13.0516851],[77.6172813,13.0516901],[77.6171687,13.0516756],[77.6171546,13.0516627],[77.6168091,13.0517426],[77.6162704,13.051666],[77.616238,13.0516719],[77.6162248,13.0516906],[77.6161836,13.0518336],[77.6161871,13.0518796],[77.6162032,13.051905],[77.6164107,13.0519447],[77.6164282,13.0519813],[77.6164088,13.0521687],[77.6163862,13.0521986],[77.6161425,13.0522871],[77.6161248,13.0523123],[77.6161164,13.0523371],[77.6161565,13.0525211],[77.6161695,13.052554],[77.6161973,13.0525796],[77.6162458,13.0525911],[77.616458,13.0525229],[77.6166514,13.052548],[77.6169373,13.0524738],[77.6170135,13.0524608],[77.6170656,13.0524494],[77.6171213,13.0524456],[77.6171864,13.0524449],[77.6175564,13.0524811],[77.6176372,13.0524867],[77.6176725,13.052491]]}},{"type":"Feature","properties":{"id":"1039220835","name":"2nd Cross Road","highway":"residential","oneway":"no","maxspeed":""},"geometry":{"type":"LineString","coordinates":[[77.6248064,13.04183],[77.6244396,13.0420034],[77.6243226,13.042051],[77.6242203,13.0421048],[77.6242137,13.0421129],[77.6242113,13.0421245],[77.6242094,13.0421352],[77.6242099,13.0421477]]}},{"type":"Feature","properties":{"id":"1039220836","name":"Thanisandra Main Road","highway":"primary","oneway":"yes","maxspeed":""},"geometry":{"type":"LineString","coordinates":[[77.6248755,13.0418064],[77.6248204,13.0416525],[77.6247288,13.0413501],[77.6245285,13.0407038],[77.6244573,13.0404899],[77.6244437,13.0404491],[77.6244106,13.0403525]]}},{"type":"Feature","properties":{"id":"1040122066","name":"A P J Abdul Kalam Road","highway":"tertiary","oneway":"yes","maxspeed":""},"geometry":{"type":"LineString","coordinates":[[77.6207407,13.0324511],[77.6208194,13.0324205],[77.6210199,13.0323427],[77.6213324,13.0322049],[77.6217789,13.032025],[77.6218007,13.0320161]]}},{"type":"Feature","properties":{"id":"1040122067","name":"A P J Abdul Kalam Road","highway":"tertiary","oneway":"yes","maxspeed":""},"geometry":{"type":"LineString","coordinates":[[77.62177,13.0319501],[77.6213083,13.0321519],[77.6209905,13.0322814],[77.6207141,13.0323954],[77.62031,13.0325578],[77.6202403,13.0326208]]}},{"type":"Feature","properties":{"id":"1040122068","name":"","highway":"residential","oneway":"no","maxspeed":""},"geometry":{"type":"LineString","coordinates":[[77.6207407,13.0324511],[77.6207141,13.0323954]]}},{"type":"Feature","properties":{"id":"1040162762","name":"","highway":"residential","oneway":"no","maxspeed":""},"geometry":{"type":"LineString","coordinates":[[77.6122362,13.0478378],[77.6133791,13.0481163]]}},{"type":"Feature","properties":{"id":"1040899012","name":"","highway":"service","oneway":"no","maxspeed":""},"geometry":{"type":"LineString","coordinates":[[77.5931088,13.0611469],[77.5928304,13.0611162],[77.5926341,13.0610789],[77.592549,13.0610701],[77.5924592,13.0610711]]}},{"type":"Feature","properties":{"id":"1040899013","name":"","highway":"service","oneway":"no","maxspeed":""},"geometry":{"type":"LineString","coordinates":[[77.5923033,13.0612253],[77.5923527,13.0612076],[77.592368,13.0611979],[77.5923802,13.061185],[77.5923998,13.06116],[77.5924592,13.0610711],[77.5924029,13.0610773],[77.5921383,13.0611284]]}},{"type":"Feature","properties":{"id":"1040899014","name":"","highway":"service","oneway":"no","maxspeed":""},"geometry":{"type":"LineString","coordinates":[[77.5915475,13.0640094],[77.591564,13.0640561],[77.591386,13.0641035],[77.5912341,13.0637001],[77.5911073,13.0637171],[77.5910579,13.0635582],[77.591048,13.0635262],[77.5910304,13.0634629]]}},{"type":"Feature","properties":{"id":"1055435587","name":"","highway":"residential","oneway":"no","maxspeed":""},"geometry":{"type":"LineString","coordinates":[[77.6134474,13.0345705],[77.6131564,13.0346076],[77.6127699,13.034675]]}},{"type":"Feature","properties":{"id":"1055662112","name":"A P J Abdul Kalam Road","highway":"tertiary","oneway":"yes","maxspeed":""},"geometry":{"type":"LineString","coordinates":[[77.6202403,13.0326208],[77.6203277,13.0326115],[77.6207407,13.0324511]]}},{"type":"Feature","properties":{"id":"1057783541","name":"","highway":"residential","oneway":"no","maxspeed":""},"geometry":{"type":"LineString","coordinates":[[77.6140087,13.0324582],[77.6145753,13.0322689]]}},{"type":"Feature","properties":{"id":"1057783544","name":"Veerannapalya Flyover","highway":"trunk","oneway":"yes","maxspeed":"40"},"geometry":{"type":"LineString","coordinates":[[77.6110671,13.0426834],[77.6103635,13.0428674]]}},{"type":"Feature","properties":{"id":"1057850334","name":"","highway":"residential","oneway":"no","maxspeed":""},"geometry":{"type":"LineString","coordinates":[[77.6204459,13.0527408],[77.6203393,13.052791]]}},{"type":"Feature","properties":{"id":"1057850336","name":"","highway":"service","oneway":"no","maxspeed":""},"geometry":{"type":"LineString","coordinates":[[77.6203704,13.0531674],[77.6205278,13.0531674]]}},{"type":"Feature","properties":{"id":"1057850341","name":"","highway":"residential","oneway":"no","maxspeed":""},"geometry":{"type":"LineString","coordinates":[[77.610973,13.0547788],[77.6109993,13.0546326]]}},{"type":"Feature","properties":{"id":"1057853313","name":"","highway":"residential","oneway":"no","maxspeed":""},"geometry":{"type":"LineString","coordinates":[[77.6242906,13.0551984],[77.6242774,13.0553111]]}},{"type":"Feature","properties":{"id":"1057853316","name":"","highway":"residential","oneway":"no","maxspeed":""},"geometry":{"type":"LineString","coordinates":[[77.6096693,13.0552319],[77.60968,13.0555207]]}},{"type":"Feature","properties":{"id":"1057853317","name":"","highway":"residential","oneway":"no","maxspeed":""},"geometry":{"type":"LineString","coordinates":[[77.608999,13.0566324],[77.6092586,13.056585]]}},{"type":"Feature","properties":{"id":"1057853323","name":"","highway":"living_street","oneway":"no","maxspeed":""},"geometry":{"type":"LineString","coordinates":[[77.6243742,13.0581267],[77.62442,13.058279],[77.6244641,13.0584612],[77.6245009,13.0585764]]}},{"type":"Feature","properties":{"id":"1057853325","name":"","highway":"residential","oneway":"no","maxspeed":""},"geometry":{"type":"LineString","coordinates":[[77.6090149,13.0590358],[77.6085857,13.0591246],[77.6082952,13.0591582]]}},{"type":"Feature","properties":{"id":"1057853326","name":"","highway":"residential","oneway":"no","maxspeed":""},"geometry":{"type":"LineString","coordinates":[[77.6091315,13.0593941],[77.6086565,13.0594486],[77.6086475,13.0594785],[77.6086393,13.0595897],[77.6086215,13.0596278],[77.6085696,13.0596472],[77.6082072,13.0596681]]}},{"type":"Feature","properties":{"id":"1057853327","name":"","highway":"residential","oneway":"no","maxspeed":""},"geometry":{"type":"LineString","coordinates":[[77.6090149,13.0590358],[77.6091331,13.0589945]]}},{"type":"Feature","properties":{"id":"1057853328","name":"","highway":"residential","oneway":"no","maxspeed":""},"geometry":{"type":"LineString","coordinates":[[77.6082034,13.0600287],[77.6087305,13.0599869]]}},{"type":"Feature","properties":{"id":"1057853329","name":"","highway":"residential","oneway":"no","maxspeed":""},"geometry":{"type":"LineString","coordinates":[[77.6083335,13.0608596],[77.6085267,13.0608648],[77.6088915,13.060823],[77.6094827,13.0607969]]}},{"type":"Feature","properties":{"id":"1057853330","name":"","highway":"residential","oneway":"no","maxspeed":""},"geometry":{"type":"LineString","coordinates":[[77.6094178,13.0611164],[77.6083335,13.0611366]]}},{"type":"Feature","properties":{"id":"1057853331","name":"","highway":"residential","oneway":"no","maxspeed":""},"geometry":{"type":"LineString","coordinates":[[77.6093783,13.0613978],[77.6083228,13.0614135]]}},{"type":"Feature","properties":{"id":"1057853332","name":"","highway":"residential","oneway":"no","maxspeed":""},"geometry":{"type":"LineString","coordinates":[[77.6103035,13.0613026],[77.6102904,13.0610663]]}},{"type":"Feature","properties":{"id":"1057853334","name":"","highway":"residential","oneway":"no","maxspeed":""},"geometry":{"type":"LineString","coordinates":[[77.6204938,13.0623287],[77.6211037,13.0623001]]}},{"type":"Feature","properties":{"id":"1057853335","name":"","highway":"residential","oneway":"no","maxspeed":""},"geometry":{"type":"LineString","coordinates":[[77.6112576,13.0623377],[77.6112551,13.0622752]]}},{"type":"Feature","properties":{"id":"1057853336","name":"","highway":"residential","oneway":"no","maxspeed":""},"geometry":{"type":"LineString","coordinates":[[77.6097517,13.0621457],[77.6101482,13.0620852],[77.6103185,13.0620596],[77.6108301,13.0619826],[77.6108743,13.0619374],[77.6108613,13.0618334],[77.6108393,13.0616625],[77.6108073,13.0615511],[77.6107362,13.0615345],[77.610267,13.061602],[77.6097079,13.0616824],[77.609648,13.0617166],[77.6096373,13.0618054],[77.6096266,13.0619204],[77.6096282,13.0619969],[77.6096427,13.0620667],[77.6096927,13.0621116],[77.6097517,13.0621457]]}},{"type":"Feature","properties":{"id":"1057853337","name":"","highway":"residential","oneway":"no","maxspeed":""},"geometry":{"type":"LineString","coordinates":[[77.6078453,13.062605],[77.6082047,13.0625684],[77.6087574,13.0624378],[77.6092257,13.0624325]]}},{"type":"Feature","properties":{"id":"1057853338","name":"","highway":"residential","oneway":"no","maxspeed":""},"geometry":{"type":"LineString","coordinates":[[77.6078864,13.0621945],[77.6078614,13.062328],[77.6078453,13.062605],[77.6078866,13.0628455]]}},{"type":"Feature","properties":{"id":"1058329910","name":"","highway":"residential","oneway":"no","maxspeed":""},"geometry":{"type":"LineString","coordinates":[[77.608885,13.0642919],[77.6085967,13.0642621],[77.6081846,13.0642195],[77.6077326,13.0641727]]}},{"type":"Feature","properties":{"id":"1063129862","name":"","highway":"living_street","oneway":"no","maxspeed":""},"geometry":{"type":"LineString","coordinates":[[77.6127785,13.0398133],[77.6128278,13.0403523]]}},{"type":"Feature","properties":{"id":"1065048409","name":"","highway":"service","oneway":"no","maxspeed":""},"geometry":{"type":"LineString","coordinates":[[77.6015985,13.0435195],[77.6016013,13.0434635],[77.6016011,13.043434],[77.6016148,13.0430244]]}},{"type":"Feature","properties":{"id":"1073384218","name":"Outer Ring Road","highway":"trunk","oneway":"yes","maxspeed":"60"},"geometry":{"type":"LineString","coordinates":[[77.5908044,13.0427244],[77.5906305,13.0427065],[77.5905633,13.0426923],[77.5905051,13.0426897],[77.5902393,13.0427099]]}},{"type":"Feature","properties":{"id":"1073384219","name":"Outer Ring Road","highway":"trunk","oneway":"yes","maxspeed":"60"},"geometry":{"type":"LineString","coordinates":[[77.6198433,13.0411292],[77.6199234,13.0411317],[77.6201412,13.0411385],[77.6204108,13.041146],[77.6211224,13.0411657],[77.6219831,13.0412015],[77.6222759,13.0412139],[77.6223149,13.0412142]]}},{"type":"Feature","properties":{"id":"1073384220","name":"","highway":"tertiary","oneway":"yes","maxspeed":""},"geometry":{"type":"LineString","coordinates":[[77.6191906,13.041208],[77.6193661,13.0412097],[77.6197144,13.041213],[77.6198378,13.041219]]}},{"type":"Feature","properties":{"id":"1078205428","name":"","highway":"residential","oneway":"no","maxspeed":""},"geometry":{"type":"LineString","coordinates":[[77.5996779,13.0678267],[77.5993837,13.0678888],[77.5990286,13.0679621],[77.5988529,13.0671439],[77.5992052,13.0670752],[77.5993837,13.0678888]]}},{"type":"Feature","properties":{"id":"1078433947","name":"","highway":"residential","oneway":"no","maxspeed":""},"geometry":{"type":"LineString","coordinates":[[77.5899654,13.065402],[77.5900497,13.0653577],[77.5901662,13.0653128],[77.5902611,13.0653128],[77.5903208,13.0653857]]}},{"type":"Feature","properties":{"id":"1079474149","name":"","highway":"residential","oneway":"no","maxspeed":""},"geometry":{"type":"LineString","coordinates":[[77.5950047,13.0387066],[77.59503,13.0387121],[77.5951742,13.0387151]]}},{"type":"Feature","properties":{"id":"1079474150","name":"","highway":"residential","oneway":"no","maxspeed":""},"geometry":{"type":"LineString","coordinates":[[77.59503,13.0387121],[77.5950355,13.0390106],[77.5950463,13.0390612]]}},{"type":"Feature","properties":{"id":"1079474151","name":"","highway":"residential","oneway":"no","maxspeed":""},"geometry":{"type":"LineString","coordinates":[[77.5950355,13.0390106],[77.5953079,13.0390036]]}},{"type":"Feature","properties":{"id":"1079689328","name":"","highway":"residential","oneway":"no","maxspeed":""},"geometry":{"type":"LineString","coordinates":[[77.5951026,13.036609],[77.5950458,13.0361812]]}},{"type":"Feature","properties":{"id":"1079689329","name":"","highway":"residential","oneway":"no","maxspeed":""},"geometry":{"type":"LineString","coordinates":[[77.5947814,13.0368667],[77.5947672,13.0367085],[77.5947639,13.0365472],[77.594701,13.0362963]]}},{"type":"Feature","properties":{"id":"1080518522","name":"","highway":"trunk_link","oneway":"no","maxspeed":""},"geometry":{"type":"LineString","coordinates":[[77.600331,13.043885],[77.6003273,13.0437559]]}},{"type":"Feature","properties":{"id":"1081121933","name":"","highway":"service","oneway":"no","maxspeed":""},"geometry":{"type":"LineString","coordinates":[[77.5874625,13.0566257],[77.5880307,13.0567042]]}},{"type":"Feature","properties":{"id":"1082241841","name":"","highway":"residential","oneway":"no","maxspeed":""},"geometry":{"type":"LineString","coordinates":[[77.5923723,13.0669394],[77.5924024,13.0666653]]}},{"type":"Feature","properties":{"id":"1082248452","name":"","highway":"residential","oneway":"no","maxspeed":""},"geometry":{"type":"LineString","coordinates":[[77.59472,13.0490587],[77.5947244,13.0491182],[77.5947272,13.049205]]}},{"type":"Feature","properties":{"id":"1083449782","name":"Kempegowda Road","highway":"tertiary","oneway":"no","maxspeed":""},"geometry":{"type":"LineString","coordinates":[[77.6140815,13.0661875],[77.6136153,13.0673118],[77.6134096,13.0675404],[77.6131811,13.0677095]]}},{"type":"Feature","properties":{"id":"1083449783","name":"Kempegowda Road","highway":"tertiary","oneway":"no","maxspeed":""},"geometry":{"type":"LineString","coordinates":[[77.611513,13.0679257],[77.6113853,13.0679383],[77.610416,13.0680467],[77.6104067,13.0680477],[77.6103418,13.0680298],[77.6102742,13.0680111],[77.6101736,13.0678603],[77.610095,13.0673817],[77.610023,13.067063],[77.6099233,13.0667578],[77.6098769,13.0666861],[77.6098525,13.0666485],[77.6098214,13.0666098],[77.6097625,13.0665365]]}},{"type":"Feature","properties":{"id":"1084370021","name":"","highway":"service","oneway":"no","maxspeed":""},"geometry":{"type":"LineString","coordinates":[[77.6090975,13.0502057],[77.6091168,13.050755]]}},{"type":"Feature","properties":{"id":"1084370023","name":"","highway":"residential","oneway":"no","maxspeed":""},"geometry":{"type":"LineString","coordinates":[[77.6089338,13.0480526],[77.6092537,13.0480797],[77.6092599,13.0478334]]}},{"type":"Feature","properties":{"id":"1084386174","name":"","highway":"residential","oneway":"no","maxspeed":""},"geometry":{"type":"LineString","coordinates":[[77.6223046,13.0421037],[77.6222357,13.0422822],[77.6222371,13.0424337],[77.6223028,13.0426022],[77.6223819,13.042712]]}},{"type":"Feature","properties":{"id":"1091155998","name":"Flyover","highway":"tertiary","oneway":"yes","maxspeed":""},"geometry":{"type":"LineString","coordinates":[[77.6193738,13.0447919],[77.6193276,13.0446024],[77.6192499,13.0441552]]}},{"type":"Feature","properties":{"id":"1091156000","name":"Flyover","highway":"tertiary","oneway":"yes","maxspeed":""},"geometry":{"type":"LineString","coordinates":[[77.6192499,13.0441552],[77.6190574,13.043091],[77.6190106,13.0425068],[77.6190069,13.0419524],[77.6190092,13.0417862],[77.6190158,13.0417332],[77.6190278,13.0416812],[77.6190464,13.0416275],[77.6190709,13.0415761],[77.6191009,13.0415276],[77.6191244,13.0414804],[77.6191399,13.0414301],[77.6191472,13.041378],[77.6191459,13.0413265],[77.6191365,13.0412757],[77.6191191,13.0412269],[77.6190942,13.0411814],[77.6190714,13.0411446],[77.619043,13.0411116],[77.6190097,13.0410834],[77.6189703,13.0410597],[77.6189274,13.0410426],[77.6187161,13.040945]]}},{"type":"Feature","properties":{"id":"1091193345","name":"","highway":"tertiary","oneway":"yes","maxspeed":""},"geometry":{"type":"LineString","coordinates":[[77.6198972,13.0522482],[77.6199273,13.0522343],[77.619956,13.052206],[77.619966,13.0521828],[77.6199706,13.0521509],[77.6199643,13.0521193],[77.6199479,13.0520914],[77.6199231,13.0520701],[77.6198926,13.0520577],[77.6198644,13.0520538],[77.6198274,13.0520641],[77.6197998,13.0520824],[77.6197799,13.0521084],[77.6197697,13.0521394],[77.6197704,13.0521719],[77.6197819,13.0522024],[77.6198031,13.0522275],[77.6198314,13.0522446],[77.6198451,13.0522476],[77.619864,13.0522518],[77.6198972,13.0522482]]}},{"type":"Feature","properties":{"id":"1091193346","name":"Residency Road","highway":"tertiary","oneway":"yes","maxspeed":""},"geometry":{"type":"LineString","coordinates":[[77.6197257,13.051796],[77.6197638,13.0519604],[77.6197998,13.0520824]]}},{"type":"Feature","properties":{"id":"1092054088","name":"","highway":"service","oneway":"no","maxspeed":""},"geometry":{"type":"LineString","coordinates":[[77.622432,13.0500263],[77.6224178,13.0499367],[77.6224001,13.0497953],[77.6223555,13.0495857],[77.6223755,13.0495502],[77.622424,13.0495284],[77.6230087,13.0494008],[77.6230211,13.0493963],[77.6230574,13.0493834],[77.6231044,13.0493505],[77.6232027,13.049244],[77.6232621,13.0491762],[77.6232821,13.0491496],[77.6233139,13.0491227],[77.6233565,13.0491069],[77.623647,13.0490147],[77.6236871,13.0490131],[77.6237209,13.0490251],[77.6237418,13.0490489],[77.6238862,13.0495458]]}},{"type":"Feature","properties":{"id":"1092259723","name":"","highway":"tertiary","oneway":"no","maxspeed":""},"geometry":{"type":"LineString","coordinates":[[77.5884402,13.0335721],[77.588355,13.0335843]]}},{"type":"Feature","properties":{"id":"1093782078","name":"","highway":"residential","oneway":"no","maxspeed":""},"geometry":{"type":"LineString","coordinates":[[77.6039035,13.0567306],[77.6039576,13.057238]]}},{"type":"Feature","properties":{"id":"1093782079","name":"","highway":"residential","oneway":"no","maxspeed":""},"geometry":{"type":"LineString","coordinates":[[77.6047182,13.0567569],[77.6050506,13.0567475],[77.605339,13.0567292],[77.6056503,13.056726],[77.6059467,13.056717],[77.6062036,13.0567092],[77.6064942,13.0567075],[77.6067947,13.0567058],[77.6070629,13.0566992],[77.6073723,13.0566919],[77.6076572,13.0566884],[77.6076922,13.0568763],[77.6077387,13.0571383],[77.6079821,13.058143]]}},{"type":"Feature","properties":{"id":"1096258183","name":"","highway":"residential","oneway":"yes","maxspeed":""},"geometry":{"type":"LineString","coordinates":[[77.6011103,13.0462967],[77.6012127,13.0463166],[77.6013041,13.0463354]]}},{"type":"Feature","properties":{"id":"1101426355","name":"","highway":"residential","oneway":"no","maxspeed":""},"geometry":{"type":"LineString","coordinates":[[77.6235066,13.0611945],[77.6236978,13.0611664],[77.6237711,13.061115],[77.6237819,13.0610627],[77.6236833,13.060409],[77.6236693,13.0603799],[77.6236372,13.0603733],[77.6231033,13.0604401],[77.6230588,13.0604658],[77.6230473,13.0605234],[77.6231049,13.0611463],[77.6231421,13.0611892],[77.6232129,13.0612007],[77.6233278,13.0612014],[77.6234273,13.0612031]]}},{"type":"Feature","properties":{"id":"1101506558","name":"","highway":"residential","oneway":"no","maxspeed":""},"geometry":{"type":"LineString","coordinates":[[77.6119736,13.0540366],[77.6122123,13.0539641],[77.6126901,13.0538145]]}},{"type":"Feature","properties":{"id":"1102506790","name":"","highway":"residential","oneway":"no","maxspeed":""},"geometry":{"type":"LineString","coordinates":[[77.6146386,13.053052],[77.6152598,13.053016],[77.6154111,13.0530076],[77.6154902,13.0529988]]}},{"type":"Feature","properties":{"id":"1102506792","name":"","highway":"residential","oneway":"no","maxspeed":""},"geometry":{"type":"LineString","coordinates":[[77.6157444,13.0531938],[77.6158925,13.0538561]]}},{"type":"Feature","properties":{"id":"1102594848","name":"","highway":"residential","oneway":"no","maxspeed":""},"geometry":{"type":"LineString","coordinates":[[77.6046631,13.0404917],[77.6050796,13.0404527]]}},{"type":"Feature","properties":{"id":"1102594849","name":"","highway":"residential","oneway":"no","maxspeed":""},"geometry":{"type":"LineString","coordinates":[[77.604759,13.0402045],[77.6050258,13.0401846]]}},{"type":"Feature","properties":{"id":"1102594851","name":"","highway":"residential","oneway":"no","maxspeed":""},"geometry":{"type":"LineString","coordinates":[[77.6069497,13.0395307],[77.6068538,13.0386385]]}},{"type":"Feature","properties":{"id":"1102594852","name":"","highway":"residential","oneway":"no","maxspeed":""},"geometry":{"type":"LineString","coordinates":[[77.6098386,13.0395705],[77.6108565,13.0393331]]}},{"type":"Feature","properties":{"id":"1102594853","name":"","highway":"service","oneway":"no","maxspeed":""},"geometry":{"type":"LineString","coordinates":[[77.6086959,13.0422748],[77.6086227,13.0420298],[77.6085711,13.0418721],[77.6084301,13.041399]]}},{"type":"Feature","properties":{"id":"1102594854","name":"","highway":"service","oneway":"no","maxspeed":""},"geometry":{"type":"LineString","coordinates":[[77.6090108,13.0426822],[77.6091422,13.0430951]]}},{"type":"Feature","properties":{"id":"1102594855","name":"","highway":"service","oneway":"no","maxspeed":""},"geometry":{"type":"LineString","coordinates":[[77.6090933,13.0420637],[77.6093489,13.0430317]]}},{"type":"Feature","properties":{"id":"1102594857","name":"","highway":"service","oneway":"no","maxspeed":""},"geometry":{"type":"LineString","coordinates":[[77.6037757,13.0373662],[77.6041606,13.0372738],[77.6042365,13.0373187],[77.6042717,13.0374375],[77.6043097,13.0375273],[77.604353,13.0375511],[77.6044479,13.0375775],[77.604515,13.0375865],[77.604555,13.0378041],[77.6045311,13.0378478],[77.6045257,13.0378826],[77.6045598,13.0379249],[77.6045737,13.0379217],[77.6046104,13.0379131]]}},{"type":"Feature","properties":{"id":"1102608378","name":"","highway":"residential","oneway":"no","maxspeed":""},"geometry":{"type":"LineString","coordinates":[[77.6032029,13.0384939],[77.6034038,13.0384531]]}},{"type":"Feature","properties":{"id":"1102608379","name":"","highway":"residential","oneway":"no","maxspeed":""},"geometry":{"type":"LineString","coordinates":[[77.6050903,13.0381229],[77.605108,13.0382329],[77.6051239,13.0383415],[77.6052802,13.0383221]]}},{"type":"Feature","properties":{"id":"1102608381","name":"","highway":"residential","oneway":"no","maxspeed":""},"geometry":{"type":"LineString","coordinates":[[77.6038699,13.0349135],[77.6039621,13.035454],[77.6040513,13.0359645]]}},{"type":"Feature","properties":{"id":"1102608382","name":"","highway":"residential","oneway":"no","maxspeed":""},"geometry":{"type":"LineString","coordinates":[[77.6041424,13.0348863],[77.604209,13.0354178]]}},{"type":"Feature","properties":{"id":"1102608383","name":"","highway":"residential","oneway":"no","maxspeed":""},"geometry":{"type":"LineString","coordinates":[[77.6044287,13.0353856],[77.6045126,13.0357979]]}},{"type":"Feature","properties":{"id":"1102608384","name":"","highway":"residential","oneway":"no","maxspeed":""},"geometry":{"type":"LineString","coordinates":[[77.6044287,13.0353856],[77.6043563,13.0348813],[77.6043175,13.0344512]]}},{"type":"Feature","properties":{"id":"1102608385","name":"","highway":"residential","oneway":"no","maxspeed":""},"geometry":{"type":"LineString","coordinates":[[77.6040383,13.0344724],[77.6040607,13.0348999]]}},{"type":"Feature","properties":{"id":"1102608386","name":"","highway":"residential","oneway":"no","maxspeed":""},"geometry":{"type":"LineString","coordinates":[[77.603716,13.0346105],[77.6037384,13.0349229]]}},{"type":"Feature","properties":{"id":"1102608387","name":"","highway":"residential","oneway":"no","maxspeed":""},"geometry":{"type":"LineString","coordinates":[[77.6035166,13.03384],[77.6035321,13.0340231],[77.6035607,13.0343768]]}},{"type":"Feature","properties":{"id":"1102608388","name":"","highway":"residential","oneway":"no","maxspeed":""},"geometry":{"type":"LineString","coordinates":[[77.6037875,13.0340079],[77.6038254,13.0343935]]}},{"type":"Feature","properties":{"id":"1102608389","name":"","highway":"residential","oneway":"no","maxspeed":""},"geometry":{"type":"LineString","coordinates":[[77.604395,13.0339726],[77.6044198,13.0343635]]}},{"type":"Feature","properties":{"id":"1102608390","name":"","highway":"residential","oneway":"no","maxspeed":""},"geometry":{"type":"LineString","coordinates":[[77.6038223,13.033263],[77.6038137,13.0330254]]}},{"type":"Feature","properties":{"id":"1102608391","name":"","highway":"residential","oneway":"no","maxspeed":""},"geometry":{"type":"LineString","coordinates":[[77.602952,13.0320943],[77.6034179,13.0320215]]}},{"type":"Feature","properties":{"id":"1102608392","name":"","highway":"residential","oneway":"no","maxspeed":""},"geometry":{"type":"LineString","coordinates":[[77.6039573,13.0317815],[77.6039625,13.0319481]]}},{"type":"Feature","properties":{"id":"1102608616","name":"","highway":"residential","oneway":"no","maxspeed":""},"geometry":{"type":"LineString","coordinates":[[77.6050955,13.031851],[77.6052256,13.031846]]}},{"type":"Feature","properties":{"id":"1102608618","name":"","highway":"residential","oneway":"no","maxspeed":""},"geometry":{"type":"LineString","coordinates":[[77.6050734,13.0324999],[77.6056154,13.0324515]]}},{"type":"Feature","properties":{"id":"1102767351","name":"","highway":"residential","oneway":"no","maxspeed":""},"geometry":{"type":"LineString","coordinates":[[77.6077719,13.0320964],[77.6076619,13.0316683],[77.607572,13.0313648],[77.6074993,13.0310719],[77.6074171,13.0308033]]}},{"type":"Feature","properties":{"id":"1102769035","name":"","highway":"residential","oneway":"no","maxspeed":""},"geometry":{"type":"LineString","coordinates":[[77.6065838,13.0339953],[77.606695,13.0344679]]}},{"type":"Feature","properties":{"id":"1102769036","name":"","highway":"residential","oneway":"no","maxspeed":""},"geometry":{"type":"LineString","coordinates":[[77.6074573,13.0338057],[77.6075568,13.0342963]]}},{"type":"Feature","properties":{"id":"1102769037","name":"","highway":"residential","oneway":"no","maxspeed":""},"geometry":{"type":"LineString","coordinates":[[77.6077664,13.0337377],[77.6078523,13.0341511]]}},{"type":"Feature","properties":{"id":"1102769038","name":"","highway":"residential","oneway":"no","maxspeed":""},"geometry":{"type":"LineString","coordinates":[[77.6075992,13.0351211],[77.6093129,13.0348448]]}},{"type":"Feature","properties":{"id":"1102774215","name":"","highway":"service","oneway":"no","maxspeed":""},"geometry":{"type":"LineString","coordinates":[[77.6092743,13.034675],[77.6093182,13.0346674],[77.6096772,13.0346052],[77.6099508,13.0345564],[77.6100876,13.0345467],[77.6101677,13.0345759],[77.6102511,13.0345532],[77.6103879,13.0345597],[77.6105447,13.0345792],[77.6106248,13.0346019]]}},{"type":"Feature","properties":{"id":"1102775832","name":"","highway":"residential","oneway":"no","maxspeed":""},"geometry":{"type":"LineString","coordinates":[[77.610509,13.0352891],[77.6104537,13.034911]]}},{"type":"Feature","properties":{"id":"1102775833","name":"4th B Cross Road","highway":"residential","oneway":"no","maxspeed":""},"geometry":{"type":"LineString","coordinates":[[77.6105222,13.03491],[77.6106708,13.0349028]]}},{"type":"Feature","properties":{"id":"1102776097","name":"","highway":"residential","oneway":"no","maxspeed":""},"geometry":{"type":"LineString","coordinates":[[77.6060102,13.0356894],[77.6060994,13.0359714],[77.6059145,13.0360407]]}},{"type":"Feature","properties":{"id":"1102776098","name":"","highway":"residential","oneway":"no","maxspeed":""},"geometry":{"type":"LineString","coordinates":[[77.6063469,13.0365216],[77.6064392,13.0367521]]}},{"type":"Feature","properties":{"id":"1102785179","name":"","highway":"service","oneway":"no","maxspeed":""},"geometry":{"type":"LineString","coordinates":[[77.5881485,13.0349583],[77.5878947,13.035318],[77.5870457,13.0353517]]}},{"type":"Feature","properties":{"id":"1102785181","name":"","highway":"service","oneway":"no","maxspeed":""},"geometry":{"type":"LineString","coordinates":[[77.5893801,13.0397014],[77.5893132,13.0397073],[77.5892941,13.0397076],[77.5888396,13.0397345],[77.5886769,13.0386764],[77.5890813,13.038609],[77.5891177,13.0386029],[77.5891632,13.0386002]]}},{"type":"Feature","properties":{"id":"1102785183","name":"","highway":"service","oneway":"no","maxspeed":""},"geometry":{"type":"LineString","coordinates":[[77.5880445,13.041455],[77.588037,13.0413978],[77.587971,13.0408948]]}},{"type":"Feature","properties":{"id":"1102785196","name":"","highway":"residential","oneway":"no","maxspeed":""},"geometry":{"type":"LineString","coordinates":[[77.6011466,13.0321328],[77.6011842,13.0321289],[77.6012161,13.0326647]]}},{"type":"Feature","properties":{"id":"1102785197","name":"","highway":"residential","oneway":"no","maxspeed":""},"geometry":{"type":"LineString","coordinates":[[77.5999708,13.0320291],[77.6001576,13.0320234]]}},{"type":"Feature","properties":{"id":"1102785198","name":"","highway":"residential","oneway":"no","maxspeed":""},"geometry":{"type":"LineString","coordinates":[[77.5992214,13.0330909],[77.599497,13.0330637]]}},{"type":"Feature","properties":{"id":"1102785199","name":"","highway":"residential","oneway":"no","maxspeed":""},"geometry":{"type":"LineString","coordinates":[[77.5996421,13.0328269],[77.5996681,13.0330996]]}},{"type":"Feature","properties":{"id":"1102785200","name":"","highway":"residential","oneway":"no","maxspeed":""},"geometry":{"type":"LineString","coordinates":[[77.597581,13.0321555],[77.5975976,13.0324391]]}},{"type":"Feature","properties":{"id":"1102785201","name":"","highway":"residential","oneway":"no","maxspeed":""},"geometry":{"type":"LineString","coordinates":[[77.5969389,13.0328754],[77.5973083,13.0328568]]}},{"type":"Feature","properties":{"id":"1102785202","name":"","highway":"residential","oneway":"no","maxspeed":""},"geometry":{"type":"LineString","coordinates":[[77.5960481,13.0327727],[77.5960546,13.0324451]]}},{"type":"Feature","properties":{"id":"1102785203","name":"","highway":"residential","oneway":"no","maxspeed":""},"geometry":{"type":"LineString","coordinates":[[77.5956456,13.0325592],[77.5957449,13.033]]}},{"type":"Feature","properties":{"id":"1102785204","name":"","highway":"residential","oneway":"no","maxspeed":""},"geometry":{"type":"LineString","coordinates":[[77.5955305,13.0325514],[77.5955759,13.0322552]]}},{"type":"Feature","properties":{"id":"1102785205","name":"","highway":"residential","oneway":"no","maxspeed":""},"geometry":{"type":"LineString","coordinates":[[77.5952183,13.0325302],[77.5952619,13.0322383]]}},{"type":"Feature","properties":{"id":"1102785206","name":"","highway":"residential","oneway":"no","maxspeed":""},"geometry":{"type":"LineString","coordinates":[[77.5948964,13.0325015],[77.5949695,13.0320632]]}},{"type":"Feature","properties":{"id":"1102785208","name":"","highway":"residential","oneway":"no","maxspeed":""},"geometry":{"type":"LineString","coordinates":[[77.5953095,13.0319429],[77.5956158,13.0319422]]}},{"type":"Feature","properties":{"id":"1102785209","name":"","highway":"residential","oneway":"no","maxspeed":""},"geometry":{"type":"LineString","coordinates":[[77.5950544,13.0316603],[77.595399,13.0316577]]}},{"type":"Feature","properties":{"id":"1102785210","name":"","highway":"residential","oneway":"no","maxspeed":""},"geometry":{"type":"LineString","coordinates":[[77.5940731,13.0317413],[77.5940815,13.0316158]]}},{"type":"Feature","properties":{"id":"1102785215","name":"","highway":"residential","oneway":"no","maxspeed":""},"geometry":{"type":"LineString","coordinates":[[77.5899285,13.0317285],[77.5904364,13.031631]]}},{"type":"Feature","properties":{"id":"1102785221","name":"","highway":"residential","oneway":"no","maxspeed":""},"geometry":{"type":"LineString","coordinates":[[77.5880709,13.0318374],[77.5881904,13.0317821],[77.5882662,13.0317273],[77.5882792,13.0316967],[77.5882856,13.0316682],[77.5882859,13.0316312],[77.5882827,13.0315933],[77.5882424,13.0314864],[77.5882163,13.0314557],[77.5881859,13.0314366],[77.5881218,13.031425],[77.5879177,13.031474]]}},{"type":"Feature","properties":{"id":"1102785222","name":"","highway":"residential","oneway":"no","maxspeed":""},"geometry":{"type":"LineString","coordinates":[[77.588276,13.032305],[77.5884986,13.0327981],[77.5886877,13.0331933]]}},{"type":"Feature","properties":{"id":"1102785223","name":"","highway":"service","oneway":"no","maxspeed":""},"geometry":{"type":"LineString","coordinates":[[77.5904583,13.0336744],[77.5904208,13.0336026],[77.5904019,13.0335812],[77.590366,13.0335875],[77.5897954,13.0337086],[77.5898803,13.033877]]}},{"type":"Feature","properties":{"id":"1102785224","name":"","highway":"service","oneway":"no","maxspeed":""},"geometry":{"type":"LineString","coordinates":[[77.5906856,13.0349872],[77.5908351,13.0349574],[77.5909608,13.0349025],[77.5909781,13.0348392],[77.5909521,13.0347084],[77.5908265,13.0344087],[77.5905579,13.0338897],[77.5904583,13.0336744]]}},{"type":"Feature","properties":{"id":"1102785225","name":"","highway":"service","oneway":"no","maxspeed":""},"geometry":{"type":"LineString","coordinates":[[77.5908265,13.0344087],[77.5910344,13.0343581]]}},{"type":"Feature","properties":{"id":"1102785226","name":"","highway":"residential","oneway":"no","maxspeed":""},"geometry":{"type":"LineString","coordinates":[[77.590361,13.0349375],[77.5902302,13.0346533],[77.5901715,13.0345009],[77.5901116,13.0342947]]}},{"type":"Feature","properties":{"id":"1102785227","name":"","highway":"residential","oneway":"no","maxspeed":""},"geometry":{"type":"LineString","coordinates":[[77.5894985,13.0348703],[77.5895703,13.0351008]]}},{"type":"Feature","properties":{"id":"1102785230","name":"","highway":"service","oneway":"no","maxspeed":""},"geometry":{"type":"LineString","coordinates":[[77.5905949,13.0350386],[77.5906493,13.0353279],[77.5907005,13.0356002],[77.5907369,13.0356803],[77.5907414,13.0356944],[77.5907424,13.0357061],[77.5907434,13.0357174],[77.5907438,13.0358627]]}},{"type":"Feature","properties":{"id":"1102785231","name":"","highway":"service","oneway":"no","maxspeed":""},"geometry":{"type":"LineString","coordinates":[[77.5907434,13.0357174],[77.5910445,13.0357184]]}},{"type":"Feature","properties":{"id":"1102785233","name":"","highway":"residential","oneway":"no","maxspeed":""},"geometry":{"type":"LineString","coordinates":[[77.5929561,13.0349261],[77.592887,13.0344885],[77.5928755,13.0344157]]}},{"type":"Feature","properties":{"id":"1102785234","name":"","highway":"residential","oneway":"no","maxspeed":""},"geometry":{"type":"LineString","coordinates":[[77.5936551,13.0348431],[77.5936038,13.0346429],[77.5935633,13.0344324]]}},{"type":"Feature","properties":{"id":"1102785235","name":"","highway":"service","oneway":"no","maxspeed":""},"geometry":{"type":"LineString","coordinates":[[77.5936506,13.0365035],[77.5936135,13.0363836],[77.5935479,13.0361715],[77.5934307,13.0357929],[77.5933337,13.0354506],[77.5927749,13.0355898],[77.592858,13.0359316],[77.5928899,13.0360745]]}},{"type":"Feature","properties":{"id":"1102785236","name":"","highway":"service","oneway":"no","maxspeed":""},"geometry":{"type":"LineString","coordinates":[[77.5936506,13.0365035],[77.5933975,13.036572],[77.5931961,13.0366197],[77.5930316,13.0366565],[77.5929972,13.036517],[77.5929499,13.0363221],[77.5928899,13.0360745]]}},{"type":"Feature","properties":{"id":"1102785237","name":"","highway":"service","oneway":"no","maxspeed":""},"geometry":{"type":"LineString","coordinates":[[77.5930192,13.0360114],[77.5932241,13.0359692],[77.5931967,13.0358458],[77.5934307,13.0357929]]}},{"type":"Feature","properties":{"id":"1102785239","name":"","highway":"residential","oneway":"no","maxspeed":""},"geometry":{"type":"LineString","coordinates":[[77.5936515,13.03617],[77.5939978,13.0360803]]}},{"type":"Feature","properties":{"id":"1102785240","name":"","highway":"residential","oneway":"no","maxspeed":""},"geometry":{"type":"LineString","coordinates":[[77.5935207,13.0353904],[77.5936053,13.0357248]]}},{"type":"Feature","properties":{"id":"1102785241","name":"","highway":"residential","oneway":"no","maxspeed":""},"geometry":{"type":"LineString","coordinates":[[77.5944739,13.0366522],[77.5944099,13.0363912]]}},{"type":"Feature","properties":{"id":"1102785242","name":"","highway":"residential","oneway":"no","maxspeed":""},"geometry":{"type":"LineString","coordinates":[[77.5941567,13.0366522],[77.5941187,13.0364872]]}},{"type":"Feature","properties":{"id":"1102785243","name":"","highway":"residential","oneway":"no","maxspeed":""},"geometry":{"type":"LineString","coordinates":[[77.5950293,13.0358394],[77.5952457,13.0357874]]}},{"type":"Feature","properties":{"id":"1102785244","name":"","highway":"residential","oneway":"no","maxspeed":""},"geometry":{"type":"LineString","coordinates":[[77.5894958,13.0376843],[77.5897889,13.0376378],[77.5898869,13.037642],[77.589944,13.0376135],[77.5904981,13.037516],[77.5908961,13.0374562],[77.5910864,13.0374311]]}},{"type":"Feature","properties":{"id":"1102785245","name":"","highway":"residential","oneway":"no","maxspeed":""},"geometry":{"type":"LineString","coordinates":[[77.5911242,13.0372586],[77.5910806,13.0369084]]}},{"type":"Feature","properties":{"id":"1102785246","name":"","highway":"residential","oneway":"no","maxspeed":""},"geometry":{"type":"LineString","coordinates":[[77.5919692,13.0371714],[77.5920054,13.0375064]]}},{"type":"Feature","properties":{"id":"1102785247","name":"","highway":"residential","oneway":"no","maxspeed":""},"geometry":{"type":"LineString","coordinates":[[77.5923375,13.037115],[77.5923722,13.0372396],[77.5923928,13.0373837],[77.5924141,13.0375524],[77.5927396,13.0375561]]}},{"type":"Feature","properties":{"id":"1102785248","name":"","highway":"residential","oneway":"no","maxspeed":""},"geometry":{"type":"LineString","coordinates":[[77.5918236,13.038135],[77.5918496,13.0381332],[77.59235,13.0380988]]}},{"type":"Feature","properties":{"id":"1102785249","name":"","highway":"residential","oneway":"no","maxspeed":""},"geometry":{"type":"LineString","coordinates":[[77.5927157,13.0381504],[77.5929087,13.0381692],[77.5929138,13.038117]]}},{"type":"Feature","properties":{"id":"1102785250","name":"","highway":"residential","oneway":"no","maxspeed":""},"geometry":{"type":"LineString","coordinates":[[77.5914218,13.0386502],[77.5913771,13.0382228]]}},{"type":"Feature","properties":{"id":"1102785251","name":"","highway":"residential","oneway":"no","maxspeed":""},"geometry":{"type":"LineString","coordinates":[[77.5903889,13.038918],[77.5903978,13.0386828]]}},{"type":"Feature","properties":{"id":"1102785252","name":"","highway":"residential","oneway":"no","maxspeed":""},"geometry":{"type":"LineString","coordinates":[[77.5925394,13.0389409],[77.5927169,13.0389535]]}},{"type":"Feature","properties":{"id":"1102785253","name":"","highway":"residential","oneway":"no","maxspeed":""},"geometry":{"type":"LineString","coordinates":[[77.5906784,13.0398452],[77.590703,13.0400587]]}},{"type":"Feature","properties":{"id":"1102785254","name":"","highway":"service","oneway":"no","maxspeed":""},"geometry":{"type":"LineString","coordinates":[[77.5915335,13.0425429],[77.5915572,13.0424608]]}},{"type":"Feature","properties":{"id":"1102785255","name":"","highway":"residential","oneway":"no","maxspeed":""},"geometry":{"type":"LineString","coordinates":[[77.5932741,13.0408387],[77.5936756,13.0407686]]}},{"type":"Feature","properties":{"id":"1102785256","name":"","highway":"residential","oneway":"no","maxspeed":""},"geometry":{"type":"LineString","coordinates":[[77.5939429,13.0398885],[77.593993,13.0401911]]}},{"type":"Feature","properties":{"id":"1102785258","name":"","highway":"service","oneway":"no","maxspeed":""},"geometry":{"type":"LineString","coordinates":[[77.5951831,13.0420706],[77.5952596,13.0426182]]}},{"type":"Feature","properties":{"id":"1102785259","name":"","highway":"service","oneway":"no","maxspeed":""},"geometry":{"type":"LineString","coordinates":[[77.5955815,13.0436349],[77.5955286,13.0433626],[77.5954725,13.043161],[77.5953737,13.0426366]]}},{"type":"Feature","properties":{"id":"1102785260","name":"","highway":"service","oneway":"no","maxspeed":""},"geometry":{"type":"LineString","coordinates":[[77.5969527,13.0425304],[77.5972337,13.0425162],[77.5973529,13.0424928]]}},{"type":"Feature","properties":{"id":"1102788888","name":"","highway":"residential","oneway":"no","maxspeed":""},"geometry":{"type":"LineString","coordinates":[[77.5978186,13.0406292],[77.5978247,13.0404472]]}},{"type":"Feature","properties":{"id":"1102788889","name":"","highway":"residential","oneway":"no","maxspeed":""},"geometry":{"type":"LineString","coordinates":[[77.598128,13.0405785],[77.5981303,13.0408106]]}},{"type":"Feature","properties":{"id":"1102788890","name":"","highway":"residential","oneway":"no","maxspeed":""},"geometry":{"type":"LineString","coordinates":[[77.5986926,13.0406451],[77.5986979,13.0409302]]}},{"type":"Feature","properties":{"id":"1102788891","name":"","highway":"residential","oneway":"no","maxspeed":""},"geometry":{"type":"LineString","coordinates":[[77.5971492,13.0399218],[77.5971346,13.0398229],[77.5971118,13.0396822]]}},{"type":"Feature","properties":{"id":"1102788892","name":"","highway":"residential","oneway":"no","maxspeed":""},"geometry":{"type":"LineString","coordinates":[[77.5971346,13.0398229],[77.5974131,13.0398011],[77.5976159,13.0398061],[77.5977808,13.0398229]]}},{"type":"Feature","properties":{"id":"1102788893","name":"","highway":"residential","oneway":"no","maxspeed":""},"geometry":{"type":"LineString","coordinates":[[77.5976624,13.0393912],[77.5976711,13.0391071]]}},{"type":"Feature","properties":{"id":"1102788894","name":"","highway":"residential","oneway":"no","maxspeed":""},"geometry":{"type":"LineString","coordinates":[[77.599235,13.039082],[77.5992934,13.0386159]]}},{"type":"Feature","properties":{"id":"1102788895","name":"","highway":"residential","oneway":"no","maxspeed":""},"geometry":{"type":"LineString","coordinates":[[77.5994877,13.0390829],[77.5995341,13.0386242]]}},{"type":"Feature","properties":{"id":"1102788896","name":"","highway":"residential","oneway":"no","maxspeed":""},"geometry":{"type":"LineString","coordinates":[[77.5987691,13.0384044],[77.5987691,13.038219],[77.5987691,13.0380674],[77.5990297,13.0380765]]}},{"type":"Feature","properties":{"id":"1102788897","name":"","highway":"residential","oneway":"no","maxspeed":""},"geometry":{"type":"LineString","coordinates":[[77.5987691,13.0384044],[77.5989978,13.0384049]]}},{"type":"Feature","properties":{"id":"1102788898","name":"","highway":"residential","oneway":"no","maxspeed":""},"geometry":{"type":"LineString","coordinates":[[77.5987691,13.038219],[77.5990184,13.0382206]]}},{"type":"Feature","properties":{"id":"1102788899","name":"","highway":"residential","oneway":"no","maxspeed":""},"geometry":{"type":"LineString","coordinates":[[77.6004893,13.0402808],[77.6009453,13.0402562]]}},{"type":"Feature","properties":{"id":"1102788900","name":"","highway":"residential","oneway":"no","maxspeed":""},"geometry":{"type":"LineString","coordinates":[[77.5992422,13.0375833],[77.6000625,13.0375658]]}},{"type":"Feature","properties":{"id":"1102788901","name":"","highway":"residential","oneway":"no","maxspeed":""},"geometry":{"type":"LineString","coordinates":[[77.5994495,13.0370494],[77.6000034,13.0370323]]}},{"type":"Feature","properties":{"id":"1102788902","name":"","highway":"service","oneway":"no","maxspeed":""},"geometry":{"type":"LineString","coordinates":[[77.5980306,13.03646],[77.5980843,13.0365135],[77.5981295,13.0365587],[77.5981501,13.0365955],[77.5980263,13.0369573]]}},{"type":"Feature","properties":{"id":"1102788903","name":"","highway":"residential","oneway":"no","maxspeed":""},"geometry":{"type":"LineString","coordinates":[[77.597455,13.0372494],[77.597708,13.0372079]]}},{"type":"Feature","properties":{"id":"1102788904","name":"","highway":"residential","oneway":"no","maxspeed":""},"geometry":{"type":"LineString","coordinates":[[77.5967829,13.0375655],[77.5972371,13.0375051],[77.5971797,13.0371081]]}},{"type":"Feature","properties":{"id":"1102788905","name":"","highway":"residential","oneway":"no","maxspeed":""},"geometry":{"type":"LineString","coordinates":[[77.596602,13.0368212],[77.5965474,13.0366217],[77.5965415,13.0363567]]}},{"type":"Feature","properties":{"id":"1102788906","name":"","highway":"residential","oneway":"no","maxspeed":""},"geometry":{"type":"LineString","coordinates":[[77.5958571,13.0361118],[77.5959184,13.0364666]]}},{"type":"Feature","properties":{"id":"1102788907","name":"","highway":"residential","oneway":"no","maxspeed":""},"geometry":{"type":"LineString","coordinates":[[77.5956907,13.0361369],[77.5957809,13.0365135],[77.5958408,13.0367551],[77.5958531,13.0369355],[77.5961566,13.0369129]]}},{"type":"Feature","properties":{"id":"1102788908","name":"","highway":"residential","oneway":"no","maxspeed":""},"geometry":{"type":"LineString","coordinates":[[77.5960282,13.035199],[77.5960662,13.0354316],[77.5961041,13.0355388],[77.5961797,13.0357498],[77.5962708,13.0360391]]}},{"type":"Feature","properties":{"id":"1102788909","name":"","highway":"residential","oneway":"no","maxspeed":""},"geometry":{"type":"LineString","coordinates":[[77.5963286,13.035226],[77.5963688,13.035512]]}},{"type":"Feature","properties":{"id":"1102788910","name":"","highway":"service","oneway":"no","maxspeed":""},"geometry":{"type":"LineString","coordinates":[[77.5981734,13.0361946],[77.5981706,13.0361629],[77.5981593,13.0359867]]}},{"type":"Feature","properties":{"id":"1102788911","name":"","highway":"residential","oneway":"no","maxspeed":""},"geometry":{"type":"LineString","coordinates":[[77.5982397,13.03553],[77.5982825,13.0357368],[77.59825,13.0357727],[77.5979627,13.0358461]]}},{"type":"Feature","properties":{"id":"1102788912","name":"","highway":"residential","oneway":"no","maxspeed":""},"geometry":{"type":"LineString","coordinates":[[77.5988637,13.0353703],[77.5988045,13.0347663]]}},{"type":"Feature","properties":{"id":"1102788913","name":"","highway":"residential","oneway":"no","maxspeed":""},"geometry":{"type":"LineString","coordinates":[[77.5975908,13.0351683],[77.5978703,13.0351666]]}},{"type":"Feature","properties":{"id":"1102788914","name":"","highway":"residential","oneway":"no","maxspeed":""},"geometry":{"type":"LineString","coordinates":[[77.5973905,13.0347282],[77.5978665,13.0347262]]}},{"type":"Feature","properties":{"id":"1102788916","name":"","highway":"service","oneway":"no","maxspeed":""},"geometry":{"type":"LineString","coordinates":[[77.5978645,13.0341433],[77.5978963,13.0332688]]}},{"type":"Feature","properties":{"id":"1102788917","name":"","highway":"residential","oneway":"no","maxspeed":""},"geometry":{"type":"LineString","coordinates":[[77.5995983,13.0352045],[77.5996146,13.035366]]}},{"type":"Feature","properties":{"id":"1102788918","name":"","highway":"residential","oneway":"no","maxspeed":""},"geometry":{"type":"LineString","coordinates":[[77.6001736,13.0351093],[77.6001793,13.0353752]]}},{"type":"Feature","properties":{"id":"1102788920","name":"","highway":"residential","oneway":"no","maxspeed":""},"geometry":{"type":"LineString","coordinates":[[77.6001593,13.0346061],[77.6004391,13.0345648],[77.6006837,13.0345287]]}},{"type":"Feature","properties":{"id":"1102788921","name":"","highway":"residential","oneway":"no","maxspeed":""},"geometry":{"type":"LineString","coordinates":[[77.600405,13.0343675],[77.6004391,13.0345648]]}},{"type":"Feature","properties":{"id":"1102788922","name":"","highway":"residential","oneway":"no","maxspeed":""},"geometry":{"type":"LineString","coordinates":[[77.6012986,13.0343294],[77.6015438,13.0343089],[77.6018467,13.0342835]]}},{"type":"Feature","properties":{"id":"1102788923","name":"","highway":"residential","oneway":"no","maxspeed":""},"geometry":{"type":"LineString","coordinates":[[77.6015438,13.0343089],[77.6015364,13.0341068]]}},{"type":"Feature","properties":{"id":"1102788924","name":"","highway":"residential","oneway":"no","maxspeed":""},"geometry":{"type":"LineString","coordinates":[[77.6005458,13.0338094],[77.6004547,13.0334209]]}},{"type":"Feature","properties":{"id":"1102788925","name":"","highway":"residential","oneway":"no","maxspeed":""},"geometry":{"type":"LineString","coordinates":[[77.6019263,13.0334066],[77.6019025,13.0331742]]}},{"type":"Feature","properties":{"id":"1102788926","name":"","highway":"residential","oneway":"no","maxspeed":""},"geometry":{"type":"LineString","coordinates":[[77.6029298,13.0336344],[77.6029096,13.033627],[77.6029018,13.0336078],[77.6028653,13.0333127],[77.6028452,13.0331387]]}},{"type":"Feature","properties":{"id":"1102788927","name":"","highway":"residential","oneway":"no","maxspeed":""},"geometry":{"type":"LineString","coordinates":[[77.6020856,13.0343543],[77.6022153,13.0349257],[77.6022741,13.0351028]]}},{"type":"Feature","properties":{"id":"1102788928","name":"","highway":"residential","oneway":"no","maxspeed":""},"geometry":{"type":"LineString","coordinates":[[77.6025349,13.0350631],[77.6026377,13.0353688]]}},{"type":"Feature","properties":{"id":"1102788929","name":"","highway":"residential","oneway":"no","maxspeed":""},"geometry":{"type":"LineString","coordinates":[[77.6020199,13.0372455],[77.6019976,13.0370885]]}},{"type":"Feature","properties":{"id":"1102788930","name":"","highway":"residential","oneway":"no","maxspeed":""},"geometry":{"type":"LineString","coordinates":[[77.602315,13.0372024],[77.6022746,13.0369209]]}},{"type":"Feature","properties":{"id":"1102788931","name":"","highway":"residential","oneway":"no","maxspeed":""},"geometry":{"type":"LineString","coordinates":[[77.6026207,13.0371658],[77.6025758,13.0369069]]}},{"type":"Feature","properties":{"id":"1102788932","name":"","highway":"residential","oneway":"no","maxspeed":""},"geometry":{"type":"LineString","coordinates":[[77.6028611,13.0371045],[77.6028197,13.0368726]]}},{"type":"Feature","properties":{"id":"1102788933","name":"","highway":"residential","oneway":"no","maxspeed":""},"geometry":{"type":"LineString","coordinates":[[77.6008639,13.0388994],[77.6011745,13.0389651]]}},{"type":"Feature","properties":{"id":"1102788934","name":"","highway":"residential","oneway":"no","maxspeed":""},"geometry":{"type":"LineString","coordinates":[[77.6009688,13.0386144],[77.6012375,13.0386791]]}},{"type":"Feature","properties":{"id":"1102788935","name":"","highway":"residential","oneway":"no","maxspeed":""},"geometry":{"type":"LineString","coordinates":[[77.6027441,13.039589],[77.6027385,13.0393922]]}},{"type":"Feature","properties":{"id":"1102788936","name":"","highway":"residential","oneway":"no","maxspeed":""},"geometry":{"type":"LineString","coordinates":[[77.6020224,13.040001],[77.6022746,13.039985]]}},{"type":"Feature","properties":{"id":"1102788937","name":"","highway":"residential","oneway":"no","maxspeed":""},"geometry":{"type":"LineString","coordinates":[[77.6021973,13.0396006],[77.6022103,13.0397885]]}},{"type":"Feature","properties":{"id":"1102788940","name":"","highway":"residential","oneway":"no","maxspeed":""},"geometry":{"type":"LineString","coordinates":[[77.5939335,13.0387904],[77.5939118,13.0389305]]}},{"type":"Feature","properties":{"id":"1102788941","name":"","highway":"residential","oneway":"no","maxspeed":""},"geometry":{"type":"LineString","coordinates":[[77.5942481,13.0388181],[77.5942193,13.039228]]}},{"type":"Feature","properties":{"id":"1102790968","name":"","highway":"service","oneway":"no","maxspeed":""},"geometry":{"type":"LineString","coordinates":[[77.6128919,13.0314245],[77.6128732,13.0314558],[77.6128328,13.0315234],[77.6126589,13.031725]]}},{"type":"Feature","properties":{"id":"1102790969","name":"","highway":"residential","oneway":"no","maxspeed":""},"geometry":{"type":"LineString","coordinates":[[77.6095228,13.0317076],[77.6096803,13.0322009]]}},{"type":"Feature","properties":{"id":"1102791928","name":"","highway":"residential","oneway":"no","maxspeed":""},"geometry":{"type":"LineString","coordinates":[[77.6117219,13.0329357],[77.6122324,13.0327343]]}},{"type":"Feature","properties":{"id":"1102791929","name":"","highway":"residential","oneway":"no","maxspeed":""},"geometry":{"type":"LineString","coordinates":[[77.6114254,13.0335975],[77.6113828,13.0331262]]}},{"type":"Feature","properties":{"id":"1102791930","name":"","highway":"service","oneway":"no","maxspeed":""},"geometry":{"type":"LineString","coordinates":[[77.6117188,13.033531],[77.6115888,13.0337659],[77.6114654,13.0340292],[77.6112852,13.0341787],[77.6111584,13.0342698]]}},{"type":"Feature","properties":{"id":"1102791931","name":"","highway":"residential","oneway":"no","maxspeed":""},"geometry":{"type":"LineString","coordinates":[[77.6124313,13.0331545],[77.6127283,13.033987]]}},{"type":"Feature","properties":{"id":"1102791932","name":"","highway":"residential","oneway":"no","maxspeed":""},"geometry":{"type":"LineString","coordinates":[[77.6089897,13.0368206],[77.6090152,13.0370821]]}},{"type":"Feature","properties":{"id":"1102791933","name":"","highway":"residential","oneway":"no","maxspeed":""},"geometry":{"type":"LineString","coordinates":[[77.6087382,13.0368496],[77.6087666,13.0371103]]}},{"type":"Feature","properties":{"id":"1102793479","name":"17th Main Road","highway":"residential","oneway":"no","maxspeed":""},"geometry":{"type":"LineString","coordinates":[[77.6112488,13.0379309],[77.6113166,13.0380957]]}},{"type":"Feature","properties":{"id":"1102793480","name":"","highway":"residential","oneway":"no","maxspeed":""},"geometry":{"type":"LineString","coordinates":[[77.612278,13.0399214],[77.6124297,13.0398839],[77.6124511,13.0398788],[77.6125355,13.0398585]]}},{"type":"Feature","properties":{"id":"1102793481","name":"","highway":"residential","oneway":"no","maxspeed":""},"geometry":{"type":"LineString","coordinates":[[77.6116906,13.0403432],[77.6117961,13.0411393]]}},{"type":"Feature","properties":{"id":"1102793482","name":"","highway":"service","oneway":"no","maxspeed":""},"geometry":{"type":"LineString","coordinates":[[77.6117806,13.0414419],[77.6118335,13.041441],[77.6122175,13.0414342]]}},{"type":"Feature","properties":{"id":"1102793483","name":"","highway":"residential","oneway":"no","maxspeed":""},"geometry":{"type":"LineString","coordinates":[[77.6125949,13.0410899],[77.6125988,13.0412647]]}},{"type":"Feature","properties":{"id":"1102793484","name":"","highway":"service","oneway":"no","maxspeed":""},"geometry":{"type":"LineString","coordinates":[[77.612208,13.042341],[77.6121951,13.0422768],[77.6121603,13.0421043],[77.6121194,13.0419013]]}},{"type":"Feature","properties":{"id":"1102793485","name":"","highway":"service","oneway":"no","maxspeed":""},"geometry":{"type":"LineString","coordinates":[[77.6148858,13.0421032],[77.6148997,13.0421802],[77.6150104,13.042793]]}},{"type":"Feature","properties":{"id":"1102793486","name":"","highway":"service","oneway":"no","maxspeed":""},"geometry":{"type":"LineString","coordinates":[[77.6168119,13.0414933],[77.6168012,13.0414602],[77.6167453,13.0412841]]}},{"type":"Feature","properties":{"id":"1102795427","name":"","highway":"service","oneway":"no","maxspeed":""},"geometry":{"type":"LineString","coordinates":[[77.6211508,13.0423614],[77.6212631,13.0423989]]}},{"type":"Feature","properties":{"id":"1102795428","name":"","highway":"service","oneway":"no","maxspeed":""},"geometry":{"type":"LineString","coordinates":[[77.6203585,13.0412551],[77.6203791,13.041367]]}},{"type":"Feature","properties":{"id":"1102795429","name":"","highway":"service","oneway":"no","maxspeed":""},"geometry":{"type":"LineString","coordinates":[[77.6189254,13.0391354],[77.618804,13.0391518],[77.6178011,13.0392876],[77.6177407,13.038864]]}},{"type":"Feature","properties":{"id":"1102795430","name":"","highway":"service","oneway":"no","maxspeed":""},"geometry":{"type":"LineString","coordinates":[[77.617678,13.0392328],[77.6175758,13.0392436],[77.6165719,13.0393499],[77.6158151,13.03943]]}},{"type":"Feature","properties":{"id":"1102795431","name":"","highway":"service","oneway":"no","maxspeed":""},"geometry":{"type":"LineString","coordinates":[[77.6165719,13.0393499],[77.6165458,13.0390595]]}},{"type":"Feature","properties":{"id":"1102795433","name":"","highway":"service","oneway":"no","maxspeed":""},"geometry":{"type":"LineString","coordinates":[[77.620196,13.0371017],[77.6206347,13.0370653]]}},{"type":"Feature","properties":{"id":"1102795434","name":"","highway":"residential","oneway":"no","maxspeed":""},"geometry":{"type":"LineString","coordinates":[[77.6185266,13.0361984],[77.6186655,13.0361655]]}},{"type":"Feature","properties":{"id":"1102795435","name":"","highway":"residential","oneway":"no","maxspeed":""},"geometry":{"type":"LineString","coordinates":[[77.6183681,13.0359886],[77.6185753,13.0359489]]}},{"type":"Feature","properties":{"id":"1102795436","name":"","highway":"residential","oneway":"no","maxspeed":""},"geometry":{"type":"LineString","coordinates":[[77.6182941,13.035707],[77.6184156,13.0356788]]}},{"type":"Feature","properties":{"id":"1102795437","name":"","highway":"residential","oneway":"no","maxspeed":""},"geometry":{"type":"LineString","coordinates":[[77.618218,13.035417],[77.6183572,13.0353829]]}},{"type":"Feature","properties":{"id":"1102795438","name":"","highway":"residential","oneway":"no","maxspeed":""},"geometry":{"type":"LineString","coordinates":[[77.6181509,13.0351605],[77.6183831,13.0351146]]}},{"type":"Feature","properties":{"id":"1102795439","name":"","highway":"service","oneway":"no","maxspeed":""},"geometry":{"type":"LineString","coordinates":[[77.6187303,13.0353034],[77.618852,13.0352794],[77.6188213,13.0350152]]}},{"type":"Feature","properties":{"id":"1102795440","name":"","highway":"residential","oneway":"no","maxspeed":""},"geometry":{"type":"LineString","coordinates":[[77.6205618,13.0358366],[77.620735,13.0358433]]}},{"type":"Feature","properties":{"id":"1102795443","name":"","highway":"residential","oneway":"no","maxspeed":""},"geometry":{"type":"LineString","coordinates":[[77.6206789,13.0338503],[77.6209397,13.0337603]]}},{"type":"Feature","properties":{"id":"1102797382","name":"","highway":"residential","oneway":"no","maxspeed":""},"geometry":{"type":"LineString","coordinates":[[77.6197861,13.0325202],[77.6200119,13.0324524]]}},{"type":"Feature","properties":{"id":"1102800396","name":"","highway":"residential","oneway":"no","maxspeed":""},"geometry":{"type":"LineString","coordinates":[[77.618787,13.0339561],[77.6186444,13.0336196]]}},{"type":"Feature","properties":{"id":"1102800397","name":"","highway":"residential","oneway":"no","maxspeed":""},"geometry":{"type":"LineString","coordinates":[[77.6174832,13.0331744],[77.6176389,13.0331223]]}},{"type":"Feature","properties":{"id":"1102800398","name":"","highway":"residential","oneway":"no","maxspeed":""},"geometry":{"type":"LineString","coordinates":[[77.6157806,13.032877],[77.616038,13.0327825]]}},{"type":"Feature","properties":{"id":"1102800399","name":"","highway":"residential","oneway":"no","maxspeed":""},"geometry":{"type":"LineString","coordinates":[[77.6158016,13.0331515],[77.6161198,13.033037],[77.6163646,13.0329507]]}},{"type":"Feature","properties":{"id":"1102800400","name":"","highway":"residential","oneway":"no","maxspeed":""},"geometry":{"type":"LineString","coordinates":[[77.6159483,13.0334716],[77.6162342,13.033386]]}},{"type":"Feature","properties":{"id":"1102800401","name":"","highway":"residential","oneway":"no","maxspeed":""},"geometry":{"type":"LineString","coordinates":[[77.6159881,13.0336183],[77.6163018,13.0335378]]}},{"type":"Feature","properties":{"id":"1102800402","name":"","highway":"residential","oneway":"no","maxspeed":""},"geometry":{"type":"LineString","coordinates":[[77.615943,13.0343373],[77.6161744,13.0342806]]}},{"type":"Feature","properties":{"id":"1102800403","name":"","highway":"residential","oneway":"no","maxspeed":""},"geometry":{"type":"LineString","coordinates":[[77.6160976,13.0347173],[77.616308,13.0346703]]}},{"type":"Feature","properties":{"id":"1102800404","name":"","highway":"residential","oneway":"no","maxspeed":""},"geometry":{"type":"LineString","coordinates":[[77.6153323,13.0331077],[77.615515,13.0330483]]}},{"type":"Feature","properties":{"id":"1102800405","name":"","highway":"residential","oneway":"no","maxspeed":""},"geometry":{"type":"LineString","coordinates":[[77.6146201,13.0320127],[77.6147222,13.0322135],[77.6147862,13.0323393],[77.6148185,13.0323841]]}},{"type":"Feature","properties":{"id":"1102800406","name":"","highway":"residential","oneway":"no","maxspeed":""},"geometry":{"type":"LineString","coordinates":[[77.6145753,13.0322689],[77.6147222,13.0322135]]}},{"type":"Feature","properties":{"id":"1102800407","name":"","highway":"residential","oneway":"no","maxspeed":""},"geometry":{"type":"LineString","coordinates":[[77.6143527,13.0316621],[77.6144485,13.0318521]]}},{"type":"Feature","properties":{"id":"1102800408","name":"","highway":"residential","oneway":"no","maxspeed":""},"geometry":{"type":"LineString","coordinates":[[77.6143527,13.0316621],[77.6137433,13.0319141]]}},{"type":"Feature","properties":{"id":"1102800410","name":"","highway":"residential","oneway":"no","maxspeed":""},"geometry":{"type":"LineString","coordinates":[[77.6136939,13.0332228],[77.6140037,13.0338554]]}},{"type":"Feature","properties":{"id":"1102800411","name":"","highway":"residential","oneway":"no","maxspeed":""},"geometry":{"type":"LineString","coordinates":[[77.6135172,13.0339476],[77.6140037,13.0338554],[77.614285,13.0337659]]}},{"type":"Feature","properties":{"id":"1102800412","name":"","highway":"residential","oneway":"no","maxspeed":""},"geometry":{"type":"LineString","coordinates":[[77.6132923,13.0338165],[77.6134532,13.0337642]]}},{"type":"Feature","properties":{"id":"1102803974","name":"","highway":"residential","oneway":"no","maxspeed":""},"geometry":{"type":"LineString","coordinates":[[77.6129255,13.0342822],[77.6132076,13.0342903],[77.6134362,13.0342678]]}},{"type":"Feature","properties":{"id":"1102803975","name":"","highway":"residential","oneway":"no","maxspeed":""},"geometry":{"type":"LineString","coordinates":[[77.6136714,13.0342717],[77.6138209,13.0343095],[77.6139282,13.0344018],[77.6140374,13.0345637]]}},{"type":"Feature","properties":{"id":"1102803976","name":"","highway":"residential","oneway":"no","maxspeed":""},"geometry":{"type":"LineString","coordinates":[[77.6135235,13.034982],[77.6143381,13.0348506]]}},{"type":"Feature","properties":{"id":"1102803977","name":"","highway":"residential","oneway":"no","maxspeed":""},"geometry":{"type":"LineString","coordinates":[[77.6128781,13.0362222],[77.6137149,13.0360176]]}},{"type":"Feature","properties":{"id":"1102803979","name":"","highway":"residential","oneway":"no","maxspeed":""},"geometry":{"type":"LineString","coordinates":[[77.6125458,13.0357468],[77.6126039,13.0359952]]}},{"type":"Feature","properties":{"id":"1102804290","name":"","highway":"residential","oneway":"no","maxspeed":""},"geometry":{"type":"LineString","coordinates":[[77.6154497,13.035954],[77.6155592,13.0365085]]}},{"type":"Feature","properties":{"id":"1102818265","name":"","highway":"residential","oneway":"no","maxspeed":""},"geometry":{"type":"LineString","coordinates":[[77.622373,13.0585405],[77.6225998,13.05848],[77.6228728,13.058406]]}},{"type":"Feature","properties":{"id":"1102818266","name":"","highway":"residential","oneway":"no","maxspeed":""},"geometry":{"type":"LineString","coordinates":[[77.623466,13.0579975],[77.6235116,13.0577754]]}},{"type":"Feature","properties":{"id":"1102818267","name":"","highway":"living_street","oneway":"no","maxspeed":""},"geometry":{"type":"LineString","coordinates":[[77.6241671,13.0587241],[77.6240767,13.0583744],[77.6240548,13.0582297],[77.6240356,13.0580925],[77.6240325,13.0579554],[77.6240192,13.0578296]]}},{"type":"Feature","properties":{"id":"1102818268","name":"","highway":"residential","oneway":"no","maxspeed":""},"geometry":{"type":"LineString","coordinates":[[77.6236223,13.0578209],[77.6237827,13.0576338],[77.6238945,13.0576198]]}},{"type":"Feature","properties":{"id":"1102818269","name":"","highway":"residential","oneway":"no","maxspeed":""},"geometry":{"type":"LineString","coordinates":[[77.6241826,13.057603],[77.624174,13.0574838],[77.624017,13.057488]]}},{"type":"Feature","properties":{"id":"1102818270","name":"","highway":"residential","oneway":"no","maxspeed":""},"geometry":{"type":"LineString","coordinates":[[77.6244185,13.0578958],[77.6246089,13.05789]]}},{"type":"Feature","properties":{"id":"1102821250","name":"","highway":"residential","oneway":"no","maxspeed":""},"geometry":{"type":"LineString","coordinates":[[77.6220538,13.0520598],[77.6220408,13.0511396],[77.6230976,13.0508925],[77.6239424,13.0507184],[77.6250172,13.0505034]]}},{"type":"Feature","properties":{"id":"1102826089","name":"","highway":"service","oneway":"no","maxspeed":""},"geometry":{"type":"LineString","coordinates":[[77.6218817,13.0468993],[77.6218004,13.0468745],[77.6217521,13.0468327],[77.6211942,13.0469464],[77.6210333,13.0461991]]}},{"type":"Feature","properties":{"id":"1102826090","name":"","highway":"service","oneway":"no","maxspeed":""},"geometry":{"type":"LineString","coordinates":[[77.6211756,13.0429439],[77.6212944,13.0428952],[77.6213034,13.0428911],[77.6213554,13.0428675],[77.6214387,13.0431705],[77.6214591,13.0431922],[77.6215099,13.0432061],[77.6218128,13.043113],[77.6216034,13.0422021],[77.6214225,13.0415327],[77.6214123,13.041505],[77.6213818,13.0414931],[77.6213513,13.0414931],[77.6213168,13.0415169],[77.6213005,13.0415704],[77.6212631,13.0423989],[77.6212558,13.0425605],[77.6213554,13.0428675]]}},{"type":"Feature","properties":{"id":"1102834326","name":"","highway":"service","oneway":"no","maxspeed":""},"geometry":{"type":"LineString","coordinates":[[77.6208685,13.0513996],[77.6211012,13.0513384],[77.6211387,13.0512744],[77.6219219,13.0510889],[77.6219725,13.0510099]]}},{"type":"Feature","properties":{"id":"1102834328","name":"","highway":"service","oneway":"no","maxspeed":""},"geometry":{"type":"LineString","coordinates":[[77.6221343,13.0493961],[77.6215361,13.0482653],[77.6216604,13.0481666]]}},{"type":"Feature","properties":{"id":"1102834329","name":"","highway":"service","oneway":"no","maxspeed":""},"geometry":{"type":"LineString","coordinates":[[77.6220243,13.0476146],[77.6224618,13.048347]]}},{"type":"Feature","properties":{"id":"1102834330","name":"","highway":"service","oneway":"no","maxspeed":""},"geometry":{"type":"LineString","coordinates":[[77.6222173,13.0475157],[77.6226522,13.0482372],[77.6226871,13.0482817],[77.6227246,13.0482921],[77.6227729,13.0482764],[77.6230861,13.0480859]]}},{"type":"Feature","properties":{"id":"1103264136","name":"Nagawara Flyover","highway":"trunk","oneway":"yes","maxspeed":"40"},"geometry":{"type":"LineString","coordinates":[[77.6226422,13.0410667],[77.6223858,13.0410604],[77.6220277,13.0410528],[77.6215483,13.0410373],[77.6187161,13.040945],[77.618647,13.0409432],[77.6180848,13.0409079],[77.6176181,13.0408804],[77.6173541,13.0408678]]}},{"type":"Feature","properties":{"id":"1104842844","name":"","highway":"residential","oneway":"no","maxspeed":""},"geometry":{"type":"LineString","coordinates":[[77.614661,13.0533482],[77.614658,13.0533079]]}},{"type":"Feature","properties":{"id":"1105475498","name":"","highway":"residential","oneway":"no","maxspeed":""},"geometry":{"type":"LineString","coordinates":[[77.5973416,13.0324994],[77.5973386,13.0324501],[77.5973215,13.0321918]]}},{"type":"Feature","properties":{"id":"1106796908","name":"","highway":"residential","oneway":"no","maxspeed":""},"geometry":{"type":"LineString","coordinates":[[77.6227996,13.0624029],[77.6228038,13.0624458],[77.6228968,13.0634063],[77.6224943,13.0634578]]}},{"type":"Feature","properties":{"id":"1107697444","name":"","highway":"service","oneway":"no","maxspeed":""},"geometry":{"type":"LineString","coordinates":[[77.6203941,13.0413969],[77.620629,13.0414103],[77.6206471,13.0413881]]}},{"type":"Feature","properties":{"id":"1108878660","name":"","highway":"service","oneway":"no","maxspeed":""},"geometry":{"type":"LineString","coordinates":[[77.6233342,13.0474338],[77.6233598,13.0475234]]}},{"type":"Feature","properties":{"id":"1110181659","name":"","highway":"residential","oneway":"no","maxspeed":""},"geometry":{"type":"LineString","coordinates":[[77.6042353,13.0566828],[77.6039035,13.0567306]]}},{"type":"Feature","properties":{"id":"1110222483","name":"","highway":"residential","oneway":"no","maxspeed":""},"geometry":{"type":"LineString","coordinates":[[77.6217589,13.0419584],[77.6218235,13.0422613]]}},{"type":"Feature","properties":{"id":"1110222484","name":"","highway":"residential","oneway":"no","maxspeed":""},"geometry":{"type":"LineString","coordinates":[[77.6222357,13.0422822],[77.6220097,13.0423152]]}},{"type":"Feature","properties":{"id":"1110222485","name":"","highway":"residential","oneway":"no","maxspeed":""},"geometry":{"type":"LineString","coordinates":[[77.6222769,13.0416021],[77.6224677,13.041561]]}},{"type":"Feature","properties":{"id":"1110243833","name":"","highway":"service","oneway":"no","maxspeed":""},"geometry":{"type":"LineString","coordinates":[[77.6223398,13.0334009],[77.622289,13.0334164],[77.6217713,13.0335741]]}},{"type":"Feature","properties":{"id":"1110245817","name":"","highway":"residential","oneway":"no","maxspeed":""},"geometry":{"type":"LineString","coordinates":[[77.6246979,13.0352961],[77.6244264,13.034762]]}},{"type":"Feature","properties":{"id":"1110245818","name":"","highway":"residential","oneway":"no","maxspeed":""},"geometry":{"type":"LineString","coordinates":[[77.6240356,13.0354399],[77.6239925,13.035192]]}},{"type":"Feature","properties":{"id":"1110245820","name":"","highway":"residential","oneway":"no","maxspeed":""},"geometry":{"type":"LineString","coordinates":[[77.6223362,13.0353587],[77.6226608,13.0352752]]}},{"type":"Feature","properties":{"id":"1110245821","name":"","highway":"residential","oneway":"no","maxspeed":""},"geometry":{"type":"LineString","coordinates":[[77.6227116,13.0351811],[77.6229746,13.0351304]]}},{"type":"Feature","properties":{"id":"1110246624","name":"","highway":"residential","oneway":"no","maxspeed":""},"geometry":{"type":"LineString","coordinates":[[77.6222236,13.0370561],[77.6221455,13.0367122]]}},{"type":"Feature","properties":{"id":"1110249897","name":"","highway":"residential","oneway":"no","maxspeed":""},"geometry":{"type":"LineString","coordinates":[[77.6236063,13.0369878],[77.623677,13.0374041]]}},{"type":"Feature","properties":{"id":"1110249899","name":"","highway":"residential","oneway":"no","maxspeed":""},"geometry":{"type":"LineString","coordinates":[[77.6234552,13.0380453],[77.6239111,13.0379933],[77.6238941,13.0378355],[77.6238755,13.0376883]]}},{"type":"Feature","properties":{"id":"1110249900","name":"","highway":"residential","oneway":"no","maxspeed":""},"geometry":{"type":"LineString","coordinates":[[77.6239111,13.0379933],[77.6239284,13.0381448]]}},{"type":"Feature","properties":{"id":"1110249901","name":"","highway":"residential","oneway":"no","maxspeed":""},"geometry":{"type":"LineString","coordinates":[[77.622901,13.0383611],[77.6229153,13.0380875]]}},{"type":"Feature","properties":{"id":"1110249902","name":"","highway":"residential","oneway":"no","maxspeed":""},"geometry":{"type":"LineString","coordinates":[[77.6235657,13.0386167],[77.62412,13.0385938]]}},{"type":"Feature","properties":{"id":"1110249903","name":"","highway":"residential","oneway":"no","maxspeed":""},"geometry":{"type":"LineString","coordinates":[[77.6230429,13.0392921],[77.623259,13.0393326]]}},{"type":"Feature","properties":{"id":"1110249905","name":"","highway":"residential","oneway":"no","maxspeed":""},"geometry":{"type":"LineString","coordinates":[[77.6222457,13.0380007],[77.622734,13.0379134],[77.6228981,13.037892]]}},{"type":"Feature","properties":{"id":"1111252961","name":"","highway":"residential","oneway":"no","maxspeed":""},"geometry":{"type":"LineString","coordinates":[[77.6058639,13.0595291],[77.6062747,13.0595603]]}},{"type":"Feature","properties":{"id":"1111252962","name":"","highway":"residential","oneway":"no","maxspeed":""},"geometry":{"type":"LineString","coordinates":[[77.6058926,13.0592317],[77.6062023,13.0592532]]}},{"type":"Feature","properties":{"id":"1111252963","name":"","highway":"residential","oneway":"no","maxspeed":""},"geometry":{"type":"LineString","coordinates":[[77.605922,13.0589266],[77.6061618,13.0589358]]}},{"type":"Feature","properties":{"id":"1111252964","name":"","highway":"residential","oneway":"no","maxspeed":""},"geometry":{"type":"LineString","coordinates":[[77.6071027,13.0602598],[77.6070814,13.060697]]}},{"type":"Feature","properties":{"id":"1111252965","name":"","highway":"residential","oneway":"no","maxspeed":""},"geometry":{"type":"LineString","coordinates":[[77.6081997,13.0603766],[77.6082193,13.0603887],[77.6082462,13.0603936],[77.6087167,13.0603175]]}},{"type":"Feature","properties":{"id":"1111252966","name":"","highway":"residential","oneway":"no","maxspeed":""},"geometry":{"type":"LineString","coordinates":[[77.6075946,13.0592807],[77.6079917,13.0592885]]}},{"type":"Feature","properties":{"id":"1111252967","name":"","highway":"residential","oneway":"yes","maxspeed":""},"geometry":{"type":"LineString","coordinates":[[77.6104812,13.0593955],[77.6103698,13.0594146],[77.6102372,13.0594295]]}},{"type":"Feature","properties":{"id":"1111252968","name":"","highway":"residential","oneway":"yes","maxspeed":""},"geometry":{"type":"LineString","coordinates":[[77.6095134,13.0598662],[77.6095257,13.0599893],[77.6095627,13.0601183],[77.6095842,13.0601633],[77.609615,13.0601843],[77.6096767,13.0601903],[77.6097722,13.0601663],[77.6099201,13.0600973],[77.6100618,13.0599532],[77.6101388,13.0598302],[77.6102208,13.0596836],[77.6102191,13.0595709],[77.6102225,13.0595449]]}},{"type":"Feature","properties":{"id":"1111252969","name":"","highway":"residential","oneway":"yes","maxspeed":""},"geometry":{"type":"LineString","coordinates":[[77.6097414,13.059491],[77.609615,13.059476],[77.6094949,13.059473],[77.6093932,13.059494],[77.6093501,13.05953],[77.6093377,13.0595751],[77.6093562,13.0596051],[77.6093901,13.0596351],[77.609424,13.0596741],[77.6094671,13.0597131],[77.6094887,13.0597491],[77.6095041,13.0597942],[77.6095134,13.0598662]]}},{"type":"Feature","properties":{"id":"1111252970","name":"","highway":"service","oneway":"no","maxspeed":""},"geometry":{"type":"LineString","coordinates":[[77.612604,13.0599047],[77.6127683,13.0593213]]}},{"type":"Feature","properties":{"id":"1111252971","name":"Kempegowda Road","highway":"tertiary","oneway":"no","maxspeed":""},"geometry":{"type":"LineString","coordinates":[[77.6096505,13.0666608],[77.6097625,13.0665365],[77.6097514,13.0664579],[77.6097189,13.066255],[77.6096701,13.0659045],[77.609632,13.065631],[77.6095448,13.0649676],[77.6095325,13.0648737],[77.609521,13.0647863],[77.6095139,13.0647322],[77.6093959,13.0641573],[77.6092683,13.063442]]}},{"type":"Feature","properties":{"id":"1111252972","name":"Kempegowda Road","highway":"tertiary","oneway":"no","maxspeed":""},"geometry":{"type":"LineString","coordinates":[[77.6092683,13.063442],[77.6092577,13.0633831]]}},{"type":"Feature","properties":{"id":"1111253030","name":"","highway":"residential","oneway":"no","maxspeed":""},"geometry":{"type":"LineString","coordinates":[[77.6115683,13.0587509],[77.6114341,13.0587246]]}},{"type":"Feature","properties":{"id":"1111253390","name":"","highway":"residential","oneway":"no","maxspeed":""},"geometry":{"type":"LineString","coordinates":[[77.6067131,13.0558745],[77.6062805,13.0558701]]}},{"type":"Feature","properties":{"id":"1111253391","name":"","highway":"residential","oneway":"no","maxspeed":""},"geometry":{"type":"LineString","coordinates":[[77.6073723,13.0566919],[77.6073254,13.0563093]]}},{"type":"Feature","properties":{"id":"1111253392","name":"","highway":"residential","oneway":"no","maxspeed":""},"geometry":{"type":"LineString","coordinates":[[77.6076922,13.0568763],[77.6068374,13.0568894]]}},{"type":"Feature","properties":{"id":"1111253393","name":"","highway":"residential","oneway":"no","maxspeed":""},"geometry":{"type":"LineString","coordinates":[[77.6088508,13.0559067],[77.6085815,13.0559646]]}},{"type":"Feature","properties":{"id":"1111253394","name":"","highway":"residential","oneway":"no","maxspeed":""},"geometry":{"type":"LineString","coordinates":[[77.6082615,13.0580833],[77.6083328,13.0583265]]}},{"type":"Feature","properties":{"id":"1111253395","name":"","highway":"residential","oneway":"no","maxspeed":""},"geometry":{"type":"LineString","coordinates":[[77.608532,13.0579784],[77.60862,13.0582822]]}},{"type":"Feature","properties":{"id":"1111253396","name":"","highway":"residential","oneway":"no","maxspeed":""},"geometry":{"type":"LineString","coordinates":[[77.6097313,13.0575288],[77.6098945,13.0580387]]}},{"type":"Feature","properties":{"id":"1111253397","name":"","highway":"residential","oneway":"no","maxspeed":""},"geometry":{"type":"LineString","coordinates":[[77.6101662,13.0573682],[77.610049,13.0569985]]}},{"type":"Feature","properties":{"id":"1111254306","name":"","highway":"residential","oneway":"no","maxspeed":""},"geometry":{"type":"LineString","coordinates":[[77.6115948,13.0581112],[77.611766,13.0581124]]}},{"type":"Feature","properties":{"id":"1111256487","name":"","highway":"residential","oneway":"no","maxspeed":""},"geometry":{"type":"LineString","coordinates":[[77.6040769,13.0533219],[77.6039785,13.0529507]]}},{"type":"Feature","properties":{"id":"1111256488","name":"","highway":"residential","oneway":"no","maxspeed":""},"geometry":{"type":"LineString","coordinates":[[77.6034325,13.0513344],[77.6034876,13.0516709]]}},{"type":"Feature","properties":{"id":"1111256489","name":"","highway":"residential","oneway":"no","maxspeed":""},"geometry":{"type":"LineString","coordinates":[[77.6034325,13.0513344],[77.6033731,13.0508501]]}},{"type":"Feature","properties":{"id":"1111256490","name":"","highway":"residential","oneway":"no","maxspeed":""},"geometry":{"type":"LineString","coordinates":[[77.6055345,13.0502381],[77.6055208,13.0499116]]}},{"type":"Feature","properties":{"id":"1111256491","name":"","highway":"residential","oneway":"no","maxspeed":""},"geometry":{"type":"LineString","coordinates":[[77.6055208,13.0499116],[77.6054857,13.0494212]]}},{"type":"Feature","properties":{"id":"1111257143","name":"","highway":"residential","oneway":"no","maxspeed":""},"geometry":{"type":"LineString","coordinates":[[77.6088344,13.0508042],[77.6088507,13.0510731]]}},{"type":"Feature","properties":{"id":"1111257144","name":"","highway":"residential","oneway":"no","maxspeed":""},"geometry":{"type":"LineString","coordinates":[[77.6092464,13.0507332],[77.6092532,13.0507772],[77.6092996,13.0511171]]}},{"type":"Feature","properties":{"id":"1111257145","name":"","highway":"residential","oneway":"yes","maxspeed":""},"geometry":{"type":"LineString","coordinates":[[77.6096161,13.0507372],[77.6096059,13.0507135],[77.6095852,13.0506656]]}},{"type":"Feature","properties":{"id":"1111257146","name":"","highway":"residential","oneway":"no","maxspeed":""},"geometry":{"type":"LineString","coordinates":[[77.6099454,13.0507874],[77.6102559,13.0507233]]}},{"type":"Feature","properties":{"id":"1111257147","name":"","highway":"residential","oneway":"no","maxspeed":""},"geometry":{"type":"LineString","coordinates":[[77.6102559,13.0507233],[77.6103297,13.0507063]]}},{"type":"Feature","properties":{"id":"1111257148","name":"","highway":"residential","oneway":"no","maxspeed":""},"geometry":{"type":"LineString","coordinates":[[77.6102559,13.0507233],[77.6104506,13.0514258]]}},{"type":"Feature","properties":{"id":"1111257158","name":"","highway":"residential","oneway":"no","maxspeed":""},"geometry":{"type":"LineString","coordinates":[[77.6096819,13.051291],[77.6096375,13.0511019]]}},{"type":"Feature","properties":{"id":"1111257359","name":"","highway":"residential","oneway":"no","maxspeed":""},"geometry":{"type":"LineString","coordinates":[[77.6119452,13.0512141],[77.6122225,13.0512042]]}},{"type":"Feature","properties":{"id":"1111257360","name":"","highway":"residential","oneway":"no","maxspeed":""},"geometry":{"type":"LineString","coordinates":[[77.6119459,13.0509983],[77.6122265,13.0509785]]}},{"type":"Feature","properties":{"id":"1111257361","name":"","highway":"residential","oneway":"no","maxspeed":""},"geometry":{"type":"LineString","coordinates":[[77.611079,13.0520551],[77.6112567,13.0520278]]}},{"type":"Feature","properties":{"id":"1111257362","name":"","highway":"residential","oneway":"no","maxspeed":""},"geometry":{"type":"LineString","coordinates":[[77.61192,13.0523882],[77.6114496,13.052376]]}},{"type":"Feature","properties":{"id":"1111258202","name":"","highway":"residential","oneway":"no","maxspeed":""},"geometry":{"type":"LineString","coordinates":[[77.6083454,13.0536867],[77.6082728,13.0532527]]}},{"type":"Feature","properties":{"id":"1111258203","name":"","highway":"residential","oneway":"no","maxspeed":""},"geometry":{"type":"LineString","coordinates":[[77.6084787,13.0525616],[77.6085531,13.0530749],[77.6085747,13.0532237]]}},{"type":"Feature","properties":{"id":"1111258204","name":"","highway":"residential","oneway":"no","maxspeed":""},"geometry":{"type":"LineString","coordinates":[[77.6085531,13.0530749],[77.6089999,13.0530526]]}},{"type":"Feature","properties":{"id":"1111258205","name":"","highway":"residential","oneway":"no","maxspeed":""},"geometry":{"type":"LineString","coordinates":[[77.6102255,13.053646],[77.6101181,13.053297]]}},{"type":"Feature","properties":{"id":"1111258206","name":"","highway":"residential","oneway":"no","maxspeed":""},"geometry":{"type":"LineString","coordinates":[[77.6118717,13.0532804],[77.6113237,13.0533828]]}},{"type":"Feature","properties":{"id":"1111258207","name":"","highway":"residential","oneway":"no","maxspeed":""},"geometry":{"type":"LineString","coordinates":[[77.6121318,13.0532044],[77.6122225,13.0536057]]}},{"type":"Feature","properties":{"id":"1111258208","name":"","highway":"residential","oneway":"no","maxspeed":""},"geometry":{"type":"LineString","coordinates":[[77.6081529,13.0518465],[77.6084397,13.0518091]]}},{"type":"Feature","properties":{"id":"1111258499","name":"","highway":"residential","oneway":"no","maxspeed":""},"geometry":{"type":"LineString","coordinates":[[77.6136801,13.0523019],[77.61332,13.0522624]]}},{"type":"Feature","properties":{"id":"1111259182","name":"","highway":"service","oneway":"no","maxspeed":""},"geometry":{"type":"LineString","coordinates":[[77.6081715,13.0484621],[77.6081695,13.0484081],[77.6081635,13.0482515],[77.6081617,13.0482291],[77.6081528,13.0482084],[77.608139,13.0481926],[77.608121,13.0481814],[77.6081005,13.0481757],[77.6080066,13.0481326],[77.6079853,13.0481144],[77.6079704,13.0480908],[77.6079635,13.0480664],[77.6079637,13.0480412],[77.6079771,13.0476283],[77.607974,13.0475926],[77.607965,13.0475578],[77.6079496,13.0475231],[77.6079284,13.0474914],[77.607902,13.0474637],[77.6078671,13.0473814],[77.6078591,13.0472821]]}},{"type":"Feature","properties":{"id":"1111259183","name":"","highway":"service","oneway":"no","maxspeed":""},"geometry":{"type":"LineString","coordinates":[[77.608619,13.0484791],[77.6086182,13.0485275],[77.6086096,13.048988]]}},{"type":"Feature","properties":{"id":"1111259184","name":"","highway":"residential","oneway":"no","maxspeed":""},"geometry":{"type":"LineString","coordinates":[[77.6114159,13.049052],[77.6114074,13.0492339]]}},{"type":"Feature","properties":{"id":"1111259860","name":"","highway":"residential","oneway":"no","maxspeed":""},"geometry":{"type":"LineString","coordinates":[[77.6133791,13.0481163],[77.6133862,13.047953],[77.6133918,13.0477074]]}},{"type":"Feature","properties":{"id":"1111259861","name":"","highway":"residential","oneway":"no","maxspeed":""},"geometry":{"type":"LineString","coordinates":[[77.6147979,13.0486213],[77.6147887,13.0484724]]}},{"type":"Feature","properties":{"id":"1111259862","name":"","highway":"residential","oneway":"no","maxspeed":""},"geometry":{"type":"LineString","coordinates":[[77.6153491,13.0487214],[77.6153346,13.0485798],[77.615309,13.0482927]]}},{"type":"Feature","properties":{"id":"1111259863","name":"","highway":"residential","oneway":"no","maxspeed":""},"geometry":{"type":"LineString","coordinates":[[77.6171663,13.0483077],[77.6174412,13.0482817]]}},{"type":"Feature","properties":{"id":"1111259864","name":"","highway":"residential","oneway":"no","maxspeed":""},"geometry":{"type":"LineString","coordinates":[[77.617655,13.0494348],[77.6176979,13.049762]]}},{"type":"Feature","properties":{"id":"1111259865","name":"","highway":"residential","oneway":"no","maxspeed":""},"geometry":{"type":"LineString","coordinates":[[77.617655,13.0494348],[77.6180821,13.0493899],[77.6181106,13.0496511]]}},{"type":"Feature","properties":{"id":"1111260695","name":"","highway":"residential","oneway":"no","maxspeed":""},"geometry":{"type":"LineString","coordinates":[[77.6071647,13.0548006],[77.6069467,13.0548431]]}},{"type":"Feature","properties":{"id":"1111260696","name":"","highway":"residential","oneway":"no","maxspeed":""},"geometry":{"type":"LineString","coordinates":[[77.6089038,13.0539569],[77.6090377,13.05448]]}},{"type":"Feature","properties":{"id":"1111261322","name":"","highway":"residential","oneway":"no","maxspeed":""},"geometry":{"type":"LineString","coordinates":[[77.6123868,13.0548217],[77.6124689,13.055512]]}},{"type":"Feature","properties":{"id":"1111261675","name":"","highway":"service","oneway":"no","maxspeed":""},"geometry":{"type":"LineString","coordinates":[[77.6038914,13.0432585],[77.6041204,13.0432375],[77.604184,13.043215],[77.6042039,13.043131],[77.6041871,13.042994],[77.6041983,13.0429008],[77.6042799,13.0428597],[77.6045246,13.0428405]]}},{"type":"Feature","properties":{"id":"1111262290","name":"","highway":"service","oneway":"no","maxspeed":""},"geometry":{"type":"LineString","coordinates":[[77.6162878,13.0445485],[77.6163172,13.044676]]}},{"type":"Feature","properties":{"id":"1111262291","name":"","highway":"service","oneway":"no","maxspeed":""},"geometry":{"type":"LineString","coordinates":[[77.6161462,13.0439938],[77.6168894,13.0438133]]}},{"type":"Feature","properties":{"id":"1111262616","name":"","highway":"service","oneway":"yes","maxspeed":""},"geometry":{"type":"LineString","coordinates":[[77.6185015,13.0447434],[77.619009,13.0446404]]}},{"type":"Feature","properties":{"id":"1111263342","name":"","highway":"service","oneway":"no","maxspeed":""},"geometry":{"type":"LineString","coordinates":[[77.6203568,13.0474784],[77.620342,13.0474049],[77.6203244,13.0473144]]}},{"type":"Feature","properties":{"id":"1111263343","name":"","highway":"service","oneway":"no","maxspeed":""},"geometry":{"type":"LineString","coordinates":[[77.6203244,13.0473144],[77.6200495,13.0473601]]}},{"type":"Feature","properties":{"id":"1111263344","name":"","highway":"service","oneway":"no","maxspeed":""},"geometry":{"type":"LineString","coordinates":[[77.6203244,13.0473144],[77.6209118,13.0471798]]}},{"type":"Feature","properties":{"id":"1111263345","name":"","highway":"service","oneway":"no","maxspeed":""},"geometry":{"type":"LineString","coordinates":[[77.6209118,13.0471798],[77.6207348,13.0464495]]}},{"type":"Feature","properties":{"id":"1111263346","name":"","highway":"service","oneway":"no","maxspeed":""},"geometry":{"type":"LineString","coordinates":[[77.6200495,13.0473601],[77.6199007,13.0465985]]}},{"type":"Feature","properties":{"id":"1111263347","name":"","highway":"service","oneway":"no","maxspeed":""},"geometry":{"type":"LineString","coordinates":[[77.6199007,13.0465985],[77.6207348,13.0464495]]}},{"type":"Feature","properties":{"id":"1111263348","name":"","highway":"service","oneway":"no","maxspeed":""},"geometry":{"type":"LineString","coordinates":[[77.6208543,13.0463746],[77.6208063,13.0463858],[77.6207565,13.0463911],[77.6207348,13.0464495]]}},{"type":"Feature","properties":{"id":"1111264053","name":"","highway":"service","oneway":"no","maxspeed":""},"geometry":{"type":"LineString","coordinates":[[77.619628,13.0483235],[77.6189247,13.0484198],[77.6188116,13.0483569],[77.6187369,13.0480066]]}},{"type":"Feature","properties":{"id":"1111264054","name":"","highway":"service","oneway":"no","maxspeed":""},"geometry":{"type":"LineString","coordinates":[[77.6187369,13.0480066],[77.618702,13.0480116],[77.6184915,13.0480417]]}},{"type":"Feature","properties":{"id":"1111264055","name":"","highway":"service","oneway":"yes","maxspeed":""},"geometry":{"type":"LineString","coordinates":[[77.619141,13.0499709],[77.6192506,13.0499769],[77.6193211,13.0499807]]}},{"type":"Feature","properties":{"id":"1111264056","name":"","highway":"service","oneway":"yes","maxspeed":""},"geometry":{"type":"LineString","coordinates":[[77.6193259,13.0498738],[77.6192537,13.0498698],[77.6191461,13.0498647]]}},{"type":"Feature","properties":{"id":"1111264057","name":"","highway":"service","oneway":"yes","maxspeed":""},"geometry":{"type":"LineString","coordinates":[[77.6184331,13.049942],[77.6184661,13.0499618],[77.618519,13.0499675],[77.619141,13.0499709]]}},{"type":"Feature","properties":{"id":"1111264058","name":"","highway":"service","oneway":"yes","maxspeed":""},"geometry":{"type":"LineString","coordinates":[[77.618494,13.0492164],[77.618428,13.049914],[77.6184331,13.049942]]}},{"type":"Feature","properties":{"id":"1111264059","name":"","highway":"service","oneway":"yes","maxspeed":""},"geometry":{"type":"LineString","coordinates":[[77.6191118,13.0491687],[77.6190581,13.0491527],[77.6189693,13.049155],[77.6188691,13.0491616],[77.6187288,13.0491709],[77.6185747,13.0491823],[77.6185263,13.0491947],[77.618494,13.0492164]]}},{"type":"Feature","properties":{"id":"1111264060","name":"","highway":"service","oneway":"yes","maxspeed":""},"geometry":{"type":"LineString","coordinates":[[77.6191461,13.0498647],[77.6191491,13.0492164],[77.6191351,13.0491869],[77.6191118,13.0491687]]}},{"type":"Feature","properties":{"id":"1111264061","name":"","highway":"service","oneway":"no","maxspeed":""},"geometry":{"type":"LineString","coordinates":[[77.619141,13.0499709],[77.6191461,13.0498647]]}},{"type":"Feature","properties":{"id":"1111264062","name":"","highway":"service","oneway":"no","maxspeed":""},"geometry":{"type":"LineString","coordinates":[[77.6199853,13.0495567],[77.6198925,13.0495277],[77.619788,13.0495384],[77.6196031,13.0496521]]}},{"type":"Feature","properties":{"id":"1111264361","name":"","highway":"service","oneway":"no","maxspeed":""},"geometry":{"type":"LineString","coordinates":[[77.6201168,13.0507469],[77.6200912,13.0506666]]}},{"type":"Feature","properties":{"id":"1111264362","name":"","highway":"service","oneway":"no","maxspeed":""},"geometry":{"type":"LineString","coordinates":[[77.620869,13.0500169],[77.6206978,13.0494177],[77.6203967,13.0493617],[77.6203464,13.0493524]]}},{"type":"Feature","properties":{"id":"1111264644","name":"","highway":"residential","oneway":"no","maxspeed":""},"geometry":{"type":"LineString","coordinates":[[77.617059,13.0510773],[77.617059,13.0514087]]}},{"type":"Feature","properties":{"id":"1111405938","name":"","highway":"residential","oneway":"no","maxspeed":""},"geometry":{"type":"LineString","coordinates":[[77.6049244,13.0544826],[77.6052497,13.054423]]}},{"type":"Feature","properties":{"id":"1111432545","name":"","highway":"residential","oneway":"yes","maxspeed":""},"geometry":{"type":"LineString","coordinates":[[77.587883,13.0577513],[77.5878955,13.0578386],[77.5879092,13.0579144]]}},{"type":"Feature","properties":{"id":"1111432548","name":"","highway":"service","oneway":"no","maxspeed":""},"geometry":{"type":"LineString","coordinates":[[77.5908519,13.059754],[77.5909744,13.0603095]]}},{"type":"Feature","properties":{"id":"1111432556","name":"","highway":"residential","oneway":"no","maxspeed":""},"geometry":{"type":"LineString","coordinates":[[77.5911585,13.0586918],[77.5910563,13.0582241]]}},{"type":"Feature","properties":{"id":"1111437119","name":"","highway":"service","oneway":"no","maxspeed":""},"geometry":{"type":"LineString","coordinates":[[77.592203,13.0579614],[77.5928162,13.0578667]]}},{"type":"Feature","properties":{"id":"1111437120","name":"","highway":"living_street","oneway":"no","maxspeed":""},"geometry":{"type":"LineString","coordinates":[[77.5899023,13.0571266],[77.5898873,13.0570252]]}},{"type":"Feature","properties":{"id":"1111442064","name":"","highway":"residential","oneway":"no","maxspeed":""},"geometry":{"type":"LineString","coordinates":[[77.5904302,13.0564545],[77.5904152,13.0566867],[77.5901384,13.056685]]}},{"type":"Feature","properties":{"id":"1111442065","name":"","highway":"residential","oneway":"no","maxspeed":""},"geometry":{"type":"LineString","coordinates":[[77.5904152,13.0566867],[77.590605,13.0566862]]}},{"type":"Feature","properties":{"id":"1111458956","name":"","highway":"residential","oneway":"no","maxspeed":""},"geometry":{"type":"LineString","coordinates":[[77.596795,13.0626843],[77.5968293,13.0629006],[77.5968336,13.062928]]}},{"type":"Feature","properties":{"id":"1111459478","name":"","highway":"residential","oneway":"no","maxspeed":""},"geometry":{"type":"LineString","coordinates":[[77.5910746,13.0562128],[77.5911991,13.056513]]}},{"type":"Feature","properties":{"id":"1111459480","name":"","highway":"service","oneway":"no","maxspeed":""},"geometry":{"type":"LineString","coordinates":[[77.589756,13.0519838],[77.5906333,13.051803]]}},{"type":"Feature","properties":{"id":"1111459481","name":"","highway":"service","oneway":"no","maxspeed":""},"geometry":{"type":"LineString","coordinates":[[77.589456,13.0508363],[77.5904647,13.0506215]]}},{"type":"Feature","properties":{"id":"1111459482","name":"","highway":"service","oneway":"no","maxspeed":""},"geometry":{"type":"LineString","coordinates":[[77.5885858,13.0509227],[77.589029,13.0508177],[77.5887798,13.0498398],[77.5892441,13.0497275]]}},{"type":"Feature","properties":{"id":"1111459483","name":"","highway":"service","oneway":"no","maxspeed":""},"geometry":{"type":"LineString","coordinates":[[77.5909545,13.0493448],[77.5908853,13.0490091]]}},{"type":"Feature","properties":{"id":"1111459485","name":"","highway":"residential","oneway":"no","maxspeed":""},"geometry":{"type":"LineString","coordinates":[[77.5895728,13.0547638],[77.5896427,13.0547546],[77.5896055,13.0545798]]}},{"type":"Feature","properties":{"id":"1111459486","name":"","highway":"residential","oneway":"no","maxspeed":""},"geometry":{"type":"LineString","coordinates":[[77.5896749,13.054875],[77.5896427,13.0547546]]}},{"type":"Feature","properties":{"id":"1111459487","name":"","highway":"residential","oneway":"no","maxspeed":""},"geometry":{"type":"LineString","coordinates":[[77.5895691,13.0544047],[77.5895509,13.0542535]]}},{"type":"Feature","properties":{"id":"1111459488","name":"","highway":"residential","oneway":"no","maxspeed":""},"geometry":{"type":"LineString","coordinates":[[77.5899589,13.0552532],[77.5898245,13.0548568]]}},{"type":"Feature","properties":{"id":"1111472962","name":"","highway":"service","oneway":"no","maxspeed":""},"geometry":{"type":"LineString","coordinates":[[77.5932065,13.0562696],[77.5922971,13.0563764]]}},{"type":"Feature","properties":{"id":"1111472963","name":"","highway":"service","oneway":"no","maxspeed":""},"geometry":{"type":"LineString","coordinates":[[77.5917838,13.0566377],[77.5918497,13.0570168]]}},{"type":"Feature","properties":{"id":"1111472964","name":"","highway":"service","oneway":"no","maxspeed":""},"geometry":{"type":"LineString","coordinates":[[77.593685,13.0593574],[77.5937468,13.0593436],[77.5942997,13.0592672],[77.5948579,13.0591914]]}},{"type":"Feature","properties":{"id":"1111472965","name":"","highway":"service","oneway":"no","maxspeed":""},"geometry":{"type":"LineString","coordinates":[[77.5942927,13.0559581],[77.5942861,13.0559087],[77.5942689,13.0557802]]}},{"type":"Feature","properties":{"id":"1111472966","name":"","highway":"service","oneway":"no","maxspeed":""},"geometry":{"type":"LineString","coordinates":[[77.5941961,13.0559722],[77.5941893,13.055916],[77.5941742,13.0557901]]}},{"type":"Feature","properties":{"id":"1111472968","name":"","highway":"residential","oneway":"no","maxspeed":""},"geometry":{"type":"LineString","coordinates":[[77.5961836,13.0566165],[77.5961131,13.0563896]]}},{"type":"Feature","properties":{"id":"1111472969","name":"","highway":"residential","oneway":"no","maxspeed":""},"geometry":{"type":"LineString","coordinates":[[77.5958972,13.0567116],[77.5958184,13.0564842]]}},{"type":"Feature","properties":{"id":"1111472970","name":"","highway":"service","oneway":"no","maxspeed":""},"geometry":{"type":"LineString","coordinates":[[77.5950826,13.0530312],[77.5953235,13.0534295]]}},{"type":"Feature","properties":{"id":"1111472971","name":"","highway":"service","oneway":"no","maxspeed":""},"geometry":{"type":"LineString","coordinates":[[77.5948604,13.0518999],[77.5949228,13.0522347],[77.5950599,13.0522182],[77.5950165,13.0518785]]}},{"type":"Feature","properties":{"id":"1111472972","name":"","highway":"service","oneway":"no","maxspeed":""},"geometry":{"type":"LineString","coordinates":[[77.5960112,13.0510555],[77.5960674,13.0516764]]}},{"type":"Feature","properties":{"id":"1111472973","name":"","highway":"service","oneway":"no","maxspeed":""},"geometry":{"type":"LineString","coordinates":[[77.5961376,13.0510335],[77.5962812,13.0518012]]}},{"type":"Feature","properties":{"id":"1111472976","name":"","highway":"residential","oneway":"no","maxspeed":""},"geometry":{"type":"LineString","coordinates":[[77.5976036,13.0508363],[77.5973322,13.050863]]}},{"type":"Feature","properties":{"id":"1111472977","name":"","highway":"service","oneway":"no","maxspeed":""},"geometry":{"type":"LineString","coordinates":[[77.5981132,13.0500311],[77.5981191,13.050091],[77.5981995,13.050905]]}},{"type":"Feature","properties":{"id":"1111472978","name":"","highway":"service","oneway":"no","maxspeed":""},"geometry":{"type":"LineString","coordinates":[[77.5988182,13.049965],[77.5988244,13.0500062],[77.5989596,13.051026]]}},{"type":"Feature","properties":{"id":"1111472979","name":"","highway":"residential","oneway":"no","maxspeed":""},"geometry":{"type":"LineString","coordinates":[[77.6005233,13.0503477],[77.6004797,13.0497548]]}},{"type":"Feature","properties":{"id":"1111480260","name":"","highway":"residential","oneway":"no","maxspeed":""},"geometry":{"type":"LineString","coordinates":[[77.6009789,13.0502936],[77.6009973,13.0505577]]}},{"type":"Feature","properties":{"id":"1111480261","name":"","highway":"residential","oneway":"no","maxspeed":""},"geometry":{"type":"LineString","coordinates":[[77.6012855,13.0501371],[77.6017755,13.0500684]]}},{"type":"Feature","properties":{"id":"1111480262","name":"","highway":"service","oneway":"no","maxspeed":""},"geometry":{"type":"LineString","coordinates":[[77.6011804,13.0488623],[77.6012681,13.0488475],[77.6021225,13.0487033],[77.602013,13.0480895],[77.6019712,13.0480255],[77.6019226,13.0480238],[77.6011266,13.0481735],[77.6010632,13.0481854]]}},{"type":"Feature","properties":{"id":"1111480263","name":"","highway":"residential","oneway":"no","maxspeed":""},"geometry":{"type":"LineString","coordinates":[[77.5999536,13.0478692],[77.6002661,13.0478174]]}},{"type":"Feature","properties":{"id":"1111480264","name":"","highway":"residential","oneway":"no","maxspeed":""},"geometry":{"type":"LineString","coordinates":[[77.5999299,13.047583],[77.6002236,13.0475345]]}},{"type":"Feature","properties":{"id":"1111480265","name":"","highway":"residential","oneway":"no","maxspeed":""},"geometry":{"type":"LineString","coordinates":[[77.5990997,13.0474382],[77.5991873,13.0476851],[77.5992346,13.0477508],[77.5993245,13.047792],[77.5995245,13.0477874]]}},{"type":"Feature","properties":{"id":"1111480266","name":"","highway":"residential","oneway":"no","maxspeed":""},"geometry":{"type":"LineString","coordinates":[[77.5979367,13.0468711],[77.5982181,13.0468712]]}},{"type":"Feature","properties":{"id":"1111480267","name":"","highway":"residential","oneway":"no","maxspeed":""},"geometry":{"type":"LineString","coordinates":[[77.5979171,13.046602],[77.5982194,13.0466033]]}},{"type":"Feature","properties":{"id":"1111480268","name":"","highway":"service","oneway":"no","maxspeed":""},"geometry":{"type":"LineString","coordinates":[[77.5979449,13.0471063],[77.5976133,13.0470684],[77.5975757,13.0470475],[77.5975113,13.0470175],[77.5970795,13.0469548],[77.597058,13.0469391],[77.5970433,13.046909],[77.5971506,13.0462467],[77.5971667,13.046231],[77.5972015,13.0462271],[77.5978951,13.0463155]]}},{"type":"Feature","properties":{"id":"1111480269","name":"","highway":"residential","oneway":"no","maxspeed":""},"geometry":{"type":"LineString","coordinates":[[77.5978409,13.0490592],[77.5978339,13.0485538]]}},{"type":"Feature","properties":{"id":"1111480271","name":"","highway":"residential","oneway":"no","maxspeed":""},"geometry":{"type":"LineString","coordinates":[[77.598045,13.0482813],[77.5977676,13.0482668]]}},{"type":"Feature","properties":{"id":"1111480272","name":"","highway":"residential","oneway":"no","maxspeed":""},"geometry":{"type":"LineString","coordinates":[[77.6024765,13.0466584],[77.6025383,13.0469511]]}},{"type":"Feature","properties":{"id":"1111486754","name":"","highway":"service","oneway":"no","maxspeed":""},"geometry":{"type":"LineString","coordinates":[[77.6011942,13.0673081],[77.6012547,13.0672954],[77.6013927,13.0672664]]}},{"type":"Feature","properties":{"id":"1111488261","name":"","highway":"residential","oneway":"no","maxspeed":""},"geometry":{"type":"LineString","coordinates":[[77.6011013,13.0455823],[77.6016103,13.045538],[77.6016895,13.0455341]]}},{"type":"Feature","properties":{"id":"1111488262","name":"","highway":"residential","oneway":"no","maxspeed":""},"geometry":{"type":"LineString","coordinates":[[77.6010916,13.0453521],[77.6014313,13.0453391]]}},{"type":"Feature","properties":{"id":"1111488263","name":"","highway":"residential","oneway":"no","maxspeed":""},"geometry":{"type":"LineString","coordinates":[[77.6008934,13.0451174],[77.6010591,13.0450991],[77.6012908,13.0450653]]}},{"type":"Feature","properties":{"id":"1111488264","name":"","highway":"residential","oneway":"no","maxspeed":""},"geometry":{"type":"LineString","coordinates":[[77.6007663,13.0449158],[77.6010317,13.0448883],[77.6012572,13.0448613]]}},{"type":"Feature","properties":{"id":"1111488265","name":"","highway":"residential","oneway":"no","maxspeed":""},"geometry":{"type":"LineString","coordinates":[[77.6007705,13.0447218],[77.6010083,13.0446908]]}},{"type":"Feature","properties":{"id":"1111488266","name":"","highway":"residential","oneway":"no","maxspeed":""},"geometry":{"type":"LineString","coordinates":[[77.6007091,13.0444681],[77.6009787,13.0444412],[77.601201,13.0444156]]}},{"type":"Feature","properties":{"id":"1111488267","name":"","highway":"residential","oneway":"no","maxspeed":""},"geometry":{"type":"LineString","coordinates":[[77.6006593,13.044271],[77.6009503,13.044239],[77.6011848,13.0442146]]}},{"type":"Feature","properties":{"id":"1111488270","name":"","highway":"service","oneway":"no","maxspeed":""},"geometry":{"type":"LineString","coordinates":[[77.5960045,13.0451421],[77.595819,13.0438192]]}},{"type":"Feature","properties":{"id":"1111488271","name":"","highway":"service","oneway":"no","maxspeed":""},"geometry":{"type":"LineString","coordinates":[[77.598348,13.0521995],[77.5982643,13.0518091]]}},{"type":"Feature","properties":{"id":"1111488273","name":"","highway":"service","oneway":"no","maxspeed":""},"geometry":{"type":"LineString","coordinates":[[77.6012315,13.0513484],[77.6014484,13.0513232]]}},{"type":"Feature","properties":{"id":"1111488274","name":"","highway":"living_street","oneway":"no","maxspeed":""},"geometry":{"type":"LineString","coordinates":[[77.601006,13.0512433],[77.6012255,13.0512193]]}},{"type":"Feature","properties":{"id":"1111488275","name":"","highway":"residential","oneway":"no","maxspeed":""},"geometry":{"type":"LineString","coordinates":[[77.6009217,13.0514385],[77.6009328,13.0515478],[77.600939,13.0515688],[77.6009589,13.051581],[77.6012457,13.0515523]]}},{"type":"Feature","properties":{"id":"1111488276","name":"","highway":"residential","oneway":"no","maxspeed":""},"geometry":{"type":"LineString","coordinates":[[77.6010247,13.0518665],[77.601271,13.051832]]}},{"type":"Feature","properties":{"id":"1111488277","name":"","highway":"residential","oneway":"no","maxspeed":""},"geometry":{"type":"LineString","coordinates":[[77.6013398,13.0522556],[77.6015846,13.052221]]}},{"type":"Feature","properties":{"id":"1111488278","name":"","highway":"residential","oneway":"no","maxspeed":""},"geometry":{"type":"LineString","coordinates":[[77.6030766,13.0513959],[77.6029923,13.0509342]]}},{"type":"Feature","properties":{"id":"1111488279","name":"","highway":"residential","oneway":"no","maxspeed":""},"geometry":{"type":"LineString","coordinates":[[77.6004498,13.0539954],[77.60042,13.0538278],[77.600386,13.0536263]]}},{"type":"Feature","properties":{"id":"1111488280","name":"","highway":"residential","oneway":"no","maxspeed":""},"geometry":{"type":"LineString","coordinates":[[77.6001754,13.0538676],[77.6001346,13.0536753]]}},{"type":"Feature","properties":{"id":"1111488281","name":"","highway":"residential","oneway":"no","maxspeed":""},"geometry":{"type":"LineString","coordinates":[[77.599908,13.0541156],[77.5998669,13.0539274],[77.599834,13.0537038]]}},{"type":"Feature","properties":{"id":"1111488282","name":"","highway":"residential","oneway":"no","maxspeed":""},"geometry":{"type":"LineString","coordinates":[[77.5996277,13.0541835],[77.5995868,13.0539817],[77.5995538,13.0537132]]}},{"type":"Feature","properties":{"id":"1111488283","name":"","highway":"residential","oneway":"no","maxspeed":""},"geometry":{"type":"LineString","coordinates":[[77.598411,13.0571831],[77.598464,13.0571694],[77.5988242,13.0570765]]}},{"type":"Feature","properties":{"id":"1111488284","name":"","highway":"residential","oneway":"no","maxspeed":""},"geometry":{"type":"LineString","coordinates":[[77.5959724,13.0577258],[77.5967588,13.0575098]]}},{"type":"Feature","properties":{"id":"1111488285","name":"","highway":"service","oneway":"no","maxspeed":""},"geometry":{"type":"LineString","coordinates":[[77.5985842,13.0590414],[77.5985333,13.05883],[77.5985038,13.0586528]]}},{"type":"Feature","properties":{"id":"1111488287","name":"Amruth Nagar Main Road","highway":"tertiary","oneway":"no","maxspeed":""},"geometry":{"type":"LineString","coordinates":[[77.5999581,13.059922],[77.6000971,13.0601433]]}},{"type":"Feature","properties":{"id":"1111489557","name":"","highway":"residential","oneway":"no","maxspeed":""},"geometry":{"type":"LineString","coordinates":[[77.5963697,13.0599745],[77.5966304,13.059929]]}},{"type":"Feature","properties":{"id":"1111489558","name":"","highway":"residential","oneway":"no","maxspeed":""},"geometry":{"type":"LineString","coordinates":[[77.596328,13.0597658],[77.5965527,13.0597278]]}},{"type":"Feature","properties":{"id":"1111489560","name":"","highway":"residential","oneway":"no","maxspeed":""},"geometry":{"type":"LineString","coordinates":[[77.5985966,13.0602801],[77.5986203,13.0604513]]}},{"type":"Feature","properties":{"id":"1111489561","name":"","highway":"service","oneway":"no","maxspeed":""},"geometry":{"type":"LineString","coordinates":[[77.6005222,13.0596032],[77.6005624,13.0596058],[77.6005748,13.0596369],[77.6006014,13.0599247]]}},{"type":"Feature","properties":{"id":"1111489562","name":"","highway":"service","oneway":"no","maxspeed":""},"geometry":{"type":"LineString","coordinates":[[77.6005222,13.0596032],[77.6004592,13.0596249]]}},{"type":"Feature","properties":{"id":"1111489563","name":"","highway":"residential","oneway":"no","maxspeed":""},"geometry":{"type":"LineString","coordinates":[[77.6010126,13.0601791],[77.6010292,13.0607117]]}},{"type":"Feature","properties":{"id":"1111489564","name":"","highway":"residential","oneway":"no","maxspeed":""},"geometry":{"type":"LineString","coordinates":[[77.6029277,13.0601635],[77.6029018,13.0598433],[77.602851,13.0591275],[77.6028398,13.0589899]]}},{"type":"Feature","properties":{"id":"1111489565","name":"","highway":"residential","oneway":"no","maxspeed":""},"geometry":{"type":"LineString","coordinates":[[77.6029324,13.060222],[77.6029277,13.0601635]]}},{"type":"Feature","properties":{"id":"1111489566","name":"","highway":"residential","oneway":"no","maxspeed":""},"geometry":{"type":"LineString","coordinates":[[77.6029371,13.0602801],[77.6029324,13.060222]]}},{"type":"Feature","properties":{"id":"1111489567","name":"","highway":"residential","oneway":"no","maxspeed":""},"geometry":{"type":"LineString","coordinates":[[77.6016001,13.0588211],[77.6016971,13.0593679]]}},{"type":"Feature","properties":{"id":"1111489730","name":"","highway":"residential","oneway":"no","maxspeed":""},"geometry":{"type":"LineString","coordinates":[[77.5965356,13.0659017],[77.5961951,13.0659965]]}},{"type":"Feature","properties":{"id":"1111489731","name":"","highway":"service","oneway":"no","maxspeed":""},"geometry":{"type":"LineString","coordinates":[[77.5978392,13.0656836],[77.5977965,13.0656911],[77.5977703,13.0656957],[77.5976733,13.0657128]]}},{"type":"Feature","properties":{"id":"1111489732","name":"","highway":"residential","oneway":"no","maxspeed":""},"geometry":{"type":"LineString","coordinates":[[77.5977887,13.0655303],[77.5977328,13.0655407],[77.5973202,13.0656016]]}},{"type":"Feature","properties":{"id":"1111489733","name":"","highway":"residential","oneway":"no","maxspeed":""},"geometry":{"type":"LineString","coordinates":[[77.597721,13.0653448],[77.5976857,13.0653563],[77.5976493,13.0653909],[77.5976103,13.0654209],[77.5974868,13.0654461]]}},{"type":"Feature","properties":{"id":"1111715161","name":"","highway":"service","oneway":"no","maxspeed":""},"geometry":{"type":"LineString","coordinates":[[77.6092415,13.0668119],[77.6093935,13.0674957]]}},{"type":"Feature","properties":{"id":"1111715169","name":"","highway":"residential","oneway":"no","maxspeed":""},"geometry":{"type":"LineString","coordinates":[[77.6049122,13.0671125],[77.6051806,13.0671116]]}},{"type":"Feature","properties":{"id":"1111715170","name":"","highway":"residential","oneway":"no","maxspeed":""},"geometry":{"type":"LineString","coordinates":[[77.603425,13.0688291],[77.6034059,13.068788],[77.6033888,13.0687374],[77.6033814,13.0686916],[77.603361,13.0683153],[77.6033548,13.0679692],[77.603349,13.0676402],[77.6033436,13.0673353],[77.6033378,13.0670105],[77.603332,13.0666838],[77.6033301,13.0665783]]}},{"type":"Feature","properties":{"id":"1111715171","name":"","highway":"residential","oneway":"no","maxspeed":""},"geometry":{"type":"LineString","coordinates":[[77.6066861,13.0656819],[77.6072264,13.065664]]}},{"type":"Feature","properties":{"id":"1111715172","name":"","highway":"residential","oneway":"no","maxspeed":""},"geometry":{"type":"LineString","coordinates":[[77.6072516,13.066369],[77.6078501,13.0663439]]}},{"type":"Feature","properties":{"id":"1111716891","name":"","highway":"residential","oneway":"no","maxspeed":""},"geometry":{"type":"LineString","coordinates":[[77.6040422,13.064503],[77.6040304,13.0647836]]}},{"type":"Feature","properties":{"id":"1111716892","name":"","highway":"residential","oneway":"no","maxspeed":""},"geometry":{"type":"LineString","coordinates":[[77.6044203,13.0644784],[77.6044113,13.0640595]]}},{"type":"Feature","properties":{"id":"1111716893","name":"","highway":"service","oneway":"no","maxspeed":""},"geometry":{"type":"LineString","coordinates":[[77.6052058,13.0647901],[77.6052272,13.0645699],[77.6052328,13.0645123]]}},{"type":"Feature","properties":{"id":"1111716895","name":"","highway":"residential","oneway":"no","maxspeed":""},"geometry":{"type":"LineString","coordinates":[[77.603798,13.0631232],[77.604373,13.0631149]]}},{"type":"Feature","properties":{"id":"1111716896","name":"","highway":"residential","oneway":"no","maxspeed":""},"geometry":{"type":"LineString","coordinates":[[77.6057866,13.0621027],[77.6057819,13.0621615]]}},{"type":"Feature","properties":{"id":"1111716897","name":"","highway":"residential","oneway":"no","maxspeed":""},"geometry":{"type":"LineString","coordinates":[[77.6057905,13.0620511],[77.6057881,13.0620845]]}},{"type":"Feature","properties":{"id":"1111716898","name":"","highway":"residential","oneway":"no","maxspeed":""},"geometry":{"type":"LineString","coordinates":[[77.6061482,13.062209],[77.6061582,13.0620636],[77.6061582,13.062041],[77.6061808,13.0618692],[77.6058041,13.061865],[77.6057905,13.0620511]]}},{"type":"Feature","properties":{"id":"1111716899","name":"","highway":"residential","oneway":"no","maxspeed":""},"geometry":{"type":"LineString","coordinates":[[77.6061441,13.062269],[77.6061482,13.062209]]}},{"type":"Feature","properties":{"id":"1111716900","name":"","highway":"residential","oneway":"no","maxspeed":""},"geometry":{"type":"LineString","coordinates":[[77.6068908,13.0620324],[77.6073092,13.0620432]]}},{"type":"Feature","properties":{"id":"1111716901","name":"","highway":"residential","oneway":"no","maxspeed":""},"geometry":{"type":"LineString","coordinates":[[77.6053429,13.0604745],[77.6057741,13.0604855],[77.6061699,13.0604794]]}},{"type":"Feature","properties":{"id":"1111716903","name":"","highway":"residential","oneway":"no","maxspeed":""},"geometry":{"type":"LineString","coordinates":[[77.6095452,13.0622685],[77.6097548,13.0622715]]}},{"type":"Feature","properties":{"id":"1111716904","name":"","highway":"residential","oneway":"no","maxspeed":""},"geometry":{"type":"LineString","coordinates":[[77.6097548,13.0622715],[77.6097945,13.0624044],[77.6105321,13.0623031]]}},{"type":"Feature","properties":{"id":"1111716905","name":"","highway":"residential","oneway":"no","maxspeed":""},"geometry":{"type":"LineString","coordinates":[[77.6114871,13.0618119],[77.6117042,13.0617388]]}},{"type":"Feature","properties":{"id":"1111716906","name":"","highway":"residential","oneway":"no","maxspeed":""},"geometry":{"type":"LineString","coordinates":[[77.6113563,13.0614241],[77.6119845,13.0612358]]}},{"type":"Feature","properties":{"id":"1111718253","name":"","highway":"residential","oneway":"no","maxspeed":""},"geometry":{"type":"LineString","coordinates":[[77.6002395,13.0642784],[77.6002676,13.064303],[77.6003214,13.0643211],[77.600348,13.0643589],[77.6004375,13.0643947],[77.6005157,13.0643903],[77.6005608,13.0644237],[77.600663,13.0644417]]}},{"type":"Feature","properties":{"id":"1111718254","name":"","highway":"residential","oneway":"no","maxspeed":""},"geometry":{"type":"LineString","coordinates":[[77.600663,13.0644417],[77.6006717,13.0642338],[77.600593,13.0637903]]}},{"type":"Feature","properties":{"id":"1111718255","name":"","highway":"living_street","oneway":"no","maxspeed":""},"geometry":{"type":"LineString","coordinates":[[77.5997663,13.0639946],[77.5999838,13.0639517]]}},{"type":"Feature","properties":{"id":"1111718802","name":"","highway":"living_street","oneway":"no","maxspeed":""},"geometry":{"type":"LineString","coordinates":[[77.6007066,13.0648735],[77.6007766,13.0653681]]}},{"type":"Feature","properties":{"id":"1111718803","name":"","highway":"living_street","oneway":"no","maxspeed":""},"geometry":{"type":"LineString","coordinates":[[77.6007766,13.0653681],[77.6010079,13.0653456]]}},{"type":"Feature","properties":{"id":"1111718804","name":"","highway":"living_street","oneway":"no","maxspeed":""},"geometry":{"type":"LineString","coordinates":[[77.6010234,13.0648679],[77.6009943,13.0644819]]}},{"type":"Feature","properties":{"id":"1111718965","name":"","highway":"residential","oneway":"no","maxspeed":""},"geometry":{"type":"LineString","coordinates":[[77.6016805,13.0637361],[77.6014829,13.0637458]]}},{"type":"Feature","properties":{"id":"1111719063","name":"","highway":"living_street","oneway":"no","maxspeed":""},"geometry":{"type":"LineString","coordinates":[[77.6024786,13.064969],[77.6024565,13.0647688]]}},{"type":"Feature","properties":{"id":"1111719647","name":"","highway":"residential","oneway":"no","maxspeed":""},"geometry":{"type":"LineString","coordinates":[[77.6152495,13.0678818],[77.6152897,13.067354],[77.6152911,13.0673354]]}},{"type":"Feature","properties":{"id":"1111719648","name":"","highway":"residential","oneway":"no","maxspeed":""},"geometry":{"type":"LineString","coordinates":[[77.6148123,13.0672897],[77.6143779,13.0672871]]}},{"type":"Feature","properties":{"id":"1111719649","name":"","highway":"residential","oneway":"no","maxspeed":""},"geometry":{"type":"LineString","coordinates":[[77.6154363,13.0657175],[77.6154186,13.0652326]]}},{"type":"Feature","properties":{"id":"1111719650","name":"","highway":"residential","oneway":"no","maxspeed":""},"geometry":{"type":"LineString","coordinates":[[77.6189159,13.0655286],[77.6183427,13.0655639]]}},{"type":"Feature","properties":{"id":"1111719651","name":"","highway":"residential","oneway":"no","maxspeed":""},"geometry":{"type":"LineString","coordinates":[[77.6194752,13.0662427],[77.6195096,13.0659527],[77.6195132,13.0659269],[77.6195189,13.0659084],[77.6195363,13.0659014],[77.6195954,13.0659044],[77.6196262,13.0659064],[77.6196585,13.0659009],[77.6196791,13.0658884],[77.6196894,13.0658699],[77.6197059,13.0658191]]}},{"type":"Feature","properties":{"id":"1111719652","name":"","highway":"residential","oneway":"no","maxspeed":""},"geometry":{"type":"LineString","coordinates":[[77.6202922,13.066577],[77.6208346,13.0665604]]}},{"type":"Feature","properties":{"id":"1111719653","name":"","highway":"service","oneway":"no","maxspeed":""},"geometry":{"type":"LineString","coordinates":[[77.6183957,13.066746],[77.6184916,13.0672712]]}},{"type":"Feature","properties":{"id":"1111719655","name":"","highway":"residential","oneway":"no","maxspeed":""},"geometry":{"type":"LineString","coordinates":[[77.6159057,13.0647139],[77.6159128,13.0642417]]}},{"type":"Feature","properties":{"id":"1111719656","name":"","highway":"residential","oneway":"no","maxspeed":""},"geometry":{"type":"LineString","coordinates":[[77.6175392,13.0617753],[77.6176316,13.0606671]]}},{"type":"Feature","properties":{"id":"1111719657","name":"","highway":"residential","oneway":"no","maxspeed":""},"geometry":{"type":"LineString","coordinates":[[77.6198964,13.0617413],[77.6204039,13.0617224]]}},{"type":"Feature","properties":{"id":"1111719658","name":"","highway":"residential","oneway":"no","maxspeed":""},"geometry":{"type":"LineString","coordinates":[[77.6209002,13.0611809],[77.6209948,13.0611665],[77.621035,13.0611402],[77.6210525,13.0610921],[77.6209598,13.0605078]]}},{"type":"Feature","properties":{"id":"1111719659","name":"","highway":"residential","oneway":"no","maxspeed":""},"geometry":{"type":"LineString","coordinates":[[77.6199863,13.0626106],[77.6200785,13.062617],[77.620096,13.0626177],[77.620256,13.0626237],[77.6205292,13.0626211]]}},{"type":"Feature","properties":{"id":"1111719660","name":"","highway":"living_street","oneway":"no","maxspeed":""},"geometry":{"type":"LineString","coordinates":[[77.6202305,13.0624991],[77.6205127,13.062494]]}},{"type":"Feature","properties":{"id":"1111719661","name":"","highway":"residential","oneway":"no","maxspeed":""},"geometry":{"type":"LineString","coordinates":[[77.6205681,13.0633645],[77.6208866,13.0633774]]}},{"type":"Feature","properties":{"id":"1111719663","name":"","highway":"service","oneway":"no","maxspeed":""},"geometry":{"type":"LineString","coordinates":[[77.6205685,13.0633145],[77.6205217,13.0633146],[77.6202469,13.0633153]]}},{"type":"Feature","properties":{"id":"1111719666","name":"","highway":"service","oneway":"no","maxspeed":""},"geometry":{"type":"LineString","coordinates":[[77.6202814,13.0646762],[77.6205901,13.0646762],[77.6206427,13.0646782]]}},{"type":"Feature","properties":{"id":"1111719668","name":"","highway":"living_street","oneway":"no","maxspeed":""},"geometry":{"type":"LineString","coordinates":[[77.6206412,13.0648894],[77.6208688,13.064898]]}},{"type":"Feature","properties":{"id":"1111719669","name":"Rachenahalli Main Road","highway":"tertiary","oneway":"no","maxspeed":""},"geometry":{"type":"LineString","coordinates":[[77.6233682,13.0580205],[77.6229468,13.0581177],[77.6225452,13.0582539],[77.6223904,13.0582905],[77.6220977,13.0583774],[77.6219524,13.0584114],[77.6217021,13.0584699],[77.6216916,13.0584724]]}},{"type":"Feature","properties":{"id":"1111719670","name":"Rachenahalli Main Road","highway":"tertiary","oneway":"no","maxspeed":""},"geometry":{"type":"LineString","coordinates":[[77.6216916,13.0584724],[77.621632,13.0584863]]}},{"type":"Feature","properties":{"id":"1111725216","name":"","highway":"service","oneway":"no","maxspeed":""},"geometry":{"type":"LineString","coordinates":[[77.5910157,13.0643816],[77.5910377,13.0643727],[77.5913918,13.0642291]]}},{"type":"Feature","properties":{"id":"1111725217","name":"","highway":"service","oneway":"no","maxspeed":""},"geometry":{"type":"LineString","coordinates":[[77.5913918,13.0642291],[77.5913186,13.0640073]]}},{"type":"Feature","properties":{"id":"1111725218","name":"","highway":"service","oneway":"no","maxspeed":""},"geometry":{"type":"LineString","coordinates":[[77.5913186,13.0640073],[77.5909385,13.0641222]]}},{"type":"Feature","properties":{"id":"1111725219","name":"","highway":"service","oneway":"no","maxspeed":""},"geometry":{"type":"LineString","coordinates":[[77.5909385,13.0641222],[77.5910377,13.0643727]]}},{"type":"Feature","properties":{"id":"1111732709","name":"","highway":"residential","oneway":"no","maxspeed":""},"geometry":{"type":"LineString","coordinates":[[77.5919635,13.063061],[77.5919908,13.0631135],[77.5921213,13.0633656]]}},{"type":"Feature","properties":{"id":"1111735621","name":"","highway":"residential","oneway":"no","maxspeed":""},"geometry":{"type":"LineString","coordinates":[[77.5974586,13.0643288],[77.5980457,13.0642772]]}},{"type":"Feature","properties":{"id":"1111735622","name":"","highway":"residential","oneway":"no","maxspeed":""},"geometry":{"type":"LineString","coordinates":[[77.5980296,13.064011],[77.5980185,13.0637385]]}},{"type":"Feature","properties":{"id":"1111735623","name":"","highway":"residential","oneway":"no","maxspeed":""},"geometry":{"type":"LineString","coordinates":[[77.5982657,13.0640012],[77.5982632,13.06372]]}},{"type":"Feature","properties":{"id":"1111735624","name":"","highway":"living_street","oneway":"no","maxspeed":""},"geometry":{"type":"LineString","coordinates":[[77.5986588,13.0638637],[77.5986553,13.063763]]}},{"type":"Feature","properties":{"id":"1111736258","name":"","highway":"residential","oneway":"no","maxspeed":""},"geometry":{"type":"LineString","coordinates":[[77.5945085,13.0656951],[77.5943199,13.0657606]]}},{"type":"Feature","properties":{"id":"1111739006","name":"","highway":"residential","oneway":"no","maxspeed":""},"geometry":{"type":"LineString","coordinates":[[77.5921693,13.0662417],[77.5922153,13.0666291]]}},{"type":"Feature","properties":{"id":"1111739007","name":"","highway":"residential","oneway":"no","maxspeed":""},"geometry":{"type":"LineString","coordinates":[[77.59242,13.0662164],[77.5924491,13.06661]]}},{"type":"Feature","properties":{"id":"1111739008","name":"","highway":"residential","oneway":"no","maxspeed":""},"geometry":{"type":"LineString","coordinates":[[77.5925667,13.0662016],[77.5925687,13.0665967]]}},{"type":"Feature","properties":{"id":"1111739009","name":"","highway":"residential","oneway":"no","maxspeed":""},"geometry":{"type":"LineString","coordinates":[[77.5928306,13.0661897],[77.5928342,13.0665492]]}},{"type":"Feature","properties":{"id":"1111743781","name":"","highway":"residential","oneway":"no","maxspeed":""},"geometry":{"type":"LineString","coordinates":[[77.5964253,13.0605264],[77.5965265,13.0609718]]}},{"type":"Feature","properties":{"id":"1111744376","name":"","highway":"residential","oneway":"no","maxspeed":""},"geometry":{"type":"LineString","coordinates":[[77.6016824,13.0621718],[77.6013497,13.0621327]]}},{"type":"Feature","properties":{"id":"1111744377","name":"","highway":"residential","oneway":"no","maxspeed":""},"geometry":{"type":"LineString","coordinates":[[77.6016675,13.0624311],[77.6014664,13.0624079],[77.601408,13.0624034]]}},{"type":"Feature","properties":{"id":"1111746802","name":"","highway":"residential","oneway":"no","maxspeed":""},"geometry":{"type":"LineString","coordinates":[[77.5894794,13.0676234],[77.5893669,13.0673819]]}},{"type":"Feature","properties":{"id":"1111747874","name":"","highway":"residential","oneway":"no","maxspeed":""},"geometry":{"type":"LineString","coordinates":[[77.5949629,13.0652958],[77.5949144,13.0651234]]}},{"type":"Feature","properties":{"id":"1111756875","name":"","highway":"living_street","oneway":"no","maxspeed":""},"geometry":{"type":"LineString","coordinates":[[77.6009674,13.0661801],[77.600596,13.0662396]]}},{"type":"Feature","properties":{"id":"1111756876","name":"","highway":"residential","oneway":"no","maxspeed":""},"geometry":{"type":"LineString","coordinates":[[77.6014061,13.0660327],[77.6017391,13.0659866]]}},{"type":"Feature","properties":{"id":"1111758760","name":"","highway":"residential","oneway":"no","maxspeed":""},"geometry":{"type":"LineString","coordinates":[[77.5909315,13.0630379],[77.5910123,13.0633902],[77.5910304,13.0634629]]}},{"type":"Feature","properties":{"id":"1111758987","name":"","highway":"residential","oneway":"no","maxspeed":""},"geometry":{"type":"LineString","coordinates":[[77.5908376,13.0668315],[77.5905951,13.0660223]]}},{"type":"Feature","properties":{"id":"1111759198","name":"","highway":"residential","oneway":"no","maxspeed":""},"geometry":{"type":"LineString","coordinates":[[77.5930958,13.0651249],[77.5928007,13.0651834]]}},{"type":"Feature","properties":{"id":"1111845888","name":"","highway":"tertiary","oneway":"no","maxspeed":""},"geometry":{"type":"LineString","coordinates":[[77.58968,13.0412481],[77.5899974,13.0412085]]}},{"type":"Feature","properties":{"id":"1111845892","name":"","highway":"residential","oneway":"no","maxspeed":""},"geometry":{"type":"LineString","coordinates":[[77.5879464,13.0369698],[77.5879571,13.03761]]}},{"type":"Feature","properties":{"id":"1111845893","name":"","highway":"residential","oneway":"no","maxspeed":""},"geometry":{"type":"LineString","coordinates":[[77.5862164,13.0376022],[77.5861654,13.0371789],[77.5862351,13.0370665],[77.5879464,13.0369698]]}},{"type":"Feature","properties":{"id":"1111845895","name":"","highway":"residential","oneway":"no","maxspeed":""},"geometry":{"type":"LineString","coordinates":[[77.5900161,13.0351084],[77.589907,13.0347461]]}},{"type":"Feature","properties":{"id":"1111935363","name":"","highway":"service","oneway":"no","maxspeed":""},"geometry":{"type":"LineString","coordinates":[[77.6242819,13.0612388],[77.6243419,13.0612434]]}},{"type":"Feature","properties":{"id":"1111935364","name":"","highway":"service","oneway":"no","maxspeed":""},"geometry":{"type":"LineString","coordinates":[[77.624233,13.061235],[77.6242819,13.0612388]]}},{"type":"Feature","properties":{"id":"1111945585","name":"","highway":"residential","oneway":"no","maxspeed":""},"geometry":{"type":"LineString","coordinates":[[77.623472,13.0655802],[77.62327,13.065647]]}},{"type":"Feature","properties":{"id":"1111945586","name":"","highway":"residential","oneway":"no","maxspeed":""},"geometry":{"type":"LineString","coordinates":[[77.62327,13.065647],[77.623027,13.0657168]]}},{"type":"Feature","properties":{"id":"1111945587","name":"","highway":"residential","oneway":"no","maxspeed":""},"geometry":{"type":"LineString","coordinates":[[77.62327,13.065647],[77.6234025,13.0661452]]}},{"type":"Feature","properties":{"id":"1113559574","name":"Nagawara Main Road","highway":"secondary","oneway":"no","maxspeed":""},"geometry":{"type":"LineString","coordinates":[[77.6233464,13.0371841],[77.623363,13.037432],[77.623366,13.0374581],[77.623428,13.0378658],[77.6234376,13.0379292]]}},{"type":"Feature","properties":{"id":"1113559585","name":"","highway":"tertiary","oneway":"no","maxspeed":""},"geometry":{"type":"LineString","coordinates":[[77.6218805,13.032016],[77.6218007,13.0320161]]}},{"type":"Feature","properties":{"id":"1113559586","name":"","highway":"tertiary","oneway":"yes","maxspeed":""},"geometry":{"type":"LineString","coordinates":[[77.6218007,13.0320161],[77.621867,13.031982]]}},{"type":"Feature","properties":{"id":"1113559587","name":"","highway":"tertiary","oneway":"yes","maxspeed":""},"geometry":{"type":"LineString","coordinates":[[77.6218381,13.03192],[77.62177,13.0319501]]}},{"type":"Feature","properties":{"id":"1113559591","name":"","highway":"service","oneway":"no","maxspeed":""},"geometry":{"type":"LineString","coordinates":[[77.6230197,13.0351211],[77.6230453,13.0351156],[77.6231541,13.0350921]]}},{"type":"Feature","properties":{"id":"1113559592","name":"Nagawara Main Road","highway":"secondary","oneway":"yes","maxspeed":""},"geometry":{"type":"LineString","coordinates":[[77.6218007,13.0320161],[77.6218502,13.0321498],[77.6223398,13.0334009],[77.6225083,13.0338313],[77.62254,13.0339074],[77.6228196,13.0345791],[77.6228995,13.0347665],[77.6229324,13.0349205],[77.6229746,13.0351304],[77.6230813,13.0356607],[77.6230913,13.0357247],[77.6232067,13.0364646],[77.6232533,13.0367546],[77.6232992,13.0370429],[77.6233464,13.0371841]]}},{"type":"Feature","properties":{"id":"1113559596","name":"Nagawara Main Road","highway":"secondary","oneway":"yes","maxspeed":""},"geometry":{"type":"LineString","coordinates":[[77.6233464,13.0371841],[77.6233627,13.037033],[77.6233196,13.0367277],[77.6232644,13.0364546],[77.6232194,13.0361281],[77.6231865,13.0359037],[77.6231537,13.0357114],[77.6231425,13.0356458],[77.6230197,13.0351211],[77.6229504,13.0347499],[77.6228731,13.0345607],[77.6227829,13.0343397],[77.6225646,13.0338125],[77.6222327,13.0329112],[77.6221962,13.0328184],[77.6218895,13.0320388],[77.6218805,13.032016]]}},{"type":"Feature","properties":{"id":"1118565582","name":"","highway":"tertiary","oneway":"yes","maxspeed":""},"geometry":{"type":"LineString","coordinates":[[77.6197257,13.051796],[77.6197292,13.0520128],[77.6196838,13.0523322],[77.6196762,13.0526033],[77.6196766,13.0527022],[77.6196764,13.0532218],[77.619687,13.0537008],[77.6196873,13.0537149],[77.6197475,13.0538173]]}},{"type":"Feature","properties":{"id":"1118565583","name":"","highway":"tertiary","oneway":"yes","maxspeed":""},"geometry":{"type":"LineString","coordinates":[[77.6197819,13.0522024],[77.6196838,13.0523322]]}},{"type":"Feature","properties":{"id":"1118565584","name":"","highway":"tertiary","oneway":"yes","maxspeed":""},"geometry":{"type":"LineString","coordinates":[[77.6197475,13.0538173],[77.6198008,13.0537047],[77.6198013,13.0532213],[77.6197802,13.0526282],[77.6198217,13.0523925],[77.6198451,13.0522476]]}},{"type":"Feature","properties":{"id":"1119328355","name":"","highway":"residential","oneway":"no","maxspeed":""},"geometry":{"type":"LineString","coordinates":[[77.6001305,13.0562511],[77.6000015,13.05591],[77.5998742,13.0551268]]}},{"type":"Feature","properties":{"id":"1119328356","name":"","highway":"residential","oneway":"no","maxspeed":""},"geometry":{"type":"LineString","coordinates":[[77.596657,13.0571258],[77.5967588,13.0575098],[77.5968101,13.0577027]]}},{"type":"Feature","properties":{"id":"1125698047","name":"","highway":"residential","oneway":"no","maxspeed":""},"geometry":{"type":"LineString","coordinates":[[77.5949523,13.0644092],[77.5954242,13.0643097],[77.5959095,13.0642151]]}},{"type":"Feature","properties":{"id":"1127724367","name":"","highway":"residential","oneway":"no","maxspeed":""},"geometry":{"type":"LineString","coordinates":[[77.6029187,13.0474753],[77.6028938,13.0473171],[77.6028811,13.0472358],[77.6027983,13.0467965]]}},{"type":"Feature","properties":{"id":"1133357234","name":"","highway":"residential","oneway":"no","maxspeed":""},"geometry":{"type":"LineString","coordinates":[[77.6133905,13.0380584],[77.6136312,13.0380098]]}},{"type":"Feature","properties":{"id":"1133426221","name":"","highway":"residential","oneway":"no","maxspeed":""},"geometry":{"type":"LineString","coordinates":[[77.6051117,13.0645078],[77.6051109,13.0644613],[77.6051119,13.0644325],[77.6051188,13.0642741]]}},{"type":"Feature","properties":{"id":"1133426222","name":"","highway":"residential","oneway":"no","maxspeed":""},"geometry":{"type":"LineString","coordinates":[[77.6051119,13.0644325],[77.6054117,13.0644525],[77.6054993,13.063331],[77.6053299,13.0633217],[77.6053261,13.0633603],[77.6052653,13.0633595],[77.6048518,13.0636407],[77.6047795,13.0637788],[77.604617,13.0637983],[77.604497,13.0638567],[77.6044842,13.0640483],[77.604906,13.0640641],[77.6048852,13.064418],[77.6051119,13.0644325]]}},{"type":"Feature","properties":{"id":"1135077084","name":"","highway":"service","oneway":"no","maxspeed":""},"geometry":{"type":"LineString","coordinates":[[77.5890793,13.0367731],[77.5889691,13.0367853],[77.5879723,13.0368953],[77.5877456,13.0368953],[77.5876027,13.0368521],[77.5875608,13.0367585],[77.5875731,13.0366384],[77.5876298,13.0365736],[77.5876865,13.0365448],[77.587822,13.0365424],[77.5879452,13.0365064],[77.5879994,13.0364224],[77.5881127,13.0361272],[77.5882063,13.0358799],[77.5882729,13.0357767],[77.5883887,13.0357311],[77.588647,13.0356457],[77.588721,13.0356213]]}},{"type":"Feature","properties":{"id":"1138296881","name":"","highway":"residential","oneway":"no","maxspeed":""},"geometry":{"type":"LineString","coordinates":[[77.5927163,13.0673899],[77.592913,13.0673843]]}},{"type":"Feature","properties":{"id":"1143988888","name":"","highway":"service","oneway":"yes","maxspeed":""},"geometry":{"type":"LineString","coordinates":[[77.621997,13.0452066],[77.6213212,13.0453649],[77.6212139,13.0449319]]}},{"type":"Feature","properties":{"id":"1143988889","name":"","highway":"service","oneway":"yes","maxspeed":""},"geometry":{"type":"LineString","coordinates":[[77.621997,13.0452066],[77.6218986,13.0447171]]}},{"type":"Feature","properties":{"id":"1143988890","name":"","highway":"service","oneway":"yes","maxspeed":""},"geometry":{"type":"LineString","coordinates":[[77.6223671,13.045129],[77.621997,13.0452066]]}},{"type":"Feature","properties":{"id":"1148145073","name":"Service Road","highway":"tertiary","oneway":"yes","maxspeed":""},"geometry":{"type":"LineString","coordinates":[[77.6242189,13.0400244],[77.6241553,13.0401084],[77.6241039,13.0401787]]}},{"type":"Feature","properties":{"id":"1148508511","name":"","highway":"residential","oneway":"no","maxspeed":""},"geometry":{"type":"LineString","coordinates":[[77.6062326,13.0630701],[77.6062172,13.0629833],[77.6062869,13.0626384],[77.6062923,13.0625078],[77.6062011,13.0624294],[77.6061421,13.0622988],[77.6061441,13.062269]]}},{"type":"Feature","properties":{"id":"1149043354","name":"","highway":"tertiary","oneway":"yes","maxspeed":""},"geometry":{"type":"LineString","coordinates":[[77.6199947,13.0476486],[77.620024,13.0476199],[77.6200427,13.0475838],[77.6200488,13.0475438],[77.6200406,13.0475007],[77.620018,13.0474628],[77.6199835,13.0474346],[77.6199413,13.0474194],[77.6198963,13.0474191],[77.6198538,13.0474335],[77.6198418,13.047443],[77.6198188,13.0474612],[77.6197955,13.0474987],[77.6197866,13.0475416],[77.619792,13.0475817],[77.6198101,13.0476182],[77.6198389,13.0476473],[77.6198756,13.0476661],[77.6199166,13.0476729],[77.6199576,13.0476668],[77.6199947,13.0476486]]}},{"type":"Feature","properties":{"id":"1150071196","name":"Nagawara Main Road","highway":"secondary","oneway":"yes","maxspeed":""},"geometry":{"type":"LineString","coordinates":[[77.6240574,13.0396676],[77.6240658,13.0397422],[77.6240746,13.0397577]]}},{"type":"Feature","properties":{"id":"1150071197","name":"Nagawara Main Road","highway":"secondary","oneway":"yes","maxspeed":""},"geometry":{"type":"LineString","coordinates":[[77.62426,13.0399643],[77.6241964,13.0398477],[77.624118,13.0397228],[77.6240574,13.0396676]]}},{"type":"Feature","properties":{"id":"1152890616","name":"","highway":"secondary","oneway":"yes","maxspeed":""},"geometry":{"type":"LineString","coordinates":[[77.6218805,13.032016],[77.621867,13.031982],[77.6218381,13.03192],[77.6216592,13.0315019]]}},{"type":"Feature","properties":{"id":"1153405372","name":"","highway":"service","oneway":"no","maxspeed":""},"geometry":{"type":"LineString","coordinates":[[77.5877747,13.0544272],[77.5878251,13.0545807],[77.587951,13.0548934],[77.5880467,13.0551311],[77.5880752,13.0552019],[77.5881095,13.0552872]]}},{"type":"Feature","properties":{"id":"1154406296","name":"","highway":"residential","oneway":"no","maxspeed":""},"geometry":{"type":"LineString","coordinates":[[77.6226997,13.0406122],[77.6225547,13.0406643]]}},{"type":"Feature","properties":{"id":"1154406297","name":"","highway":"residential","oneway":"no","maxspeed":""},"geometry":{"type":"LineString","coordinates":[[77.6237213,13.040635],[77.6233,13.0404888]]}},{"type":"Feature","properties":{"id":"1154765291","name":"","highway":"residential","oneway":"no","maxspeed":""},"geometry":{"type":"LineString","coordinates":[[77.5994906,13.04099],[77.6001498,13.0410037]]}},{"type":"Feature","properties":{"id":"1154967535","name":"Vishwanatha Nagenhalli Main Road","highway":"tertiary","oneway":"no","maxspeed":""},"geometry":{"type":"LineString","coordinates":[[77.5988255,13.0390927],[77.5990266,13.0390812],[77.5991126,13.0390815],[77.599235,13.039082],[77.5994877,13.0390829],[77.5996179,13.0390834],[77.5996858,13.0390973],[77.5998142,13.0391235]]}},{"type":"Feature","properties":{"id":"1154967536","name":"Vishwanatha Nagenhalli Main Road","highway":"tertiary","oneway":"no","maxspeed":""},"geometry":{"type":"LineString","coordinates":[[77.5998142,13.0391235],[77.6002051,13.0392033],[77.600354,13.0392626],[77.6003931,13.0392771]]}},{"type":"Feature","properties":{"id":"1155731362","name":"","highway":"residential","oneway":"no","maxspeed":""},"geometry":{"type":"LineString","coordinates":[[77.6104151,13.0385088],[77.6107325,13.0384382],[77.6109976,13.0383793],[77.6111569,13.0383421]]}},{"type":"Feature","properties":{"id":"1155731363","name":"17th Main Road","highway":"residential","oneway":"no","maxspeed":""},"geometry":{"type":"LineString","coordinates":[[77.6113166,13.0380957],[77.611423,13.0380616]]}},{"type":"Feature","properties":{"id":"1155780105","name":"","highway":"service","oneway":"no","maxspeed":""},"geometry":{"type":"LineString","coordinates":[[77.5927372,13.065104],[77.5926967,13.0649189]]}},{"type":"Feature","properties":{"id":"1155810076","name":"","highway":"residential","oneway":"no","maxspeed":""},"geometry":{"type":"LineString","coordinates":[[77.6117877,13.0365133],[77.6117188,13.0364838],[77.6114908,13.0365465],[77.611167,13.0366393]]}},{"type":"Feature","properties":{"id":"1155965610","name":"","highway":"residential","oneway":"no","maxspeed":""},"geometry":{"type":"LineString","coordinates":[[77.5980777,13.0321432],[77.5980798,13.0313376]]}},{"type":"Feature","properties":{"id":"1156550752","name":"","highway":"residential","oneway":"no","maxspeed":""},"geometry":{"type":"LineString","coordinates":[[77.5985267,13.0312947],[77.5986067,13.0315807],[77.5986269,13.0316574],[77.5986992,13.0321271]]}},{"type":"Feature","properties":{"id":"1156551237","name":"","highway":"residential","oneway":"no","maxspeed":""},"geometry":{"type":"LineString","coordinates":[[77.5957321,13.0322238],[77.5956865,13.032133]]}},{"type":"Feature","properties":{"id":"1156551238","name":"","highway":"residential","oneway":"no","maxspeed":""},"geometry":{"type":"LineString","coordinates":[[77.5958066,13.0322978],[77.5957805,13.0322719]]}},{"type":"Feature","properties":{"id":"1156567346","name":"3rd Main Road","highway":"residential","oneway":"no","maxspeed":""},"geometry":{"type":"LineString","coordinates":[[77.5933507,13.038675],[77.5936824,13.0387558],[77.5939335,13.0387904],[77.5941238,13.0388072],[77.5942481,13.0388181],[77.5942865,13.0388215],[77.5943578,13.0388278]]}},{"type":"Feature","properties":{"id":"1156567347","name":"","highway":"residential","oneway":"no","maxspeed":""},"geometry":{"type":"LineString","coordinates":[[77.5933198,13.0388823],[77.5933507,13.038675]]}},{"type":"Feature","properties":{"id":"1156567348","name":"","highway":"residential","oneway":"no","maxspeed":""},"geometry":{"type":"LineString","coordinates":[[77.5933507,13.038675],[77.5934073,13.0383958]]}},{"type":"Feature","properties":{"id":"1157596158","name":"","highway":"residential","oneway":"no","maxspeed":""},"geometry":{"type":"LineString","coordinates":[[77.603255,13.0604569],[77.6032504,13.0603894]]}},{"type":"Feature","properties":{"id":"1157596159","name":"","highway":"residential","oneway":"no","maxspeed":""},"geometry":{"type":"LineString","coordinates":[[77.603259,13.0605152],[77.603255,13.0604569]]}},{"type":"Feature","properties":{"id":"1157639300","name":"","highway":"tertiary","oneway":"yes","maxspeed":""},"geometry":{"type":"LineString","coordinates":[[77.6191052,13.043089],[77.6190958,13.0429534],[77.619064,13.0424938],[77.6190519,13.0419803],[77.6190559,13.0417681],[77.6190922,13.0415767],[77.6191906,13.041208]]}},{"type":"Feature","properties":{"id":"1157639301","name":"","highway":"tertiary_link","oneway":"yes","maxspeed":""},"geometry":{"type":"LineString","coordinates":[[77.6210033,13.0426285],[77.6209933,13.0426777],[77.6209766,13.0427252],[77.6209534,13.04277],[77.6209241,13.0428113],[77.6208915,13.0428463],[77.6208546,13.0428769],[77.620814,13.0429027],[77.6207703,13.0429232],[77.6207243,13.042938],[77.6192732,13.0430543],[77.6191052,13.043089],[77.6189715,13.0431138]]}},{"type":"Feature","properties":{"id":"1161309002","name":"","highway":"service","oneway":"no","maxspeed":""},"geometry":{"type":"LineString","coordinates":[[77.5942927,13.0559581],[77.5941961,13.0559722],[77.5938457,13.0560277],[77.593635,13.0560511]]}},{"type":"Feature","properties":{"id":"1161314837","name":"","highway":"service","oneway":"no","maxspeed":""},"geometry":{"type":"LineString","coordinates":[[77.6129606,13.0442497],[77.6130854,13.0442416],[77.6136894,13.0442026]]}},{"type":"Feature","properties":{"id":"1161314838","name":"","highway":"service","oneway":"no","maxspeed":""},"geometry":{"type":"LineString","coordinates":[[77.6125529,13.0456193],[77.6125587,13.0455708],[77.6125775,13.0454098],[77.6125946,13.0453939],[77.6126216,13.0453937],[77.6131183,13.0454243],[77.6131617,13.0454106],[77.6131987,13.0453833],[77.613252,13.0447698]]}},{"type":"Feature","properties":{"id":"1161318854","name":"Manyata Gate 4 Road","highway":"residential","oneway":"no","maxspeed":"20"},"geometry":{"type":"LineString","coordinates":[[77.6164414,13.0542381],[77.6163744,13.0539531],[77.6163434,13.0538661],[77.6162663,13.0538342]]}},{"type":"Feature","properties":{"id":"1165661284","name":"Amruth Nagar Main Road","highway":"residential","oneway":"no","maxspeed":""},"geometry":{"type":"LineString","coordinates":[[77.603259,13.0605152],[77.6036268,13.0609157]]}},{"type":"Feature","properties":{"id":"1166111769","name":"","highway":"service","oneway":"no","maxspeed":""},"geometry":{"type":"LineString","coordinates":[[77.5956972,13.0420624],[77.5957231,13.0422158],[77.5957904,13.0425963],[77.5953737,13.0426366]]}},{"type":"Feature","properties":{"id":"1166113821","name":"","highway":"residential","oneway":"no","maxspeed":""},"geometry":{"type":"LineString","coordinates":[[77.5987316,13.0395784],[77.5988314,13.0395949]]}},{"type":"Feature","properties":{"id":"1166115022","name":"","highway":"service","oneway":"yes","maxspeed":""},"geometry":{"type":"LineString","coordinates":[[77.6095057,13.0417417],[77.6095224,13.0417355],[77.6095353,13.0417234],[77.6095423,13.0417074],[77.6095432,13.0416929]]}},{"type":"Feature","properties":{"id":"1166302178","name":"","highway":"residential","oneway":"no","maxspeed":""},"geometry":{"type":"LineString","coordinates":[[77.6158585,13.0323361],[77.6161229,13.0322246]]}},{"type":"Feature","properties":{"id":"1182399492","name":"","highway":"service","oneway":"no","maxspeed":""},"geometry":{"type":"LineString","coordinates":[[77.5898005,13.0360691],[77.5898309,13.0360604],[77.5900974,13.0359942]]}},{"type":"Feature","properties":{"id":"1182399616","name":"","highway":"residential","oneway":"no","maxspeed":""},"geometry":{"type":"LineString","coordinates":[[77.5933602,13.0370951],[77.5936533,13.0370451]]}},{"type":"Feature","properties":{"id":"1182400057","name":"","highway":"residential","oneway":"no","maxspeed":""},"geometry":{"type":"LineString","coordinates":[[77.5903912,13.038471],[77.5911921,13.0384563]]}},{"type":"Feature","properties":{"id":"1182402067","name":"","highway":"residential","oneway":"no","maxspeed":""},"geometry":{"type":"LineString","coordinates":[[77.5911392,13.0399108],[77.5911154,13.0397712]]}},{"type":"Feature","properties":{"id":"1182403053","name":"","highway":"living_street","oneway":"no","maxspeed":""},"geometry":{"type":"LineString","coordinates":[[77.5906947,13.0405178],[77.5906951,13.0404234],[77.5905965,13.0400744]]}},{"type":"Feature","properties":{"id":"1182672469","name":"","highway":"residential","oneway":"no","maxspeed":""},"geometry":{"type":"LineString","coordinates":[[77.6241341,13.0613904],[77.624233,13.061235],[77.6242759,13.0609889],[77.624316,13.0607003],[77.6243573,13.0603993],[77.624358,13.0603892]]}},{"type":"Feature","properties":{"id":"1182672470","name":"","highway":"residential","oneway":"no","maxspeed":""},"geometry":{"type":"LineString","coordinates":[[77.624358,13.0603892],[77.6243671,13.0602564]]}},{"type":"Feature","properties":{"id":"1183592107","name":"","highway":"residential","oneway":"no","maxspeed":""},"geometry":{"type":"LineString","coordinates":[[77.6215091,13.0358822],[77.6214596,13.0358068],[77.6213251,13.0354608],[77.6213179,13.0354378],[77.6211968,13.0350499]]}},{"type":"Feature","properties":{"id":"1183592108","name":"","highway":"residential","oneway":"no","maxspeed":""},"geometry":{"type":"LineString","coordinates":[[77.6213179,13.0354378],[77.6211745,13.0354763],[77.6211505,13.0354198]]}},{"type":"Feature","properties":{"id":"1183593148","name":"","highway":"residential","oneway":"no","maxspeed":""},"geometry":{"type":"LineString","coordinates":[[77.622237,13.0383572],[77.6222028,13.0383531],[77.6221872,13.0383384],[77.622173,13.0382707],[77.6221357,13.0382599],[77.62194,13.0382713],[77.6218704,13.0381256],[77.6218562,13.0380159]]}},{"type":"Feature","properties":{"id":"1183593623","name":"","highway":"residential","oneway":"no","maxspeed":""},"geometry":{"type":"LineString","coordinates":[[77.6223159,13.0399012],[77.622563,13.0398404]]}},{"type":"Feature","properties":{"id":"1183910415","name":"","highway":"residential","oneway":"no","maxspeed":""},"geometry":{"type":"LineString","coordinates":[[77.6196746,13.0341165],[77.6200117,13.0340121]]}},{"type":"Feature","properties":{"id":"1184203492","name":"","highway":"service","oneway":"no","maxspeed":""},"geometry":{"type":"LineString","coordinates":[[77.6085793,13.0644416],[77.6086208,13.064991]]}},{"type":"Feature","properties":{"id":"1184204242","name":"","highway":"service","oneway":"no","maxspeed":""},"geometry":{"type":"LineString","coordinates":[[77.608251,13.067173],[77.6082244,13.0670461],[77.6081634,13.0667646]]}},{"type":"Feature","properties":{"id":"1184206418","name":"","highway":"residential","oneway":"no","maxspeed":""},"geometry":{"type":"LineString","coordinates":[[77.6157624,13.0648532],[77.615968,13.0648599]]}},{"type":"Feature","properties":{"id":"1184207550","name":"","highway":"residential","oneway":"no","maxspeed":""},"geometry":{"type":"LineString","coordinates":[[77.6160987,13.0626742],[77.6160778,13.062703],[77.6160174,13.0632587]]}},{"type":"Feature","properties":{"id":"1184427396","name":"","highway":"tertiary","oneway":"no","maxspeed":""},"geometry":{"type":"LineString","coordinates":[[77.619802,13.0557306],[77.6198036,13.0556751]]}},{"type":"Feature","properties":{"id":"1184427397","name":"","highway":"tertiary","oneway":"no","maxspeed":""},"geometry":{"type":"LineString","coordinates":[[77.6197977,13.0557968],[77.619802,13.0557306]]}},{"type":"Feature","properties":{"id":"1184440848","name":"","highway":"living_street","oneway":"no","maxspeed":""},"geometry":{"type":"LineString","coordinates":[[77.6047679,13.0388241],[77.6051784,13.0387753]]}},{"type":"Feature","properties":{"id":"1184442886","name":"","highway":"residential","oneway":"no","maxspeed":""},"geometry":{"type":"LineString","coordinates":[[77.6075031,13.0399546],[77.606939,13.0400494]]}},{"type":"Feature","properties":{"id":"1184445714","name":"","highway":"residential","oneway":"no","maxspeed":""},"geometry":{"type":"LineString","coordinates":[[77.6047122,13.0385047],[77.6044213,13.0385242]]}},{"type":"Feature","properties":{"id":"1184573114","name":"","highway":"residential","oneway":"no","maxspeed":""},"geometry":{"type":"LineString","coordinates":[[77.600612,13.0589227],[77.6006195,13.0589732],[77.6006985,13.0595055]]}},{"type":"Feature","properties":{"id":"1184573512","name":"","highway":"residential","oneway":"no","maxspeed":""},"geometry":{"type":"LineString","coordinates":[[77.6016107,13.0600899],[77.6016254,13.0595292]]}},{"type":"Feature","properties":{"id":"1184573513","name":"","highway":"residential","oneway":"no","maxspeed":""},"geometry":{"type":"LineString","coordinates":[[77.6016092,13.0601483],[77.6016107,13.0600899]]}},{"type":"Feature","properties":{"id":"1184573514","name":"","highway":"residential","oneway":"no","maxspeed":""},"geometry":{"type":"LineString","coordinates":[[77.6016084,13.0601799],[77.6016092,13.0601483]]}},{"type":"Feature","properties":{"id":"1184574089","name":"","highway":"residential","oneway":"no","maxspeed":""},"geometry":{"type":"LineString","coordinates":[[77.6053429,13.0604745],[77.6052108,13.0604784],[77.6051536,13.0604801],[77.6051193,13.0604739],[77.6050176,13.0603852],[77.6049668,13.0602435]]}},{"type":"Feature","properties":{"id":"1184574372","name":"","highway":"residential","oneway":"no","maxspeed":""},"geometry":{"type":"LineString","coordinates":[[77.6064297,13.0607564],[77.6063608,13.0608367],[77.6063541,13.0609863],[77.606366,13.0610229],[77.6063992,13.061027],[77.6069647,13.0610126]]}},{"type":"Feature","properties":{"id":"1184574435","name":"","highway":"service","oneway":"no","maxspeed":""},"geometry":{"type":"LineString","coordinates":[[77.5968293,13.0629006],[77.5966765,13.0629112]]}},{"type":"Feature","properties":{"id":"1184575033","name":"","highway":"residential","oneway":"no","maxspeed":""},"geometry":{"type":"LineString","coordinates":[[77.6069249,13.0618053],[77.606419,13.0617887]]}},{"type":"Feature","properties":{"id":"1184575059","name":"","highway":"residential","oneway":"no","maxspeed":""},"geometry":{"type":"LineString","coordinates":[[77.6041252,13.0661697],[77.6041145,13.0657732]]}},{"type":"Feature","properties":{"id":"1184575331","name":"","highway":"residential","oneway":"no","maxspeed":""},"geometry":{"type":"LineString","coordinates":[[77.6044036,13.0659249],[77.6043974,13.0657524]]}},{"type":"Feature","properties":{"id":"1184575500","name":"","highway":"residential","oneway":"no","maxspeed":""},"geometry":{"type":"LineString","coordinates":[[77.6049305,13.0659395],[77.605219,13.0659379]]}},{"type":"Feature","properties":{"id":"1184575944","name":"","highway":"residential","oneway":"no","maxspeed":""},"geometry":{"type":"LineString","coordinates":[[77.6016623,13.0625893],[77.6019554,13.0626358],[77.6022816,13.0626876],[77.6025772,13.0627345]]}},{"type":"Feature","properties":{"id":"1184575945","name":"","highway":"residential","oneway":"no","maxspeed":""},"geometry":{"type":"LineString","coordinates":[[77.6019554,13.0626358],[77.6020308,13.0622383]]}},{"type":"Feature","properties":{"id":"1184575946","name":"","highway":"residential","oneway":"no","maxspeed":""},"geometry":{"type":"LineString","coordinates":[[77.6022816,13.0626876],[77.6023512,13.0623258]]}},{"type":"Feature","properties":{"id":"1184575947","name":"","highway":"residential","oneway":"no","maxspeed":""},"geometry":{"type":"LineString","coordinates":[[77.6025772,13.0627345],[77.6026476,13.0623061]]}},{"type":"Feature","properties":{"id":"1184575948","name":"","highway":"residential","oneway":"no","maxspeed":""},"geometry":{"type":"LineString","coordinates":[[77.6025772,13.0627345],[77.6027362,13.0627586]]}},{"type":"Feature","properties":{"id":"1184576008","name":"","highway":"residential","oneway":"no","maxspeed":""},"geometry":{"type":"LineString","coordinates":[[77.6049199,13.0667951],[77.6051953,13.066793]]}},{"type":"Feature","properties":{"id":"1184576212","name":"","highway":"residential","oneway":"no","maxspeed":""},"geometry":{"type":"LineString","coordinates":[[77.6014941,13.0579808],[77.6012085,13.0581913]]}},{"type":"Feature","properties":{"id":"1184576218","name":"","highway":"residential","oneway":"no","maxspeed":""},"geometry":{"type":"LineString","coordinates":[[77.6049079,13.0673759],[77.6052004,13.067351]]}},{"type":"Feature","properties":{"id":"1184576745","name":"","highway":"residential","oneway":"no","maxspeed":""},"geometry":{"type":"LineString","coordinates":[[77.5974868,13.0675512],[77.5974044,13.0673675]]}},{"type":"Feature","properties":{"id":"1184576945","name":"","highway":"residential","oneway":"no","maxspeed":""},"geometry":{"type":"LineString","coordinates":[[77.5971294,13.0677787],[77.5970301,13.0673938]]}},{"type":"Feature","properties":{"id":"1184583884","name":"","highway":"residential","oneway":"no","maxspeed":""},"geometry":{"type":"LineString","coordinates":[[77.6014267,13.0628482],[77.6014096,13.0632435]]}},{"type":"Feature","properties":{"id":"1184602621","name":"","highway":"service","oneway":"no","maxspeed":""},"geometry":{"type":"LineString","coordinates":[[77.5906333,13.051803],[77.5916023,13.0516605]]}},{"type":"Feature","properties":{"id":"1184604061","name":"","highway":"service","oneway":"no","maxspeed":""},"geometry":{"type":"LineString","coordinates":[[77.5914572,13.0502579],[77.5925441,13.0500812],[77.592567,13.0500889],[77.5925839,13.050125],[77.5928828,13.0512565],[77.5930022,13.0517558],[77.5929961,13.0518608],[77.5929784,13.0519464]]}},{"type":"Feature","properties":{"id":"1185189991","name":"","highway":"residential","oneway":"no","maxspeed":""},"geometry":{"type":"LineString","coordinates":[[77.6000952,13.0508764],[77.5997908,13.0509058]]}},{"type":"Feature","properties":{"id":"1185233700","name":"","highway":"service","oneway":"no","maxspeed":""},"geometry":{"type":"LineString","coordinates":[[77.6122087,13.0347716],[77.6122213,13.0348228],[77.6122261,13.0348679]]}},{"type":"Feature","properties":{"id":"1185233701","name":"","highway":"residential","oneway":"no","maxspeed":""},"geometry":{"type":"LineString","coordinates":[[77.6120524,13.0347972],[77.6121258,13.0350899],[77.6122511,13.0355953]]}},{"type":"Feature","properties":{"id":"1185233702","name":"","highway":"service","oneway":"no","maxspeed":""},"geometry":{"type":"LineString","coordinates":[[77.6122261,13.0348679],[77.6122388,13.0348836],[77.6122648,13.0349016]]}},{"type":"Feature","properties":{"id":"1185240428","name":"","highway":"residential","oneway":"no","maxspeed":""},"geometry":{"type":"LineString","coordinates":[[77.5993562,13.0428013],[77.5992919,13.0422771]]}},{"type":"Feature","properties":{"id":"1185242381","name":"","highway":"residential","oneway":"no","maxspeed":""},"geometry":{"type":"LineString","coordinates":[[77.5975621,13.0406751],[77.5976657,13.0410152]]}},{"type":"Feature","properties":{"id":"1185249926","name":"","highway":"service","oneway":"no","maxspeed":""},"geometry":{"type":"LineString","coordinates":[[77.6165578,13.0415726],[77.6165821,13.041661],[77.6167536,13.0422852],[77.6170042,13.0422203]]}},{"type":"Feature","properties":{"id":"1185256191","name":"","highway":"service","oneway":"no","maxspeed":""},"geometry":{"type":"LineString","coordinates":[[77.6136894,13.0442026],[77.613682,13.043822],[77.6136584,13.0438076],[77.6132055,13.0438189]]}},{"type":"Feature","properties":{"id":"1185256192","name":"","highway":"service","oneway":"no","maxspeed":""},"geometry":{"type":"LineString","coordinates":[[77.6132055,13.0438189],[77.6131259,13.0439144],[77.6130854,13.0442416]]}},{"type":"Feature","properties":{"id":"1185263288","name":"","highway":"residential","oneway":"no","maxspeed":""},"geometry":{"type":"LineString","coordinates":[[77.6098843,13.0371907],[77.6094239,13.037242]]}},{"type":"Feature","properties":{"id":"1185263289","name":"","highway":"living_street","oneway":"no","maxspeed":""},"geometry":{"type":"LineString","coordinates":[[77.6102212,13.0358717],[77.6102904,13.0361515],[77.6103755,13.0361285]]}},{"type":"Feature","properties":{"id":"1185263290","name":"","highway":"living_street","oneway":"no","maxspeed":""},"geometry":{"type":"LineString","coordinates":[[77.6105838,13.0355815],[77.610509,13.0352891]]}},{"type":"Feature","properties":{"id":"1185263554","name":"","highway":"residential","oneway":"no","maxspeed":""},"geometry":{"type":"LineString","coordinates":[[77.6121258,13.0350899],[77.6119598,13.0351178]]}},{"type":"Feature","properties":{"id":"1185273022","name":"14th Cross Road","highway":"residential","oneway":"no","maxspeed":""},"geometry":{"type":"LineString","coordinates":[[77.6122473,13.036622],[77.6122852,13.0366138],[77.6126739,13.0365323],[77.613754,13.036229]]}},{"type":"Feature","properties":{"id":"1185273023","name":"","highway":"residential","oneway":"no","maxspeed":""},"geometry":{"type":"LineString","coordinates":[[77.6122518,13.036513],[77.6122852,13.0366138]]}},{"type":"Feature","properties":{"id":"1185428150","name":"Sobha Petunia Access Road","highway":"residential","oneway":"no","maxspeed":""},"geometry":{"type":"LineString","coordinates":[[77.6130831,13.0391252],[77.6131859,13.0394222],[77.6132715,13.0396548],[77.6132557,13.0396874],[77.6132247,13.039719],[77.6128426,13.0397998],[77.6127785,13.0398133],[77.6125355,13.0398585]]}},{"type":"Feature","properties":{"id":"1185428151","name":"","highway":"residential","oneway":"no","maxspeed":""},"geometry":{"type":"LineString","coordinates":[[77.610774,13.0398281],[77.611178,13.0397627]]}},{"type":"Feature","properties":{"id":"1185428870","name":"","highway":"living_street","oneway":"no","maxspeed":""},"geometry":{"type":"LineString","coordinates":[[77.6133862,13.047953],[77.6135001,13.0479616],[77.613525,13.0479633],[77.6135515,13.0479616],[77.6135855,13.0479547],[77.6136134,13.0479467],[77.6136456,13.0479393],[77.6136786,13.0479303],[77.6137006,13.0479128],[77.6137078,13.0478864],[77.6137305,13.047676]]}},{"type":"Feature","properties":{"id":"1185435815","name":"","highway":"residential","oneway":"no","maxspeed":""},"geometry":{"type":"LineString","coordinates":[[77.6064942,13.0567075],[77.606471,13.0562896]]}},{"type":"Feature","properties":{"id":"1185436019","name":"","highway":"residential","oneway":"no","maxspeed":""},"geometry":{"type":"LineString","coordinates":[[77.6063339,13.0549328],[77.6059849,13.0549914]]}},{"type":"Feature","properties":{"id":"1185436105","name":"","highway":"service","oneway":"no","maxspeed":""},"geometry":{"type":"LineString","coordinates":[[77.595479,13.0420631],[77.5954792,13.0421344],[77.5955569,13.0425389]]}},{"type":"Feature","properties":{"id":"1185436194","name":"","highway":"residential","oneway":"no","maxspeed":""},"geometry":{"type":"LineString","coordinates":[[77.5993603,13.0558038],[77.5997159,13.0557209]]}},{"type":"Feature","properties":{"id":"1185437813","name":"","highway":"residential","oneway":"no","maxspeed":""},"geometry":{"type":"LineString","coordinates":[[77.5903944,13.0423933],[77.5906397,13.0423187],[77.5907602,13.042296],[77.5911334,13.0422641],[77.5911301,13.0421798],[77.5911171,13.0421178],[77.5911669,13.0420574],[77.591363,13.0420591]]}},{"type":"Feature","properties":{"id":"1185437814","name":"","highway":"residential","oneway":"no","maxspeed":""},"geometry":{"type":"LineString","coordinates":[[77.591363,13.0420591],[77.5913864,13.0416739]]}},{"type":"Feature","properties":{"id":"1185448250","name":"","highway":"service","oneway":"no","maxspeed":""},"geometry":{"type":"LineString","coordinates":[[77.6172978,13.0411971],[77.6173487,13.0412086],[77.6173684,13.0412224],[77.6173753,13.0412352],[77.6174667,13.0417818],[77.6175477,13.04244]]}},{"type":"Feature","properties":{"id":"1185454636","name":"","highway":"residential","oneway":"no","maxspeed":""},"geometry":{"type":"LineString","coordinates":[[77.6019857,13.0337769],[77.6016335,13.0337957]]}},{"type":"Feature","properties":{"id":"1185458717","name":"","highway":"residential","oneway":"no","maxspeed":""},"geometry":{"type":"LineString","coordinates":[[77.6069686,13.0329175],[77.60678,13.0329514],[77.6067143,13.03297],[77.6066958,13.0330038],[77.6066843,13.033054],[77.6066744,13.0331218],[77.6067274,13.0333395]]}},{"type":"Feature","properties":{"id":"1185460281","name":"","highway":"residential","oneway":"no","maxspeed":""},"geometry":{"type":"LineString","coordinates":[[77.6035766,13.0362476],[77.6035375,13.036046]]}},{"type":"Feature","properties":{"id":"1185461811","name":"","highway":"residential","oneway":"no","maxspeed":""},"geometry":{"type":"LineString","coordinates":[[77.600653,13.0327239],[77.6006092,13.0324333],[77.6006187,13.0324107],[77.6006407,13.0323999],[77.600865,13.0323604]]}},{"type":"Feature","properties":{"id":"1185462247","name":"","highway":"service","oneway":"no","maxspeed":""},"geometry":{"type":"LineString","coordinates":[[77.5981629,13.050031],[77.5981672,13.0500721],[77.5982653,13.0510787],[77.5982859,13.0510989],[77.5983174,13.0510995],[77.598771,13.0510324]]}},{"type":"Feature","properties":{"id":"1185464490","name":"","highway":"residential","oneway":"no","maxspeed":""},"geometry":{"type":"LineString","coordinates":[[77.6025383,13.0469511],[77.6026049,13.0472786],[77.6026427,13.0474954],[77.6026668,13.0476531],[77.6026675,13.0477217]]}},{"type":"Feature","properties":{"id":"1185466049","name":"","highway":"service","oneway":"no","maxspeed":""},"geometry":{"type":"LineString","coordinates":[[77.6014484,13.0513232],[77.6015832,13.0513084]]}},{"type":"Feature","properties":{"id":"1185493819","name":"","highway":"service","oneway":"no","maxspeed":""},"geometry":{"type":"LineString","coordinates":[[77.6238984,13.0660421],[77.623952,13.0659964],[77.62398,13.0659727],[77.6240277,13.0660338],[77.6247474,13.0657492],[77.6247698,13.0657215],[77.6246933,13.0655412],[77.6246719,13.0655241],[77.6246506,13.0655165],[77.6238831,13.0657978],[77.62398,13.0659727]]}},{"type":"Feature","properties":{"id":"1185494787","name":"","highway":"residential","oneway":"no","maxspeed":""},"geometry":{"type":"LineString","coordinates":[[77.6237243,13.0625113],[77.6237484,13.0630502]]}},{"type":"Feature","properties":{"id":"1185496978","name":"","highway":"service","oneway":"no","maxspeed":""},"geometry":{"type":"LineString","coordinates":[[77.6206323,13.0649488],[77.6205929,13.0649339],[77.6204768,13.0648901],[77.6202856,13.0648963],[77.6199062,13.0649021]]}},{"type":"Feature","properties":{"id":"1185498118","name":"","highway":"residential","oneway":"no","maxspeed":""},"geometry":{"type":"LineString","coordinates":[[77.6195168,13.0672505],[77.6191147,13.0673041]]}},{"type":"Feature","properties":{"id":"1185498721","name":"","highway":"residential","oneway":"no","maxspeed":""},"geometry":{"type":"LineString","coordinates":[[77.6203216,13.065971],[77.6208755,13.065968]]}},{"type":"Feature","properties":{"id":"1185886478","name":"","highway":"residential","oneway":"yes","maxspeed":""},"geometry":{"type":"LineString","coordinates":[[77.5963717,13.0555564],[77.5963793,13.0556286],[77.5963838,13.0556712]]}},{"type":"Feature","properties":{"id":"1185895979","name":"","highway":"residential","oneway":"no","maxspeed":""},"geometry":{"type":"LineString","coordinates":[[77.6056697,13.0547528],[77.6060017,13.0546663],[77.6060258,13.0546257],[77.6062719,13.0545896]]}},{"type":"Feature","properties":{"id":"1185923286","name":"","highway":"residential","oneway":"no","maxspeed":""},"geometry":{"type":"LineString","coordinates":[[77.611932,13.0545792],[77.6121725,13.0545931]]}},{"type":"Feature","properties":{"id":"1185923952","name":"","highway":"residential","oneway":"no","maxspeed":""},"geometry":{"type":"LineString","coordinates":[[77.6116309,13.0547655],[77.6115293,13.0546016]]}},{"type":"Feature","properties":{"id":"1185926690","name":"","highway":"residential","oneway":"no","maxspeed":""},"geometry":{"type":"LineString","coordinates":[[77.6111713,13.0561118],[77.6112313,13.0560489],[77.6112303,13.0559391],[77.6111686,13.0557694],[77.6112272,13.0553732]]}},{"type":"Feature","properties":{"id":"1185927912","name":"","highway":"residential","oneway":"no","maxspeed":""},"geometry":{"type":"LineString","coordinates":[[77.6116475,13.0560288],[77.6119309,13.0560296],[77.6119405,13.0558304],[77.6119636,13.0557752]]}},{"type":"Feature","properties":{"id":"1185927913","name":"","highway":"residential","oneway":"no","maxspeed":""},"geometry":{"type":"LineString","coordinates":[[77.612245,13.0555361],[77.6122808,13.0558785]]}},{"type":"Feature","properties":{"id":"1185927914","name":"","highway":"residential","oneway":"no","maxspeed":""},"geometry":{"type":"LineString","coordinates":[[77.6119405,13.0558304],[77.6121337,13.0558451]]}},{"type":"Feature","properties":{"id":"1185928573","name":"","highway":"residential","oneway":"no","maxspeed":""},"geometry":{"type":"LineString","coordinates":[[77.6103488,13.0560133],[77.6103923,13.055627]]}},{"type":"Feature","properties":{"id":"1185929886","name":"","highway":"residential","oneway":"no","maxspeed":""},"geometry":{"type":"LineString","coordinates":[[77.6121963,13.0550971],[77.6122245,13.0554145],[77.612245,13.0555361]]}},{"type":"Feature","properties":{"id":"1185931246","name":"","highway":"residential","oneway":"no","maxspeed":""},"geometry":{"type":"LineString","coordinates":[[77.6123742,13.0526401],[77.6123834,13.0529672]]}},{"type":"Feature","properties":{"id":"1185931247","name":"","highway":"residential","oneway":"no","maxspeed":""},"geometry":{"type":"LineString","coordinates":[[77.6118915,13.0528993],[77.6120751,13.0528929]]}},{"type":"Feature","properties":{"id":"1185931968","name":"","highway":"residential","oneway":"no","maxspeed":""},"geometry":{"type":"LineString","coordinates":[[77.6136741,13.0525171],[77.6138938,13.0525817]]}},{"type":"Feature","properties":{"id":"1185963491","name":"","highway":"residential","oneway":"no","maxspeed":""},"geometry":{"type":"LineString","coordinates":[[77.6224943,13.0634578],[77.622489,13.0634097],[77.6224836,13.0633616],[77.6224414,13.0628963]]}},{"type":"Feature","properties":{"id":"1186172536","name":"","highway":"service","oneway":"no","maxspeed":""},"geometry":{"type":"LineString","coordinates":[[77.6217219,13.0585448],[77.6217512,13.0586556]]}},{"type":"Feature","properties":{"id":"1186172537","name":"","highway":"service","oneway":"no","maxspeed":""},"geometry":{"type":"LineString","coordinates":[[77.6217021,13.0584699],[77.6217219,13.0585448]]}},{"type":"Feature","properties":{"id":"1186172538","name":"","highway":"service","oneway":"no","maxspeed":""},"geometry":{"type":"LineString","coordinates":[[77.6221051,13.0594548],[77.6223338,13.059378],[77.622361,13.0593377],[77.6223677,13.0592972],[77.6223713,13.0592369],[77.6223735,13.0591921]]}},{"type":"Feature","properties":{"id":"1186174926","name":"","highway":"residential","oneway":"no","maxspeed":""},"geometry":{"type":"LineString","coordinates":[[77.6240328,13.0624904],[77.6240743,13.0632246]]}},{"type":"Feature","properties":{"id":"1186775970","name":"","highway":"service","oneway":"no","maxspeed":""},"geometry":{"type":"LineString","coordinates":[[77.5905654,13.0644078],[77.590603,13.0645166],[77.5910157,13.0643816]]}},{"type":"Feature","properties":{"id":"1186779975","name":"13th Main Road","highway":"residential","oneway":"no","maxspeed":""},"geometry":{"type":"LineString","coordinates":[[77.6076045,13.0517658],[77.6071092,13.0518165]]}},{"type":"Feature","properties":{"id":"1186887005","name":"","highway":"service","oneway":"no","maxspeed":""},"geometry":{"type":"LineString","coordinates":[[77.6163547,13.0462339],[77.616422,13.0462176],[77.6166328,13.0461824],[77.6166845,13.0462689],[77.6167273,13.0462403],[77.6173073,13.0461018],[77.6176262,13.0460184],[77.6176871,13.0460281],[77.6177066,13.0460922],[77.6178263,13.0465025],[77.6178152,13.046557],[77.6177627,13.0465794],[77.6168339,13.0467844],[77.6167698,13.0467816],[77.6167498,13.0467306],[77.6166707,13.0463233],[77.6166845,13.0462689]]}},{"type":"Feature","properties":{"id":"1186887006","name":"Karle Zenith Residency Road","highway":"service","oneway":"no","maxspeed":""},"geometry":{"type":"LineString","coordinates":[[77.612276,13.0455705],[77.6123764,13.0455958],[77.6125529,13.0456193],[77.6129003,13.0455967]]}},{"type":"Feature","properties":{"id":"1186887007","name":"","highway":"service","oneway":"yes","maxspeed":""},"geometry":{"type":"LineString","coordinates":[[77.6167328,13.0477845],[77.616671,13.0476948],[77.6163547,13.0462339],[77.6161796,13.0453424],[77.6152277,13.0455037]]}},{"type":"Feature","properties":{"id":"1186887008","name":"","highway":"service","oneway":"yes","maxspeed":""},"geometry":{"type":"LineString","coordinates":[[77.6153707,13.0454095],[77.6162347,13.0452646],[77.616422,13.0462176],[77.6167511,13.047644],[77.6167328,13.0477845]]}},{"type":"Feature","properties":{"id":"1186887010","name":"","highway":"service","oneway":"no","maxspeed":""},"geometry":{"type":"LineString","coordinates":[[77.6175477,13.04244],[77.6175593,13.042972],[77.6171865,13.0430307],[77.6170148,13.0422599]]}},{"type":"Feature","properties":{"id":"1186901138","name":"","highway":"service","oneway":"no","maxspeed":""},"geometry":{"type":"LineString","coordinates":[[77.5946406,13.0559126],[77.5942927,13.0559581]]}},{"type":"Feature","properties":{"id":"1187219649","name":"","highway":"residential","oneway":"yes","maxspeed":""},"geometry":{"type":"LineString","coordinates":[[77.598756,13.0659582],[77.59874,13.0660219],[77.5987503,13.0660582],[77.5987464,13.0660656]]}},{"type":"Feature","properties":{"id":"1187982797","name":"","highway":"residential","oneway":"no","maxspeed":""},"geometry":{"type":"LineString","coordinates":[[77.5908035,13.0598091],[77.5903628,13.05993]]}},{"type":"Feature","properties":{"id":"1187983660","name":"","highway":"service","oneway":"no","maxspeed":""},"geometry":{"type":"LineString","coordinates":[[77.5947015,13.062557],[77.5946774,13.0626222]]}},{"type":"Feature","properties":{"id":"1189093376","name":"","highway":"residential","oneway":"no","maxspeed":""},"geometry":{"type":"LineString","coordinates":[[77.607019,13.0352122],[77.6075992,13.0351211]]}},{"type":"Feature","properties":{"id":"1189365959","name":"","highway":"service","oneway":"yes","maxspeed":""},"geometry":{"type":"LineString","coordinates":[[77.5936552,13.0554258],[77.5937312,13.0554268],[77.5938554,13.0554345]]}},{"type":"Feature","properties":{"id":"1189365960","name":"","highway":"service","oneway":"yes","maxspeed":""},"geometry":{"type":"LineString","coordinates":[[77.5938551,13.0553712],[77.5937332,13.0553661],[77.5936609,13.0553655]]}},{"type":"Feature","properties":{"id":"1189549619","name":"","highway":"residential","oneway":"no","maxspeed":""},"geometry":{"type":"LineString","coordinates":[[77.5951804,13.0655856],[77.5952037,13.0657263],[77.5951916,13.0657551],[77.5951688,13.0657707],[77.5949843,13.0657977],[77.5949565,13.0658247]]}},{"type":"Feature","properties":{"id":"1190314004","name":"","highway":"residential","oneway":"no","maxspeed":""},"geometry":{"type":"LineString","coordinates":[[77.596709,13.0652057],[77.5967565,13.0651769],[77.5969979,13.0651325]]}},{"type":"Feature","properties":{"id":"1190353634","name":"","highway":"living_street","oneway":"no","maxspeed":""},"geometry":{"type":"LineString","coordinates":[[77.5969979,13.0651325],[77.5970895,13.0651235],[77.5975589,13.0650923]]}},{"type":"Feature","properties":{"id":"1190506686","name":"Amruth Nagar Main Road","highway":"tertiary","oneway":"no","maxspeed":""},"geometry":{"type":"LineString","coordinates":[[77.5979418,13.055909],[77.5979141,13.055993],[77.597911,13.0561191],[77.5979788,13.0562992],[77.5982123,13.0567197]]}},{"type":"Feature","properties":{"id":"1190585690","name":"","highway":"residential","oneway":"no","maxspeed":""},"geometry":{"type":"LineString","coordinates":[[77.6015009,13.0474125],[77.6010613,13.0474483]]}},{"type":"Feature","properties":{"id":"1190592616","name":"","highway":"service","oneway":"yes","maxspeed":""},"geometry":{"type":"LineString","coordinates":[[77.5952252,13.0512332],[77.5953479,13.0512097],[77.5959374,13.0510966],[77.5960112,13.0510555]]}},{"type":"Feature","properties":{"id":"1190592617","name":"","highway":"service","oneway":"yes","maxspeed":""},"geometry":{"type":"LineString","coordinates":[[77.5960112,13.0510555],[77.5959331,13.0510509],[77.5953414,13.0511708],[77.5952178,13.0511917],[77.5946015,13.0513022],[77.5939812,13.0513926],[77.5937947,13.0514266],[77.5935062,13.0514743]]}},{"type":"Feature","properties":{"id":"1190601921","name":"6th Cross","highway":"residential","oneway":"no","maxspeed":""},"geometry":{"type":"LineString","coordinates":[[77.601728,13.055788],[77.6015343,13.055159]]}},{"type":"Feature","properties":{"id":"1190601923","name":"7th Cross Road","highway":"residential","oneway":"no","maxspeed":""},"geometry":{"type":"LineString","coordinates":[[77.6018612,13.0551708],[77.6020221,13.0557189]]}},{"type":"Feature","properties":{"id":"1191771692","name":"","highway":"residential","oneway":"no","maxspeed":""},"geometry":{"type":"LineString","coordinates":[[77.623273,13.0398887],[77.6231899,13.0402244]]}},{"type":"Feature","properties":{"id":"1192794479","name":"4th Cross Road","highway":"residential","oneway":"no","maxspeed":""},"geometry":{"type":"LineString","coordinates":[[77.6025456,13.059679],[77.6025444,13.0602532]]}},{"type":"Feature","properties":{"id":"1193989061","name":"1st Main Road","highway":"residential","oneway":"no","maxspeed":""},"geometry":{"type":"LineString","coordinates":[[77.5985687,13.0344492],[77.5987105,13.0354107]]}},{"type":"Feature","properties":{"id":"1193989062","name":"3rd Cross Road","highway":"residential","oneway":"no","maxspeed":""},"geometry":{"type":"LineString","coordinates":[[77.5985687,13.0344492],[77.5989734,13.0343928],[77.599398,13.0343336]]}},{"type":"Feature","properties":{"id":"1193989063","name":"","highway":"residential","oneway":"no","maxspeed":""},"geometry":{"type":"LineString","coordinates":[[77.5978645,13.0341433],[77.5978627,13.0342885],[77.5978645,13.0345005]]}},{"type":"Feature","properties":{"id":"1196048155","name":"","highway":"residential","oneway":"no","maxspeed":""},"geometry":{"type":"LineString","coordinates":[[77.6016485,13.0490375],[77.6013982,13.0490487],[77.6011901,13.0490661]]}},{"type":"Feature","properties":{"id":"1198647066","name":"","highway":"residential","oneway":"no","maxspeed":""},"geometry":{"type":"LineString","coordinates":[[77.6096803,13.0322009],[77.6098309,13.0328649]]}},{"type":"Feature","properties":{"id":"1198647075","name":"","highway":"residential","oneway":"no","maxspeed":""},"geometry":{"type":"LineString","coordinates":[[77.6101563,13.0330281],[77.6101443,13.0329509],[77.6100451,13.0323786],[77.6099984,13.0321224]]}},{"type":"Feature","properties":{"id":"1198647096","name":"","highway":"residential","oneway":"no","maxspeed":""},"geometry":{"type":"LineString","coordinates":[[77.6101563,13.0330281],[77.6103676,13.0330178]]}},{"type":"Feature","properties":{"id":"1198647097","name":"","highway":"residential","oneway":"no","maxspeed":""},"geometry":{"type":"LineString","coordinates":[[77.6084955,13.0332968],[77.6085347,13.033408]]}},{"type":"Feature","properties":{"id":"1198647098","name":"","highway":"residential","oneway":"no","maxspeed":""},"geometry":{"type":"LineString","coordinates":[[77.6084955,13.0332968],[77.6080089,13.0334241]]}},{"type":"Feature","properties":{"id":"1198858711","name":"","highway":"residential","oneway":"no","maxspeed":""},"geometry":{"type":"LineString","coordinates":[[77.6084117,13.0330372],[77.6083297,13.0327527],[77.6082216,13.0323735]]}},{"type":"Feature","properties":{"id":"1198860334","name":"","highway":"residential","oneway":"no","maxspeed":""},"geometry":{"type":"LineString","coordinates":[[77.6154561,13.0334797],[77.615047,13.0336176]]}},{"type":"Feature","properties":{"id":"1199405728","name":"","highway":"residential","oneway":"no","maxspeed":""},"geometry":{"type":"LineString","coordinates":[[77.6030764,13.0400972],[77.6032494,13.040085]]}},{"type":"Feature","properties":{"id":"1199407496","name":"","highway":"residential","oneway":"no","maxspeed":""},"geometry":{"type":"LineString","coordinates":[[77.6021369,13.0504933],[77.6020985,13.0501471],[77.6020149,13.0495408]]}},{"type":"Feature","properties":{"id":"1200999472","name":"","highway":"residential","oneway":"no","maxspeed":""},"geometry":{"type":"LineString","coordinates":[[77.6026675,13.0477217],[77.6028418,13.0477005]]}},{"type":"Feature","properties":{"id":"1201844062","name":"","highway":"residential","oneway":"no","maxspeed":""},"geometry":{"type":"LineString","coordinates":[[77.6247254,13.0619127],[77.6242689,13.0616316]]}},{"type":"Feature","properties":{"id":"1202598183","name":"","highway":"residential","oneway":"no","maxspeed":""},"geometry":{"type":"LineString","coordinates":[[77.619169,13.0344592],[77.6191677,13.034513],[77.6192354,13.035003],[77.6194215,13.0364796],[77.6194541,13.0365266],[77.6196758,13.0365061],[77.6197139,13.0364579],[77.6195394,13.0350393],[77.6195064,13.0349868],[77.6192354,13.035003]]}},{"type":"Feature","properties":{"id":"1202698144","name":"","highway":"residential","oneway":"no","maxspeed":""},"geometry":{"type":"LineString","coordinates":[[77.6009387,13.0337502],[77.6010285,13.0343535],[77.6010975,13.0350547]]}},{"type":"Feature","properties":{"id":"1203039096","name":"","highway":"residential","oneway":"no","maxspeed":""},"geometry":{"type":"LineString","coordinates":[[77.6008843,13.031867],[77.6008998,13.0321727],[77.6009105,13.0326962]]}},{"type":"Feature","properties":{"id":"1203519105","name":"Outer Ring Road","highway":"trunk","oneway":"yes","maxspeed":"50"},"geometry":{"type":"LineString","coordinates":[[77.6103635,13.0428674],[77.6096085,13.0430737],[77.6084334,13.0433694],[77.6078589,13.0434709],[77.6072042,13.0435763]]}},{"type":"Feature","properties":{"id":"1203519106","name":"Outer Ring Road","highway":"trunk","oneway":"yes","maxspeed":"50"},"geometry":{"type":"LineString","coordinates":[[77.5988051,13.0433203],[77.5974366,13.0422789],[77.5972255,13.0421366],[77.5970605,13.0420457],[77.5968865,13.0419657],[77.5967389,13.0419115],[77.5965921,13.041879],[77.5964411,13.0418655],[77.5962265,13.0418613],[77.5944588,13.041896],[77.5942685,13.0419086],[77.5941146,13.0419218],[77.5938775,13.041947]]}},{"type":"Feature","properties":{"id":"1203520127","name":"Outer Ring Road","highway":"trunk","oneway":"yes","maxspeed":"40"},"geometry":{"type":"LineString","coordinates":[[77.59429,13.0420129],[77.5945382,13.0419966],[77.5962744,13.0419472],[77.5965017,13.0419577],[77.5966792,13.041994],[77.5968687,13.042066],[77.5970433,13.0421433],[77.5972085,13.0422409],[77.5986002,13.0432947]]}},{"type":"Feature","properties":{"id":"1203521644","name":"Veerannapalya Flyover","highway":"trunk","oneway":"yes","maxspeed":"50"},"geometry":{"type":"LineString","coordinates":[[77.6107303,13.0429552],[77.6125608,13.0425252]]}},{"type":"Feature","properties":{"id":"1204671620","name":"","highway":"residential","oneway":"yes","maxspeed":""},"geometry":{"type":"LineString","coordinates":[[77.6033422,13.0461002],[77.6032837,13.0461054],[77.6030471,13.0461262]]}},{"type":"Feature","properties":{"id":"1204671621","name":"","highway":"residential","oneway":"no","maxspeed":""},"geometry":{"type":"LineString","coordinates":[[77.6030471,13.0461262],[77.6028026,13.0461486]]}},{"type":"Feature","properties":{"id":"1204882777","name":"","highway":"service","oneway":"no","maxspeed":""},"geometry":{"type":"LineString","coordinates":[[77.6196764,13.0532218],[77.6198013,13.0532213]]}},{"type":"Feature","properties":{"id":"1204882779","name":"","highway":"service","oneway":"no","maxspeed":""},"geometry":{"type":"LineString","coordinates":[[77.6195815,13.0532222],[77.6196764,13.0532218]]}},{"type":"Feature","properties":{"id":"1205482470","name":"","highway":"residential","oneway":"no","maxspeed":""},"geometry":{"type":"LineString","coordinates":[[77.6100529,13.0367065],[77.6100043,13.0364653]]}},{"type":"Feature","properties":{"id":"1205483385","name":"","highway":"service","oneway":"no","maxspeed":""},"geometry":{"type":"LineString","coordinates":[[77.6139812,13.0373258],[77.6140371,13.0373122]]}},{"type":"Feature","properties":{"id":"1206055052","name":"Kempegowda Road","highway":"tertiary","oneway":"no","maxspeed":""},"geometry":{"type":"LineString","coordinates":[[77.6092577,13.0633831],[77.6092002,13.0630611],[77.6091886,13.0629962],[77.6091814,13.0629555],[77.6091706,13.0628301],[77.6092093,13.0625509],[77.6092257,13.0624325],[77.6092489,13.0622654],[77.6092908,13.0619843],[77.609336,13.0616811]]}},{"type":"Feature","properties":{"id":"1206055053","name":"","highway":"residential","oneway":"no","maxspeed":""},"geometry":{"type":"LineString","coordinates":[[77.6097945,13.0624044],[77.6098688,13.0626706]]}},{"type":"Feature","properties":{"id":"1206055054","name":"","highway":"residential","oneway":"no","maxspeed":""},"geometry":{"type":"LineString","coordinates":[[77.6106316,13.0610647],[77.6106404,13.0612318]]}},{"type":"Feature","properties":{"id":"1206055055","name":"","highway":"residential","oneway":"no","maxspeed":""},"geometry":{"type":"LineString","coordinates":[[77.6092908,13.0619843],[77.6095574,13.0619942]]}},{"type":"Feature","properties":{"id":"1206055056","name":"","highway":"residential","oneway":"no","maxspeed":""},"geometry":{"type":"LineString","coordinates":[[77.6095574,13.0619942],[77.6096282,13.0619969]]}},{"type":"Feature","properties":{"id":"1206056173","name":"","highway":"service","oneway":"no","maxspeed":""},"geometry":{"type":"LineString","coordinates":[[77.6125993,13.0599218],[77.612604,13.0599047]]}},{"type":"Feature","properties":{"id":"1207697848","name":"","highway":"service","oneway":"no","maxspeed":""},"geometry":{"type":"LineString","coordinates":[[77.5942997,13.0592672],[77.5943221,13.0595556]]}},{"type":"Feature","properties":{"id":"1207715855","name":"","highway":"service","oneway":"no","maxspeed":""},"geometry":{"type":"LineString","coordinates":[[77.6202837,13.0605232],[77.6202153,13.0601853]]}},{"type":"Feature","properties":{"id":"1207925655","name":"","highway":"residential","oneway":"no","maxspeed":""},"geometry":{"type":"LineString","coordinates":[[77.6031568,13.0517962],[77.6030766,13.0513959]]}},{"type":"Feature","properties":{"id":"1207926123","name":"","highway":"service","oneway":"no","maxspeed":""},"geometry":{"type":"LineString","coordinates":[[77.6033731,13.0508501],[77.6033719,13.0508414],[77.6033675,13.0508087]]}},{"type":"Feature","properties":{"id":"1207940874","name":"5th Main Road","highway":"residential","oneway":"no","maxspeed":""},"geometry":{"type":"LineString","coordinates":[[77.6066078,13.0492462],[77.6071186,13.0491686]]}},{"type":"Feature","properties":{"id":"1209161798","name":"","highway":"tertiary","oneway":"yes","maxspeed":""},"geometry":{"type":"LineString","coordinates":[[77.6206154,13.0438012],[77.6206657,13.0435518],[77.6207027,13.0434358],[77.6207491,13.0433314],[77.6208152,13.0432718],[77.620878,13.043209],[77.6209375,13.0431431],[77.6210082,13.0430548],[77.6210729,13.0429621]]}},{"type":"Feature","properties":{"id":"1209161799","name":"","highway":"service","oneway":"no","maxspeed":""},"geometry":{"type":"LineString","coordinates":[[77.6211862,13.0429569],[77.6211756,13.0429439],[77.6211541,13.0429374],[77.6211105,13.0429452],[77.6210729,13.0429621]]}},{"type":"Feature","properties":{"id":"1209638836","name":"","highway":"residential","oneway":"no","maxspeed":""},"geometry":{"type":"LineString","coordinates":[[77.5889187,13.0645951],[77.5881097,13.0646326]]}},{"type":"Feature","properties":{"id":"1210269308","name":"","highway":"tertiary","oneway":"yes","maxspeed":""},"geometry":{"type":"LineString","coordinates":[[77.5933506,13.0672594],[77.5933677,13.0670899],[77.5934449,13.0661352],[77.5934781,13.0653592],[77.5935003,13.064531],[77.5935204,13.0639442],[77.5935239,13.0638424],[77.5935378,13.0633684],[77.5935405,13.063275],[77.5935443,13.0631454],[77.5935852,13.0625019],[77.5935913,13.0622745],[77.5936783,13.0608727],[77.593697,13.0604328],[77.5936968,13.0603988],[77.5936945,13.0600203],[77.593685,13.0593574],[77.5936852,13.0592293],[77.5936809,13.0584588],[77.5936782,13.0583269],[77.5936702,13.0580656],[77.5936584,13.0577049],[77.5936561,13.0576349],[77.5936559,13.0576256],[77.5936508,13.0573537],[77.5936461,13.0570994]]}},{"type":"Feature","properties":{"id":"1210533405","name":"","highway":"service","oneway":"no","maxspeed":""},"geometry":{"type":"LineString","coordinates":[[77.5972938,13.0554506],[77.5974175,13.0553853],[77.5974601,13.055366],[77.5981227,13.0550662],[77.5982553,13.0553619],[77.5976143,13.0556562],[77.5974832,13.0554095],[77.5974601,13.055366]]}},{"type":"Feature","properties":{"id":"1210533409","name":"","highway":"service","oneway":"no","maxspeed":""},"geometry":{"type":"LineString","coordinates":[[77.597322,13.0554888],[77.5974406,13.0554304],[77.5974832,13.0554095]]}},{"type":"Feature","properties":{"id":"1210533410","name":"","highway":"residential","oneway":"yes","maxspeed":""},"geometry":{"type":"LineString","coordinates":[[77.5937297,13.0546028],[77.5939829,13.0545517],[77.594011,13.054546],[77.5950795,13.0543817]]}},{"type":"Feature","properties":{"id":"1210533413","name":"","highway":"service","oneway":"no","maxspeed":""},"geometry":{"type":"LineString","coordinates":[[77.5921432,13.0576217],[77.5921474,13.0576645],[77.5921563,13.0577122]]}},{"type":"Feature","properties":{"id":"1210533414","name":"","highway":"service","oneway":"no","maxspeed":""},"geometry":{"type":"LineString","coordinates":[[77.5922352,13.0581335],[77.5917095,13.0582433]]}},{"type":"Feature","properties":{"id":"1210533415","name":"","highway":"service","oneway":"no","maxspeed":""},"geometry":{"type":"LineString","coordinates":[[77.5921563,13.0577122],[77.5921639,13.0577526],[77.5921846,13.0578633],[77.592203,13.0579614],[77.5922352,13.0581335]]}},{"type":"Feature","properties":{"id":"1210720891","name":"","highway":"residential","oneway":"no","maxspeed":""},"geometry":{"type":"LineString","coordinates":[[77.6093537,13.0567779],[77.60961,13.0575747]]}},{"type":"Feature","properties":{"id":"1210724752","name":"","highway":"residential","oneway":"no","maxspeed":""},"geometry":{"type":"LineString","coordinates":[[77.6085888,13.0567324],[77.608999,13.0566324]]}},{"type":"Feature","properties":{"id":"1210728412","name":"","highway":"residential","oneway":"no","maxspeed":""},"geometry":{"type":"LineString","coordinates":[[77.6118718,13.0532303],[77.6120594,13.05322],[77.6121318,13.0532044],[77.6124733,13.0531309],[77.6127273,13.0530763]]}},{"type":"Feature","properties":{"id":"1210728413","name":"","highway":"residential","oneway":"no","maxspeed":""},"geometry":{"type":"LineString","coordinates":[[77.6133815,13.0529367],[77.6135055,13.0532453]]}},{"type":"Feature","properties":{"id":"1212962054","name":"","highway":"living_street","oneway":"no","maxspeed":""},"geometry":{"type":"LineString","coordinates":[[77.59054,13.040796],[77.5899328,13.0409068]]}},{"type":"Feature","properties":{"id":"1212962055","name":"","highway":"residential","oneway":"no","maxspeed":""},"geometry":{"type":"LineString","coordinates":[[77.591038,13.0407365],[77.5912982,13.0407085]]}},{"type":"Feature","properties":{"id":"1214457714","name":"","highway":"residential","oneway":"no","maxspeed":""},"geometry":{"type":"LineString","coordinates":[[77.6109222,13.0477799],[77.6108377,13.0479824],[77.6107726,13.0479892]]}},{"type":"Feature","properties":{"id":"1214457715","name":"","highway":"residential","oneway":"no","maxspeed":""},"geometry":{"type":"LineString","coordinates":[[77.6111549,13.0471444],[77.6109222,13.0477799]]}},{"type":"Feature","properties":{"id":"1214457716","name":"","highway":"residential","oneway":"no","maxspeed":""},"geometry":{"type":"LineString","coordinates":[[77.6107221,13.0482425],[77.6106779,13.0484906]]}},{"type":"Feature","properties":{"id":"1214769440","name":"","highway":"residential","oneway":"no","maxspeed":""},"geometry":{"type":"LineString","coordinates":[[77.6028637,13.0339039],[77.6030324,13.0338785]]}},{"type":"Feature","properties":{"id":"1215277733","name":"","highway":"residential","oneway":"no","maxspeed":""},"geometry":{"type":"LineString","coordinates":[[77.6003115,13.0568413],[77.6001305,13.0562511]]}},{"type":"Feature","properties":{"id":"1216302809","name":"","highway":"residential","oneway":"no","maxspeed":""},"geometry":{"type":"LineString","coordinates":[[77.6038317,13.0466402],[77.6038539,13.0466363],[77.603876,13.0466406],[77.603895,13.0466527],[77.6039082,13.0466707],[77.6039685,13.0469072],[77.6040557,13.0472494],[77.6040546,13.0472681],[77.604049,13.047286],[77.6040383,13.0473033],[77.6040235,13.0473174],[77.603825,13.0473579],[77.6038014,13.0473546],[77.6037791,13.0473462],[77.6037593,13.0473331],[77.603745,13.0473184],[77.603734,13.0473014],[77.6037265,13.0472825],[77.60365,13.0467633],[77.6036663,13.0467069],[77.6037101,13.0466768],[77.6037493,13.046665],[77.6038317,13.0466402]]}},{"type":"Feature","properties":{"id":"1217466578","name":"","highway":"service","oneway":"no","maxspeed":""},"geometry":{"type":"LineString","coordinates":[[77.6109034,13.0671465],[77.6104367,13.067285]]}},{"type":"Feature","properties":{"id":"1217466579","name":"","highway":"service","oneway":"no","maxspeed":""},"geometry":{"type":"LineString","coordinates":[[77.610845,13.0663334],[77.6110938,13.0671007],[77.6109034,13.0671465]]}},{"type":"Feature","properties":{"id":"1219267689","name":"","highway":"residential","oneway":"no","maxspeed":""},"geometry":{"type":"LineString","coordinates":[[77.5983289,13.0526515],[77.5978138,13.0527393]]}},{"type":"Feature","properties":{"id":"1220056679","name":"","highway":"service","oneway":"no","maxspeed":""},"geometry":{"type":"LineString","coordinates":[[77.5948029,13.0624994],[77.5949872,13.0624813],[77.5951642,13.0625792],[77.5959522,13.0623371]]}},{"type":"Feature","properties":{"id":"1220056680","name":"","highway":"service","oneway":"no","maxspeed":""},"geometry":{"type":"LineString","coordinates":[[77.5942504,13.0622191],[77.5936632,13.0622748],[77.5935913,13.0622745]]}},{"type":"Feature","properties":{"id":"1220056681","name":"","highway":"service","oneway":"no","maxspeed":""},"geometry":{"type":"LineString","coordinates":[[77.5941792,13.0620873],[77.5942603,13.0617157],[77.5944386,13.0616739],[77.5945567,13.0616112],[77.5948128,13.0615498],[77.5947364,13.0612559],[77.5952943,13.0612023],[77.5953855,13.061214],[77.5954123,13.061248],[77.5956148,13.0620188],[77.5958857,13.0620214],[77.5959522,13.0623371]]}},{"type":"Feature","properties":{"id":"1220056682","name":"","highway":"service","oneway":"no","maxspeed":""},"geometry":{"type":"LineString","coordinates":[[77.594596,13.0624174],[77.5944904,13.0623755],[77.5942925,13.0622971],[77.5942504,13.0622191],[77.5941792,13.0620873],[77.5940645,13.0618568],[77.5940336,13.0617471],[77.594039,13.0616935],[77.5940832,13.0616595]]}},{"type":"Feature","properties":{"id":"1220056683","name":"","highway":"service","oneway":"yes","maxspeed":""},"geometry":{"type":"LineString","coordinates":[[77.5946103,13.0623872],[77.594596,13.0624174],[77.5945916,13.0624503],[77.5945976,13.062483],[77.5946135,13.0625125],[77.5946376,13.062536],[77.5946679,13.0625513],[77.5947015,13.062557],[77.5947321,13.0625536],[77.5947605,13.0625422],[77.5947847,13.0625236],[77.5948029,13.0624994],[77.5948136,13.0624713],[77.5948161,13.0624414],[77.5948101,13.062412],[77.594796,13.062385],[77.5947748,13.0623628],[77.5947482,13.0623471],[77.5947181,13.0623391],[77.594687,13.0623395],[77.5946572,13.0623482],[77.5946309,13.0623645],[77.5946103,13.0623872]]}},{"type":"Feature","properties":{"id":"1221592889","name":"","highway":"service","oneway":"no","maxspeed":""},"geometry":{"type":"LineString","coordinates":[[77.6219725,13.0510099],[77.621977,13.050989],[77.6219809,13.0509713],[77.621836,13.0503782],[77.6216751,13.0503442],[77.6214653,13.0504101]]}},{"type":"Feature","properties":{"id":"1221709807","name":"","highway":"residential","oneway":"yes","maxspeed":""},"geometry":{"type":"LineString","coordinates":[[77.5867009,13.0649423],[77.5866878,13.0652452],[77.5879281,13.0652793],[77.5879454,13.0646848]]}},{"type":"Feature","properties":{"id":"1221710041","name":"","highway":"service","oneway":"no","maxspeed":""},"geometry":{"type":"LineString","coordinates":[[77.5890867,13.0648356],[77.5894999,13.0646754]]}},{"type":"Feature","properties":{"id":"1221710042","name":"","highway":"service","oneway":"no","maxspeed":""},"geometry":{"type":"LineString","coordinates":[[77.5890076,13.0648593],[77.5890867,13.0648356]]}},{"type":"Feature","properties":{"id":"1221710853","name":"","highway":"residential","oneway":"no","maxspeed":""},"geometry":{"type":"LineString","coordinates":[[77.5962586,13.0641335],[77.5959095,13.0642151]]}},{"type":"Feature","properties":{"id":"1222168283","name":"","highway":"service","oneway":"no","maxspeed":""},"geometry":{"type":"LineString","coordinates":[[77.5932158,13.0611487],[77.5931088,13.0611469]]}},{"type":"Feature","properties":{"id":"1222201961","name":"","highway":"service","oneway":"no","maxspeed":""},"geometry":{"type":"LineString","coordinates":[[77.6186555,13.0603322],[77.618993,13.0603675]]}},{"type":"Feature","properties":{"id":"1222407228","name":"","highway":"service","oneway":"no","maxspeed":""},"geometry":{"type":"LineString","coordinates":[[77.6190984,13.0476745],[77.6190827,13.047584],[77.619067,13.0474936]]}},{"type":"Feature","properties":{"id":"1222407229","name":"","highway":"service","oneway":"no","maxspeed":""},"geometry":{"type":"LineString","coordinates":[[77.618702,13.0480116],[77.6186591,13.0477332]]}},{"type":"Feature","properties":{"id":"1222407230","name":"","highway":"service","oneway":"no","maxspeed":""},"geometry":{"type":"LineString","coordinates":[[77.6187369,13.0480066],[77.6187734,13.0480007],[77.6187842,13.0479785],[77.618747,13.0477215]]}},{"type":"Feature","properties":{"id":"1225891703","name":"","highway":"residential","oneway":"no","maxspeed":""},"geometry":{"type":"LineString","coordinates":[[77.5966533,13.0604858],[77.5967694,13.0609422]]}},{"type":"Feature","properties":{"id":"1225891704","name":"","highway":"residential","oneway":"no","maxspeed":""},"geometry":{"type":"LineString","coordinates":[[77.5967445,13.0595862],[77.5967264,13.0594538],[77.5966911,13.0592019]]}},{"type":"Feature","properties":{"id":"1227505432","name":"","highway":"tertiary","oneway":"yes","maxspeed":""},"geometry":{"type":"LineString","coordinates":[[77.6193055,13.0441065],[77.6191052,13.043089]]}},{"type":"Feature","properties":{"id":"1227509684","name":"","highway":"residential","oneway":"no","maxspeed":""},"geometry":{"type":"LineString","coordinates":[[77.6255989,13.0466902],[77.6254195,13.0467791],[77.6252854,13.0468366],[77.6249219,13.046996],[77.6244915,13.0473461],[77.6242594,13.0474833]]}},{"type":"Feature","properties":{"id":"1227510084","name":"","highway":"service","oneway":"no","maxspeed":""},"geometry":{"type":"LineString","coordinates":[[77.6208247,13.0462741],[77.6207458,13.0462935],[77.6206953,13.046306]]}},{"type":"Feature","properties":{"id":"1227511731","name":"Saint Anthony Road","highway":"residential","oneway":"no","maxspeed":""},"geometry":{"type":"LineString","coordinates":[[77.6105306,13.0488493],[77.610469,13.0492964],[77.6104541,13.0495453],[77.61045,13.0496135],[77.6104454,13.0497311]]}},{"type":"Feature","properties":{"id":"1227534452","name":"","highway":"residential","oneway":"no","maxspeed":""},"geometry":{"type":"LineString","coordinates":[[77.5977808,13.0398229],[77.5982469,13.039848]]}},{"type":"Feature","properties":{"id":"1227534637","name":"","highway":"residential","oneway":"no","maxspeed":""},"geometry":{"type":"LineString","coordinates":[[77.5964315,13.0394537],[77.5967747,13.0393924],[77.596949,13.0393767]]}},{"type":"Feature","properties":{"id":"1227537768","name":"","highway":"residential","oneway":"no","maxspeed":""},"geometry":{"type":"LineString","coordinates":[[77.5972295,13.0404821],[77.5975284,13.0404529],[77.5976313,13.0404509]]}},{"type":"Feature","properties":{"id":"1227538159","name":"","highway":"residential","oneway":"no","maxspeed":""},"geometry":{"type":"LineString","coordinates":[[77.5994959,13.0407261],[77.5994987,13.0408096],[77.5994906,13.04099]]}},{"type":"Feature","properties":{"id":"1227538160","name":"","highway":"residential","oneway":"no","maxspeed":""},"geometry":{"type":"LineString","coordinates":[[77.5990554,13.0410396],[77.5990543,13.0406865]]}},{"type":"Feature","properties":{"id":"1227538161","name":"","highway":"residential","oneway":"no","maxspeed":""},"geometry":{"type":"LineString","coordinates":[[77.5984016,13.0409286],[77.5984058,13.0410528]]}},{"type":"Feature","properties":{"id":"1227538520","name":"","highway":"residential","oneway":"no","maxspeed":""},"geometry":{"type":"LineString","coordinates":[[77.6007204,13.0369437],[77.600718,13.0366649]]}},{"type":"Feature","properties":{"id":"1227538521","name":"","highway":"residential","oneway":"no","maxspeed":""},"geometry":{"type":"LineString","coordinates":[[77.600718,13.0366649],[77.6005007,13.0366661]]}},{"type":"Feature","properties":{"id":"1227538522","name":"","highway":"residential","oneway":"no","maxspeed":""},"geometry":{"type":"LineString","coordinates":[[77.6000699,13.036472],[77.600054,13.0362901]]}},{"type":"Feature","properties":{"id":"1227724281","name":"","highway":"service","oneway":"no","maxspeed":""},"geometry":{"type":"LineString","coordinates":[[77.6193633,13.0344387],[77.6194059,13.0345425]]}},{"type":"Feature","properties":{"id":"1227724912","name":"","highway":"residential","oneway":"no","maxspeed":""},"geometry":{"type":"LineString","coordinates":[[77.6183437,13.033726],[77.6184373,13.0339941]]}},{"type":"Feature","properties":{"id":"1227736925","name":"","highway":"residential","oneway":"no","maxspeed":""},"geometry":{"type":"LineString","coordinates":[[77.6206416,13.0320424],[77.6205608,13.0318089]]}},{"type":"Feature","properties":{"id":"1227736926","name":"","highway":"residential","oneway":"no","maxspeed":""},"geometry":{"type":"LineString","coordinates":[[77.6204437,13.0321118],[77.6203784,13.0319042]]}},{"type":"Feature","properties":{"id":"1227737268","name":"","highway":"residential","oneway":"no","maxspeed":""},"geometry":{"type":"LineString","coordinates":[[77.6207742,13.03359],[77.621069,13.0334787]]}},{"type":"Feature","properties":{"id":"1227737269","name":"3rd Cross Road","highway":"residential","oneway":"no","maxspeed":""},"geometry":{"type":"LineString","coordinates":[[77.6206706,13.0338276],[77.6206383,13.0336793]]}},{"type":"Feature","properties":{"id":"1227738836","name":"","highway":"residential","oneway":"no","maxspeed":""},"geometry":{"type":"LineString","coordinates":[[77.6208629,13.0343612],[77.6211172,13.0342751]]}},{"type":"Feature","properties":{"id":"1227739138","name":"","highway":"residential","oneway":"no","maxspeed":""},"geometry":{"type":"LineString","coordinates":[[77.6213809,13.0349847],[77.6212987,13.0347707]]}},{"type":"Feature","properties":{"id":"1227739577","name":"","highway":"residential","oneway":"no","maxspeed":""},"geometry":{"type":"LineString","coordinates":[[77.6214547,13.0359323],[77.6215091,13.0358822],[77.6215665,13.0358422],[77.6217154,13.0358174],[77.6219057,13.0357839],[77.6221021,13.0357521]]}},{"type":"Feature","properties":{"id":"1227740503","name":"","highway":"residential","oneway":"no","maxspeed":""},"geometry":{"type":"LineString","coordinates":[[77.6203526,13.0342883],[77.620523,13.0342178]]}},{"type":"Feature","properties":{"id":"1227740504","name":"","highway":"residential","oneway":"no","maxspeed":""},"geometry":{"type":"LineString","coordinates":[[77.6203036,13.0340812],[77.6204522,13.0340272]]}},{"type":"Feature","properties":{"id":"1227740505","name":"","highway":"residential","oneway":"no","maxspeed":""},"geometry":{"type":"LineString","coordinates":[[77.6196835,13.0344958],[77.6197987,13.0345024],[77.6198991,13.0345165]]}},{"type":"Feature","properties":{"id":"1227740506","name":"","highway":"residential","oneway":"no","maxspeed":""},"geometry":{"type":"LineString","coordinates":[[77.6203582,13.0353668],[77.6204449,13.0354461],[77.6205118,13.0355509]]}},{"type":"Feature","properties":{"id":"1227740507","name":"","highway":"residential","oneway":"no","maxspeed":""},"geometry":{"type":"LineString","coordinates":[[77.6202209,13.034718],[77.6199881,13.0349596],[77.6199531,13.0349919]]}},{"type":"Feature","properties":{"id":"1227740508","name":"","highway":"residential","oneway":"no","maxspeed":""},"geometry":{"type":"LineString","coordinates":[[77.6202319,13.0349778],[77.6203183,13.034905],[77.620361,13.0348734]]}},{"type":"Feature","properties":{"id":"1227740509","name":"","highway":"residential","oneway":"no","maxspeed":""},"geometry":{"type":"LineString","coordinates":[[77.6203919,13.0353019],[77.6205074,13.0351927],[77.6205687,13.0351442]]}},{"type":"Feature","properties":{"id":"1227740510","name":"","highway":"residential","oneway":"no","maxspeed":""},"geometry":{"type":"LineString","coordinates":[[77.6202851,13.0351488],[77.6203999,13.0350498],[77.620466,13.034996]]}},{"type":"Feature","properties":{"id":"1227741167","name":"","highway":"residential","oneway":"no","maxspeed":""},"geometry":{"type":"LineString","coordinates":[[77.6194195,13.0601986],[77.6200164,13.0600792]]}},{"type":"Feature","properties":{"id":"1227743083","name":"","highway":"service","oneway":"no","maxspeed":""},"geometry":{"type":"LineString","coordinates":[[77.6221962,13.0328184],[77.6222676,13.0327893],[77.622457,13.0327123],[77.6226843,13.0326693],[77.6234735,13.0324327],[77.6235926,13.03241],[77.6237033,13.0324098],[77.6239452,13.0324276],[77.6240152,13.0324328]]}},{"type":"Feature","properties":{"id":"1227746200","name":"","highway":"service","oneway":"no","maxspeed":""},"geometry":{"type":"LineString","coordinates":[[77.6231695,13.0335882],[77.6233899,13.0342024],[77.6234584,13.0344814],[77.6234604,13.0345132],[77.6234648,13.0345826]]}},{"type":"Feature","properties":{"id":"1227757793","name":"","highway":"residential","oneway":"no","maxspeed":""},"geometry":{"type":"LineString","coordinates":[[77.6107545,13.054914],[77.6107499,13.0550819],[77.6107323,13.0551054],[77.6106829,13.0551224],[77.610237,13.0551574]]}},{"type":"Feature","properties":{"id":"1227760752","name":"","highway":"residential","oneway":"no","maxspeed":""},"geometry":{"type":"LineString","coordinates":[[77.6087066,13.054594],[77.6085873,13.0540222]]}},{"type":"Feature","properties":{"id":"1227760753","name":"Dasarahalli Main Road","highway":"tertiary","oneway":"no","maxspeed":""},"geometry":{"type":"LineString","coordinates":[[77.6116013,13.0563955],[77.6113015,13.056266],[77.6111713,13.0561118],[77.6109758,13.0558804],[77.61089,13.0558329],[77.6107393,13.0557706],[77.6103923,13.055627],[77.610281,13.0555803],[77.6101331,13.0555342],[77.6100505,13.0555311],[77.6097364,13.0555213],[77.60968,13.0555207],[77.6094056,13.0555113],[77.6089421,13.0554839],[77.6087623,13.0554733],[77.6085374,13.0554584],[77.608205,13.0554573],[77.6079313,13.0554634],[77.6076339,13.0554832],[77.6072987,13.0554926],[77.6066761,13.0554974],[77.6060943,13.055502],[77.6058596,13.0555038],[77.6055098,13.0555065],[77.6054814,13.0555067],[77.605209,13.0555088],[77.6051488,13.0555093],[77.6049047,13.0555112],[77.6047863,13.0555086],[77.6045735,13.0554874],[77.6043736,13.0554799],[77.6040434,13.0554248],[77.6037116,13.0554216],[77.6034067,13.0554192],[77.6030781,13.0554195],[77.6028172,13.0554024],[77.6026594,13.0553463],[77.6024875,13.0551755],[77.6021668,13.0551746],[77.6019999,13.0551742],[77.6019539,13.0551725],[77.6018612,13.0551708],[77.6016126,13.0551618],[77.6015343,13.055159],[77.6012228,13.0551479],[77.6008888,13.0551391],[77.6005851,13.055125],[77.6004918,13.0551217],[77.600256,13.0551132],[77.6001441,13.0551164],[77.5998742,13.0551268],[77.5998031,13.0551351],[77.5996782,13.0551496],[77.5994188,13.0551861],[77.5992375,13.0552619],[77.5990588,13.0553319],[77.5989794,13.0553654],[77.5986958,13.0555285],[77.5983161,13.0557354],[77.5979418,13.055909],[77.5976921,13.055882],[77.5975812,13.0558489],[77.5974518,13.0557889],[77.597322,13.0554888],[77.5972938,13.0554506],[77.5972294,13.0554454],[77.5964665,13.055546],[77.5963717,13.0555564],[77.5957085,13.055629],[77.5947331,13.0557293],[77.5942689,13.0557802],[77.5941742,13.0557901],[77.5939613,13.0558123],[77.5937242,13.0558371],[77.5936324,13.055848]]}},{"type":"Feature","properties":{"id":"1227760754","name":"","highway":"residential","oneway":"no","maxspeed":""},"geometry":{"type":"LineString","coordinates":[[77.6075088,13.054713],[77.6075543,13.0549855],[77.6076078,13.0553103]]}},{"type":"Feature","properties":{"id":"1227768349","name":"","highway":"residential","oneway":"no","maxspeed":""},"geometry":{"type":"LineString","coordinates":[[77.6098949,13.0544344],[77.609911,13.0549069]]}},{"type":"Feature","properties":{"id":"1227768350","name":"","highway":"residential","oneway":"no","maxspeed":""},"geometry":{"type":"LineString","coordinates":[[77.6096465,13.0544952],[77.6094312,13.0545403],[77.6092979,13.0545705],[77.6092687,13.0545918]]}},{"type":"Feature","properties":{"id":"1227768351","name":"","highway":"residential","oneway":"no","maxspeed":""},"geometry":{"type":"LineString","coordinates":[[77.6112898,13.0545895],[77.6112932,13.054771]]}},{"type":"Feature","properties":{"id":"1227771502","name":"","highway":"residential","oneway":"no","maxspeed":""},"geometry":{"type":"LineString","coordinates":[[77.6123527,13.0542884],[77.6123329,13.0542426],[77.6122123,13.0539641]]}},{"type":"Feature","properties":{"id":"1227771503","name":"","highway":"residential","oneway":"no","maxspeed":""},"geometry":{"type":"LineString","coordinates":[[77.612932,13.0516399],[77.6126077,13.0516364]]}},{"type":"Feature","properties":{"id":"1227773222","name":"","highway":"residential","oneway":"no","maxspeed":""},"geometry":{"type":"LineString","coordinates":[[77.6080766,13.0537283],[77.6080468,13.0535126],[77.6079777,13.0530845]]}},{"type":"Feature","properties":{"id":"1227774251","name":"Saint Anthony Road","highway":"tertiary","oneway":"no","maxspeed":""},"geometry":{"type":"LineString","coordinates":[[77.6104454,13.0497311],[77.6104441,13.0498139],[77.6104104,13.0501512],[77.6103419,13.0502518],[77.6102536,13.0503458],[77.6101595,13.0504143],[77.6098746,13.0505436],[77.6096775,13.0506297],[77.6096026,13.05066],[77.6095852,13.0506656],[77.6095056,13.0506911],[77.6094794,13.0506966],[77.6092464,13.0507332],[77.6091168,13.050755],[77.6088344,13.0508042],[77.6085629,13.050861],[77.6084283,13.0508998],[77.6082681,13.0510291],[77.608081,13.0511739],[77.6077808,13.0513295]]}},{"type":"Feature","properties":{"id":"1227774252","name":"11th Main Road","highway":"residential","oneway":"no","maxspeed":""},"geometry":{"type":"LineString","coordinates":[[77.6078966,13.052282],[77.6078678,13.0520173],[77.6078365,13.0517305],[77.6077808,13.0513295]]}},{"type":"Feature","properties":{"id":"1227937488","name":"","highway":"residential","oneway":"no","maxspeed":""},"geometry":{"type":"LineString","coordinates":[[77.6084955,13.0332968],[77.6084117,13.0330372]]}},{"type":"Feature","properties":{"id":"1227937742","name":"","highway":"service","oneway":"no","maxspeed":""},"geometry":{"type":"LineString","coordinates":[[77.6136423,13.0356252],[77.613587,13.035638],[77.6135317,13.0356508]]}},{"type":"Feature","properties":{"id":"1227937743","name":"","highway":"residential","oneway":"no","maxspeed":""},"geometry":{"type":"LineString","coordinates":[[77.6128726,13.0326613],[77.6131646,13.033416]]}},{"type":"Feature","properties":{"id":"1227937744","name":"","highway":"residential","oneway":"no","maxspeed":""},"geometry":{"type":"LineString","coordinates":[[77.6202482,13.0335219],[77.6201221,13.0331665],[77.6199578,13.0327289]]}},{"type":"Feature","properties":{"id":"1227937745","name":"","highway":"residential","oneway":"no","maxspeed":""},"geometry":{"type":"LineString","coordinates":[[77.6198991,13.0345165],[77.6196746,13.0341165],[77.6196244,13.0340261],[77.6195067,13.0338141]]}},{"type":"Feature","properties":{"id":"1227937746","name":"","highway":"residential","oneway":"no","maxspeed":""},"geometry":{"type":"LineString","coordinates":[[77.6195067,13.0338141],[77.6196646,13.0337519],[77.6198913,13.0336626],[77.6202482,13.0335219]]}},{"type":"Feature","properties":{"id":"1227938266","name":"","highway":"residential","oneway":"no","maxspeed":""},"geometry":{"type":"LineString","coordinates":[[77.6128726,13.0326613],[77.6130743,13.0324099],[77.6132505,13.0321903],[77.6134305,13.0319658],[77.613632,13.0317146],[77.6140766,13.0311604],[77.614278,13.0309094],[77.6144854,13.0306508],[77.6148114,13.0302445],[77.6151008,13.0298663],[77.6152818,13.0296594],[77.6154955,13.0294246]]}},{"type":"Feature","properties":{"id":"1227940040","name":"","highway":"residential","oneway":"no","maxspeed":""},"geometry":{"type":"LineString","coordinates":[[77.6123527,13.0542884],[77.6124189,13.0543655],[77.612596,13.0542965],[77.6126715,13.054439],[77.6125267,13.0544991]]}},{"type":"Feature","properties":{"id":"1227941252","name":"","highway":"residential","oneway":"no","maxspeed":""},"geometry":{"type":"LineString","coordinates":[[77.5915467,13.0397358],[77.5911516,13.0397685],[77.5911154,13.0397712]]}},{"type":"Feature","properties":{"id":"1227941253","name":"2nd Cross Road","highway":"residential","oneway":"no","maxspeed":""},"geometry":{"type":"LineString","coordinates":[[77.5948035,13.0403361],[77.5942794,13.0404598]]}},{"type":"Feature","properties":{"id":"1227941254","name":"","highway":"residential","oneway":"no","maxspeed":""},"geometry":{"type":"LineString","coordinates":[[77.5943542,13.0400559],[77.5943398,13.0400133],[77.5942767,13.0398263]]}},{"type":"Feature","properties":{"id":"1227941255","name":"","highway":"residential","oneway":"no","maxspeed":""},"geometry":{"type":"LineString","coordinates":[[77.5969234,13.0410451],[77.5968,13.0406818],[77.5970444,13.04062]]}},{"type":"Feature","properties":{"id":"1227941256","name":"6th Cross Road","highway":"residential","oneway":"no","maxspeed":""},"geometry":{"type":"LineString","coordinates":[[77.5936824,13.0387558],[77.5936627,13.038945]]}},{"type":"Feature","properties":{"id":"1227941259","name":"","highway":"residential","oneway":"yes","maxspeed":""},"geometry":{"type":"LineString","coordinates":[[77.6125355,13.0398585],[77.6125363,13.0398365],[77.6125393,13.039739]]}},{"type":"Feature","properties":{"id":"1227941494","name":"","highway":"residential","oneway":"no","maxspeed":""},"geometry":{"type":"LineString","coordinates":[[77.5945533,13.0369385],[77.5945263,13.0368736],[77.5944739,13.0366522]]}},{"type":"Feature","properties":{"id":"1227941495","name":"","highway":"residential","oneway":"no","maxspeed":""},"geometry":{"type":"LineString","coordinates":[[77.5951064,13.0368207],[77.5947814,13.0368667]]}},{"type":"Feature","properties":{"id":"1227941664","name":"","highway":"service","oneway":"no","maxspeed":""},"geometry":{"type":"LineString","coordinates":[[77.5936891,13.0366057],[77.5936726,13.0365609],[77.5936506,13.0365035]]}},{"type":"Feature","properties":{"id":"1227943976","name":"","highway":"residential","oneway":"no","maxspeed":""},"geometry":{"type":"LineString","coordinates":[[77.5929138,13.038117],[77.5929257,13.0379696]]}},{"type":"Feature","properties":{"id":"1227944167","name":"","highway":"residential","oneway":"no","maxspeed":""},"geometry":{"type":"LineString","coordinates":[[77.6149341,13.0378975],[77.614942,13.0380412]]}},{"type":"Feature","properties":{"id":"1227944168","name":"","highway":"residential","oneway":"no","maxspeed":""},"geometry":{"type":"LineString","coordinates":[[77.6141538,13.0380052],[77.6144739,13.0379534],[77.6149341,13.0378975],[77.6149175,13.0375862]]}},{"type":"Feature","properties":{"id":"1227945193","name":"","highway":"residential","oneway":"no","maxspeed":""},"geometry":{"type":"LineString","coordinates":[[77.6148055,13.0354173],[77.6150485,13.0353749]]}},{"type":"Feature","properties":{"id":"1227945998","name":"","highway":"residential","oneway":"no","maxspeed":""},"geometry":{"type":"LineString","coordinates":[[77.6148524,13.0358327],[77.6151559,13.0357769]]}},{"type":"Feature","properties":{"id":"1227946750","name":"","highway":"residential","oneway":"no","maxspeed":""},"geometry":{"type":"LineString","coordinates":[[77.6150816,13.0362143],[77.6152571,13.036176]]}},{"type":"Feature","properties":{"id":"1227947951","name":"","highway":"residential","oneway":"no","maxspeed":""},"geometry":{"type":"LineString","coordinates":[[77.6170815,13.0354576],[77.6169231,13.0348727]]}},{"type":"Feature","properties":{"id":"1227947952","name":"","highway":"residential","oneway":"no","maxspeed":""},"geometry":{"type":"LineString","coordinates":[[77.6170262,13.0360403],[77.6167143,13.036094]]}},{"type":"Feature","properties":{"id":"1228005633","name":"","highway":"service","oneway":"no","maxspeed":""},"geometry":{"type":"LineString","coordinates":[[77.5992038,13.0329732],[77.599058,13.0330024],[77.5990493,13.0330128],[77.5990391,13.0330232],[77.5990477,13.0330792],[77.5990605,13.0330946],[77.5990824,13.0331057],[77.5992246,13.0331121]]}},{"type":"Feature","properties":{"id":"1228008639","name":"","highway":"service","oneway":"no","maxspeed":""},"geometry":{"type":"LineString","coordinates":[[77.6048422,13.0361968],[77.6050994,13.036158],[77.6052831,13.036132]]}},{"type":"Feature","properties":{"id":"1228008640","name":"","highway":"service","oneway":"no","maxspeed":""},"geometry":{"type":"LineString","coordinates":[[77.6050994,13.036158],[77.605131,13.036323]]}},{"type":"Feature","properties":{"id":"1228176857","name":"","highway":"residential","oneway":"no","maxspeed":""},"geometry":{"type":"LineString","coordinates":[[77.6067524,13.0318669],[77.6067103,13.0316943],[77.6066637,13.0315376]]}},{"type":"Feature","properties":{"id":"1228186960","name":"","highway":"residential","oneway":"no","maxspeed":""},"geometry":{"type":"LineString","coordinates":[[77.6016478,13.0348536],[77.6019245,13.0348257]]}},{"type":"Feature","properties":{"id":"1228186961","name":"","highway":"residential","oneway":"no","maxspeed":""},"geometry":{"type":"LineString","coordinates":[[77.6016209,13.0345793],[77.6018178,13.0345636]]}},{"type":"Feature","properties":{"id":"1228187739","name":"","highway":"residential","oneway":"no","maxspeed":""},"geometry":{"type":"LineString","coordinates":[[77.6013085,13.0344099],[77.6012986,13.0343294],[77.6012464,13.0338322]]}},{"type":"Feature","properties":{"id":"1228208732","name":"","highway":"residential","oneway":"no","maxspeed":""},"geometry":{"type":"LineString","coordinates":[[77.6022721,13.0521757],[77.6021721,13.0515222]]}},{"type":"Feature","properties":{"id":"1228550777","name":"","highway":"service","oneway":"yes","maxspeed":""},"geometry":{"type":"LineString","coordinates":[[77.593705,13.0523215],[77.5937956,13.0523073],[77.5939044,13.0522917],[77.5947009,13.0521503],[77.594715,13.0521466],[77.5947244,13.0521383],[77.5947276,13.0521253],[77.5946256,13.0515062],[77.5946237,13.0515027],[77.59462,13.0514997],[77.5946139,13.0514993],[77.5938036,13.0516259],[77.5937974,13.0516277],[77.5937928,13.0516318],[77.593791,13.0516376],[77.5938327,13.0518688],[77.593702,13.051899],[77.5936115,13.0519195]]}},{"type":"Feature","properties":{"id":"1228550778","name":"","highway":"service","oneway":"no","maxspeed":""},"geometry":{"type":"LineString","coordinates":[[77.5938487,13.0519815],[77.5939044,13.0522917]]}},{"type":"Feature","properties":{"id":"1228550779","name":"","highway":"service","oneway":"yes","maxspeed":""},"geometry":{"type":"LineString","coordinates":[[77.5938327,13.0518688],[77.5938487,13.0519815]]}},{"type":"Feature","properties":{"id":"1228559195","name":"","highway":"residential","oneway":"no","maxspeed":""},"geometry":{"type":"LineString","coordinates":[[77.5888214,13.0573762],[77.5885478,13.0573787],[77.5885217,13.0573788]]}},{"type":"Feature","properties":{"id":"1228560679","name":"","highway":"service","oneway":"no","maxspeed":""},"geometry":{"type":"LineString","coordinates":[[77.5917838,13.0566377],[77.5922453,13.0565645],[77.5922726,13.0565601]]}},{"type":"Feature","properties":{"id":"1228561755","name":"","highway":"service","oneway":"yes","maxspeed":""},"geometry":{"type":"LineString","coordinates":[[77.5932314,13.0571097],[77.5930479,13.0571211],[77.5929204,13.057135],[77.5928968,13.0570189],[77.5928822,13.0569961],[77.5928565,13.0569855],[77.5928089,13.0569841],[77.5917153,13.057128],[77.5916844,13.057133],[77.5916527,13.0571425],[77.5916287,13.0571604],[77.5916276,13.057203],[77.5916519,13.0573622],[77.5916659,13.057382],[77.5916851,13.0573956],[77.5917327,13.0574164],[77.5917945,13.0574447],[77.5918365,13.0574494],[77.5918885,13.0574531],[77.5919891,13.0574466],[77.5921606,13.0574329],[77.5921696,13.0574706],[77.5921872,13.0575426]]}},{"type":"Feature","properties":{"id":"1228561756","name":"","highway":"service","oneway":"yes","maxspeed":""},"geometry":{"type":"LineString","coordinates":[[77.5924192,13.057506],[77.5924056,13.0574323],[77.592404,13.0573932],[77.5927182,13.0573562],[77.5927455,13.0573521],[77.5927904,13.0573454],[77.5928234,13.0573379],[77.5928563,13.0573296],[77.5928755,13.0573252],[77.5928955,13.0573184],[77.5929081,13.0573082],[77.5929293,13.0572795],[77.5929296,13.0572633],[77.5929204,13.057135]]}},{"type":"Feature","properties":{"id":"1228562823","name":"","highway":"service","oneway":"yes","maxspeed":""},"geometry":{"type":"LineString","coordinates":[[77.5936758,13.0509745],[77.5933974,13.0510359]]}},{"type":"Feature","properties":{"id":"1228563576","name":"","highway":"residential","oneway":"yes","maxspeed":""},"geometry":{"type":"LineString","coordinates":[[77.5953414,13.0511708],[77.5953284,13.0511079],[77.5953234,13.0510839],[77.5953172,13.0510226]]}},{"type":"Feature","properties":{"id":"1228563577","name":"","highway":"residential","oneway":"yes","maxspeed":""},"geometry":{"type":"LineString","coordinates":[[77.5951832,13.0510479],[77.5951966,13.0511038],[77.5952178,13.0511917]]}},{"type":"Feature","properties":{"id":"1228563903","name":"","highway":"service","oneway":"no","maxspeed":""},"geometry":{"type":"LineString","coordinates":[[77.5917182,13.0475529],[77.5916194,13.0475982],[77.5915952,13.0476054],[77.5915522,13.0476184],[77.5915104,13.04763],[77.5914444,13.0476424],[77.5913179,13.0476631]]}},{"type":"Feature","properties":{"id":"1228564635","name":"","highway":"residential","oneway":"no","maxspeed":""},"geometry":{"type":"LineString","coordinates":[[77.6151952,13.051024],[77.6152097,13.0513239]]}},{"type":"Feature","properties":{"id":"1228564636","name":"","highway":"residential","oneway":"no","maxspeed":""},"geometry":{"type":"LineString","coordinates":[[77.6171913,13.0486454],[77.6171663,13.0483077],[77.6159954,13.04837],[77.6159844,13.0483696]]}},{"type":"Feature","properties":{"id":"1228610418","name":"8th Cross Road","highway":"residential","oneway":"no","maxspeed":""},"geometry":{"type":"LineString","coordinates":[[77.602325,13.0556415],[77.6021668,13.0551746]]}},{"type":"Feature","properties":{"id":"1228610419","name":"","highway":"residential","oneway":"no","maxspeed":""},"geometry":{"type":"LineString","coordinates":[[77.6080602,13.057071],[77.6083015,13.0580748]]}},{"type":"Feature","properties":{"id":"1228610763","name":"","highway":"residential","oneway":"no","maxspeed":""},"geometry":{"type":"LineString","coordinates":[[77.6044933,13.0550768],[77.6042704,13.0551409]]}},{"type":"Feature","properties":{"id":"1228610764","name":"","highway":"residential","oneway":"no","maxspeed":""},"geometry":{"type":"LineString","coordinates":[[77.5977543,13.0523177],[77.5981402,13.0522409]]}},{"type":"Feature","properties":{"id":"1228610765","name":"","highway":"residential","oneway":"no","maxspeed":""},"geometry":{"type":"LineString","coordinates":[[77.5985783,13.0521537],[77.598491,13.0517717]]}},{"type":"Feature","properties":{"id":"1228617915","name":"","highway":"service","oneway":"no","maxspeed":""},"geometry":{"type":"LineString","coordinates":[[77.5921021,13.0423858],[77.5920795,13.0422725],[77.5920879,13.0422424],[77.5921175,13.0422205],[77.5921583,13.0422068],[77.5921864,13.0422122],[77.5922409,13.0423407]]}},{"type":"Feature","properties":{"id":"1228620805","name":"","highway":"service","oneway":"no","maxspeed":""},"geometry":{"type":"LineString","coordinates":[[77.591966,13.034629],[77.5919824,13.0346675],[77.5919979,13.0347049],[77.5920099,13.0347297],[77.5920323,13.0347761],[77.5920501,13.0348454],[77.5920568,13.0349068],[77.5920407,13.0349538],[77.5919978,13.0349774],[77.5919496,13.0349656],[77.5919294,13.0349434],[77.5918865,13.0347409],[77.5918793,13.0347029],[77.5918703,13.0346748]]}},{"type":"Feature","properties":{"id":"1228625766","name":"","highway":"service","oneway":"no","maxspeed":""},"geometry":{"type":"LineString","coordinates":[[77.5932082,13.0327862],[77.5932005,13.032519],[77.5931985,13.0324569],[77.5931779,13.0324109],[77.5931348,13.0323649],[77.5930444,13.0323589],[77.5922617,13.0323819]]}},{"type":"Feature","properties":{"id":"1228625767","name":"1st Main Road","highway":"residential","oneway":"no","maxspeed":"20"},"geometry":{"type":"LineString","coordinates":[[77.5902051,13.0332494],[77.5909517,13.0330769]]}},{"type":"Feature","properties":{"id":"1228771531","name":"","highway":"service","oneway":"no","maxspeed":""},"geometry":{"type":"LineString","coordinates":[[77.5995542,13.043857],[77.5995707,13.0441748]]}},{"type":"Feature","properties":{"id":"1228771787","name":"","highway":"service","oneway":"no","maxspeed":""},"geometry":{"type":"LineString","coordinates":[[77.6014583,13.0446481],[77.6012718,13.0446658]]}},{"type":"Feature","properties":{"id":"1228772100","name":"","highway":"tertiary","oneway":"no","maxspeed":""},"geometry":{"type":"LineString","coordinates":[[77.6011013,13.0455823],[77.6010916,13.0453521],[77.6010907,13.0453303],[77.601088,13.0453107]]}},{"type":"Feature","properties":{"id":"1228772101","name":"","highway":"residential","oneway":"no","maxspeed":""},"geometry":{"type":"LineString","coordinates":[[77.6007614,13.0453485],[77.6010907,13.0453303]]}},{"type":"Feature","properties":{"id":"1228772356","name":"","highway":"service","oneway":"no","maxspeed":""},"geometry":{"type":"LineString","coordinates":[[77.6042039,13.043131],[77.6047403,13.043062],[77.6047967,13.0430739],[77.6048163,13.0431455],[77.6048334,13.0432171],[77.604875,13.0432481],[77.6050954,13.0432338],[77.6056219,13.0431622],[77.6068585,13.0430215],[77.6069246,13.0430024],[77.6069565,13.0429165],[77.6069442,13.042728],[77.6068561,13.0423869],[77.6068144,13.0423678],[77.6067336,13.0423726],[77.6055362,13.0424895],[77.6055093,13.0423058],[77.6054529,13.0419217]]}},{"type":"Feature","properties":{"id":"1228772357","name":"","highway":"service","oneway":"no","maxspeed":""},"geometry":{"type":"LineString","coordinates":[[77.6055362,13.0424895],[77.6056219,13.0431622]]}},{"type":"Feature","properties":{"id":"1228772358","name":"","highway":"service","oneway":"no","maxspeed":""},"geometry":{"type":"LineString","coordinates":[[77.6055093,13.0423058],[77.6047869,13.0423941],[77.6047673,13.0424155],[77.6047354,13.0425229],[77.6046546,13.0426016],[77.6042579,13.0427185],[77.6038906,13.0427447],[77.6038392,13.0427829],[77.6037933,13.0429118]]}},{"type":"Feature","properties":{"id":"1228772528","name":"","highway":"residential","oneway":"no","maxspeed":""},"geometry":{"type":"LineString","coordinates":[[77.5936732,13.0325872],[77.5936957,13.032577],[77.5939269,13.0325793],[77.5939917,13.03258],[77.5941929,13.032582],[77.5943186,13.0325833],[77.5944837,13.0325849]]}},{"type":"Feature","properties":{"id":"1228772902","name":"","highway":"service","oneway":"no","maxspeed":""},"geometry":{"type":"LineString","coordinates":[[77.6011526,13.0435316],[77.6011577,13.0434778],[77.6011594,13.0434576],[77.6011024,13.0434372],[77.6010022,13.0433649],[77.6009577,13.0432673],[77.6009057,13.0429798],[77.6008742,13.042658]]}},{"type":"Feature","properties":{"id":"1228772903","name":"","highway":"service","oneway":"no","maxspeed":""},"geometry":{"type":"LineString","coordinates":[[77.5980804,13.0426414],[77.5982481,13.0426017],[77.598698,13.0425308],[77.5988453,13.0425076]]}},{"type":"Feature","properties":{"id":"1228774357","name":"","highway":"service","oneway":"no","maxspeed":""},"geometry":{"type":"LineString","coordinates":[[77.598698,13.0425308],[77.5986583,13.0421992],[77.5986157,13.0416352]]}},{"type":"Feature","properties":{"id":"1228774358","name":"","highway":"residential","oneway":"no","maxspeed":""},"geometry":{"type":"LineString","coordinates":[[77.5986583,13.0421992],[77.5987233,13.0421251],[77.5987715,13.0420835],[77.5988922,13.0420618],[77.5991056,13.0420275],[77.5992837,13.0419841],[77.5993357,13.0419353],[77.5993543,13.0418539],[77.5993339,13.0417165],[77.599345,13.0416677],[77.5994081,13.0416243],[77.5995751,13.0415827],[77.5998393,13.041551]]}},{"type":"Feature","properties":{"id":"1228775444","name":"","highway":"service","oneway":"no","maxspeed":""},"geometry":{"type":"LineString","coordinates":[[77.5886329,13.0332183],[77.5884377,13.0332612]]}},{"type":"Feature","properties":{"id":"1228775445","name":"","highway":"service","oneway":"no","maxspeed":""},"geometry":{"type":"LineString","coordinates":[[77.5884377,13.0332612],[77.588374,13.0332776]]}},{"type":"Feature","properties":{"id":"1228801981","name":"","highway":"residential","oneway":"no","maxspeed":""},"geometry":{"type":"LineString","coordinates":[[77.6033576,13.0315352],[77.6033853,13.0318283],[77.6034179,13.0320215],[77.6034811,13.0323595]]}},{"type":"Feature","properties":{"id":"1228802819","name":"","highway":"residential","oneway":"no","maxspeed":""},"geometry":{"type":"LineString","coordinates":[[77.5924155,13.0407059],[77.591837,13.0407977]]}},{"type":"Feature","properties":{"id":"1228804373","name":"7th Cross Road","highway":"residential","oneway":"no","maxspeed":""},"geometry":{"type":"LineString","coordinates":[[77.6068199,13.0363871],[77.6063469,13.0365216],[77.6049954,13.0368497]]}},{"type":"Feature","properties":{"id":"1228804374","name":"Kanaka Nagar 1st Main Road","highway":"tertiary","oneway":"no","maxspeed":""},"geometry":{"type":"LineString","coordinates":[[77.6063914,13.0347838],[77.6064627,13.0350644],[77.6064882,13.0351593],[77.6065885,13.0354812],[77.6066722,13.0358135],[77.6067553,13.0361233],[77.6068199,13.0363871]]}},{"type":"Feature","properties":{"id":"1228804713","name":"","highway":"residential","oneway":"no","maxspeed":""},"geometry":{"type":"LineString","coordinates":[[77.6163761,13.0337432],[77.6163018,13.0335378],[77.6162342,13.033386],[77.616225,13.0333569]]}},{"type":"Feature","properties":{"id":"1228804714","name":"","highway":"residential","oneway":"no","maxspeed":""},"geometry":{"type":"LineString","coordinates":[[77.616225,13.0333569],[77.6164821,13.0332738]]}},{"type":"Feature","properties":{"id":"1228805620","name":"","highway":"residential","oneway":"no","maxspeed":""},"geometry":{"type":"LineString","coordinates":[[77.620842,13.031972],[77.6208899,13.0320719],[77.6209356,13.0321671],[77.6209905,13.0322814],[77.6210199,13.0323427]]}},{"type":"Feature","properties":{"id":"1228812949","name":"","highway":"residential","oneway":"no","maxspeed":""},"geometry":{"type":"LineString","coordinates":[[77.623363,13.037432],[77.6232331,13.0373681],[77.6228132,13.037181],[77.6226543,13.0370531],[77.6225403,13.0369478],[77.6224617,13.036951],[77.6224022,13.0368861]]}},{"type":"Feature","properties":{"id":"1228812950","name":"","highway":"living_street","oneway":"no","maxspeed":""},"geometry":{"type":"LineString","coordinates":[[77.6225376,13.0371237],[77.6226174,13.0375573]]}},{"type":"Feature","properties":{"id":"1228813635","name":"","highway":"tertiary","oneway":"yes","maxspeed":""},"geometry":{"type":"LineString","coordinates":[[77.6242886,13.0402242],[77.6239635,13.0405987],[77.6238394,13.0407447],[77.6237717,13.0408306],[77.62356,13.0409549],[77.6233025,13.0410483],[77.6230919,13.0411],[77.6227504,13.0411259],[77.6222248,13.0411153]]}},{"type":"Feature","properties":{"id":"1228813637","name":"Thanisandra Main Road","highway":"primary","oneway":"yes","maxspeed":""},"geometry":{"type":"LineString","coordinates":[[77.6242886,13.0402242],[77.6243539,13.0404235],[77.6243728,13.0404789]]}},{"type":"Feature","properties":{"id":"1228813638","name":"","highway":"tertiary","oneway":"yes","maxspeed":""},"geometry":{"type":"LineString","coordinates":[[77.6243347,13.04017],[77.6242886,13.0402242]]}},{"type":"Feature","properties":{"id":"1228816644","name":"","highway":"service","oneway":"no","maxspeed":""},"geometry":{"type":"LineString","coordinates":[[77.5958103,13.0579724],[77.5958046,13.0579492],[77.5957558,13.0577522]]}},{"type":"Feature","properties":{"id":"1228816645","name":"","highway":"service","oneway":"no","maxspeed":""},"geometry":{"type":"LineString","coordinates":[[77.595617,13.0580215],[77.5956014,13.057925],[77.5955822,13.057896],[77.5955556,13.0578877],[77.5954767,13.0579032],[77.595465,13.0579178],[77.5954618,13.05795],[77.5954738,13.0580578]]}},{"type":"Feature","properties":{"id":"1228816646","name":"","highway":"service","oneway":"no","maxspeed":""},"geometry":{"type":"LineString","coordinates":[[77.5953142,13.0580984],[77.595308,13.0580463],[77.5952819,13.0578233]]}},{"type":"Feature","properties":{"id":"1228816647","name":"","highway":"service","oneway":"no","maxspeed":""},"geometry":{"type":"LineString","coordinates":[[77.5951895,13.05813],[77.5951874,13.0581138],[77.5951398,13.057752]]}},{"type":"Feature","properties":{"id":"1228816648","name":"","highway":"service","oneway":"no","maxspeed":""},"geometry":{"type":"LineString","coordinates":[[77.5936782,13.0583269],[77.5937884,13.0583335],[77.5938094,13.0583147],[77.593815,13.0582945],[77.5938235,13.0581232],[77.5938107,13.0581004],[77.5937905,13.0580848],[77.5936702,13.0580656]]}},{"type":"Feature","properties":{"id":"1228821821","name":"","highway":"service","oneway":"no","maxspeed":""},"geometry":{"type":"LineString","coordinates":[[77.5915066,13.0580329],[77.5915358,13.058027],[77.5915838,13.0580172],[77.591661,13.0580016]]}},{"type":"Feature","properties":{"id":"1228821822","name":"","highway":"service","oneway":"no","maxspeed":""},"geometry":{"type":"LineString","coordinates":[[77.5907573,13.0578826],[77.5909321,13.0578367],[77.5912113,13.0577599],[77.5913085,13.057736],[77.5913386,13.0576568]]}},{"type":"Feature","properties":{"id":"1228821823","name":"","highway":"service","oneway":"no","maxspeed":""},"geometry":{"type":"LineString","coordinates":[[77.5909321,13.0578367],[77.590913,13.0577309],[77.5908746,13.0576893],[77.5908373,13.0576654],[77.5907925,13.0576571],[77.5907264,13.0576582]]}},{"type":"Feature","properties":{"id":"1229220781","name":"","highway":"residential","oneway":"no","maxspeed":""},"geometry":{"type":"LineString","coordinates":[[77.5958277,13.0671315],[77.5962575,13.0670027],[77.5965513,13.0669147],[77.5966791,13.0668765]]}},{"type":"Feature","properties":{"id":"1229221587","name":"","highway":"residential","oneway":"no","maxspeed":""},"geometry":{"type":"LineString","coordinates":[[77.6007484,13.0672278],[77.6011637,13.0671563]]}},{"type":"Feature","properties":{"id":"1229231386","name":"","highway":"residential","oneway":"no","maxspeed":""},"geometry":{"type":"LineString","coordinates":[[77.6013979,13.0653031],[77.6015785,13.0652999],[77.6017702,13.0653184]]}},{"type":"Feature","properties":{"id":"1229232116","name":"3rd Cross Road","highway":"residential","oneway":"no","maxspeed":""},"geometry":{"type":"LineString","coordinates":[[77.6010393,13.0566477],[77.6005851,13.055125]]}},{"type":"Feature","properties":{"id":"1229232117","name":"1st Main Road","highway":"tertiary","oneway":"no","maxspeed":""},"geometry":{"type":"LineString","coordinates":[[77.6010393,13.0566477],[77.6008961,13.0566851],[77.6007219,13.0567287],[77.6003115,13.0568413]]}},{"type":"Feature","properties":{"id":"1229232118","name":"","highway":"residential","oneway":"no","maxspeed":""},"geometry":{"type":"LineString","coordinates":[[77.5978794,13.0602673],[77.5979314,13.0605647],[77.5980775,13.0605405]]}},{"type":"Feature","properties":{"id":"1229232129","name":"","highway":"living_street","oneway":"no","maxspeed":""},"geometry":{"type":"LineString","coordinates":[[77.600855,13.0642563],[77.6010148,13.0642287],[77.6011011,13.0642287]]}},{"type":"Feature","properties":{"id":"1229232724","name":"","highway":"residential","oneway":"no","maxspeed":""},"geometry":{"type":"LineString","coordinates":[[77.6011809,13.0637389],[77.6011998,13.0639324]]}},{"type":"Feature","properties":{"id":"1229232725","name":"","highway":"residential","oneway":"no","maxspeed":""},"geometry":{"type":"LineString","coordinates":[[77.6012271,13.064156],[77.6015463,13.0641601],[77.6017229,13.0641571]]}},{"type":"Feature","properties":{"id":"1229232726","name":"","highway":"residential","oneway":"no","maxspeed":""},"geometry":{"type":"LineString","coordinates":[[77.6011809,13.0637389],[77.601197,13.0633609]]}},{"type":"Feature","properties":{"id":"1229232727","name":"","highway":"service","oneway":"no","maxspeed":""},"geometry":{"type":"LineString","coordinates":[[77.6012536,13.0630671],[77.6012608,13.0629076],[77.6012637,13.0628431]]}},{"type":"Feature","properties":{"id":"1229233475","name":"","highway":"residential","oneway":"no","maxspeed":""},"geometry":{"type":"LineString","coordinates":[[77.6011042,13.0628354],[77.6010798,13.0632224]]}},{"type":"Feature","properties":{"id":"1229233476","name":"","highway":"residential","oneway":"no","maxspeed":""},"geometry":{"type":"LineString","coordinates":[[77.6015401,13.0628518],[77.6015348,13.0630078]]}},{"type":"Feature","properties":{"id":"1229233640","name":"","highway":"residential","oneway":"no","maxspeed":""},"geometry":{"type":"LineString","coordinates":[[77.6033436,13.0673353],[77.6036476,13.0673326]]}},{"type":"Feature","properties":{"id":"1229233641","name":"","highway":"residential","oneway":"no","maxspeed":""},"geometry":{"type":"LineString","coordinates":[[77.6033378,13.0670105],[77.6036548,13.0670115]]}},{"type":"Feature","properties":{"id":"1229233642","name":"","highway":"residential","oneway":"no","maxspeed":""},"geometry":{"type":"LineString","coordinates":[[77.603332,13.0666838],[77.603643,13.066682]]}},{"type":"Feature","properties":{"id":"1229233646","name":"","highway":"residential","oneway":"no","maxspeed":""},"geometry":{"type":"LineString","coordinates":[[77.6069589,13.0614906],[77.6064173,13.0614906]]}},{"type":"Feature","properties":{"id":"1229233647","name":"","highway":"residential","oneway":"no","maxspeed":""},"geometry":{"type":"LineString","coordinates":[[77.609336,13.0616811],[77.6087884,13.0616808]]}},{"type":"Feature","properties":{"id":"1229233648","name":"","highway":"residential","oneway":"no","maxspeed":""},"geometry":{"type":"LineString","coordinates":[[77.6069663,13.0608815],[77.60745,13.0608718]]}},{"type":"Feature","properties":{"id":"1229233649","name":"","highway":"residential","oneway":"no","maxspeed":""},"geometry":{"type":"LineString","coordinates":[[77.6080358,13.0613756],[77.6080494,13.0609014],[77.6078777,13.0608929],[77.60745,13.0608718]]}},{"type":"Feature","properties":{"id":"1229233650","name":"","highway":"residential","oneway":"no","maxspeed":""},"geometry":{"type":"LineString","coordinates":[[77.6078207,13.0632644],[77.6077326,13.0641727]]}},{"type":"Feature","properties":{"id":"1229233651","name":"","highway":"residential","oneway":"no","maxspeed":""},"geometry":{"type":"LineString","coordinates":[[77.6081955,13.0594297],[77.6082078,13.0596111]]}},{"type":"Feature","properties":{"id":"1229235499","name":"","highway":"residential","oneway":"no","maxspeed":""},"geometry":{"type":"LineString","coordinates":[[77.5989444,13.0596548],[77.5989781,13.0598995]]}},{"type":"Feature","properties":{"id":"1229237316","name":"","highway":"residential","oneway":"no","maxspeed":""},"geometry":{"type":"LineString","coordinates":[[77.6027039,13.0639846],[77.602651,13.063972],[77.6022906,13.063967]]}},{"type":"Feature","properties":{"id":"1229237317","name":"","highway":"service","oneway":"no","maxspeed":""},"geometry":{"type":"LineString","coordinates":[[77.603816,13.0628914],[77.6038693,13.0628442],[77.6039307,13.0627986],[77.6040373,13.0627073],[77.6040858,13.0626145]]}},{"type":"Feature","properties":{"id":"1229237318","name":"","highway":"residential","oneway":"no","maxspeed":""},"geometry":{"type":"LineString","coordinates":[[77.6038028,13.0630325],[77.6038014,13.0629339],[77.603816,13.0628914]]}},{"type":"Feature","properties":{"id":"1229237319","name":"","highway":"service","oneway":"no","maxspeed":""},"geometry":{"type":"LineString","coordinates":[[77.6039307,13.0627986],[77.6039226,13.0626758],[77.6039048,13.0625389],[77.6039194,13.0623894],[77.6039355,13.062199]]}},{"type":"Feature","properties":{"id":"1229237320","name":"","highway":"service","oneway":"no","maxspeed":""},"geometry":{"type":"LineString","coordinates":[[77.603816,13.0628914],[77.6037707,13.0628411],[77.603719,13.062786],[77.6036819,13.062723],[77.603614,13.0626837]]}},{"type":"Feature","properties":{"id":"1229244850","name":"","highway":"residential","oneway":"no","maxspeed":""},"geometry":{"type":"LineString","coordinates":[[77.6042672,13.068512],[77.60422,13.0680024],[77.6041747,13.0674453]]}},{"type":"Feature","properties":{"id":"1229247882","name":"","highway":"living_street","oneway":"no","maxspeed":""},"geometry":{"type":"LineString","coordinates":[[77.6000767,13.064713],[77.5998524,13.0647327]]}},{"type":"Feature","properties":{"id":"1229248612","name":"","highway":"living_street","oneway":"no","maxspeed":""},"geometry":{"type":"LineString","coordinates":[[77.6002789,13.0645825],[77.6003726,13.064599],[77.6003939,13.0647774],[77.6003936,13.0648038],[77.6003915,13.0649774]]}},{"type":"Feature","properties":{"id":"1229248613","name":"","highway":"residential","oneway":"no","maxspeed":""},"geometry":{"type":"LineString","coordinates":[[77.600663,13.0644417],[77.6008726,13.0644522]]}},{"type":"Feature","properties":{"id":"1229251806","name":"","highway":"residential","oneway":"no","maxspeed":""},"geometry":{"type":"LineString","coordinates":[[77.5994218,13.0641085],[77.5994438,13.0643386]]}},{"type":"Feature","properties":{"id":"1229251807","name":"","highway":"residential","oneway":"no","maxspeed":""},"geometry":{"type":"LineString","coordinates":[[77.5975419,13.0640223],[77.597427,13.064031]]}},{"type":"Feature","properties":{"id":"1229252518","name":"","highway":"residential","oneway":"no","maxspeed":""},"geometry":{"type":"LineString","coordinates":[[77.597644,13.0635601],[77.5977549,13.0635323],[77.5978378,13.0635303],[77.5979147,13.0635222],[77.5980511,13.0635054],[77.5982814,13.0634696]]}},{"type":"Feature","properties":{"id":"1229252519","name":"","highway":"residential","oneway":"no","maxspeed":""},"geometry":{"type":"LineString","coordinates":[[77.5985629,13.0633841],[77.5986573,13.0633491],[77.5987638,13.0632883]]}},{"type":"Feature","properties":{"id":"1229252982","name":"","highway":"service","oneway":"no","maxspeed":""},"geometry":{"type":"LineString","coordinates":[[77.5986495,13.0635404],[77.5987739,13.0635468],[77.5988658,13.063554],[77.5992208,13.0635492]]}},{"type":"Feature","properties":{"id":"1229252983","name":"","highway":"residential","oneway":"no","maxspeed":""},"geometry":{"type":"LineString","coordinates":[[77.5997857,13.063772],[77.5997894,13.0637242],[77.5998053,13.0636955],[77.5998739,13.0636812]]}},{"type":"Feature","properties":{"id":"1229252984","name":"","highway":"residential","oneway":"no","maxspeed":""},"geometry":{"type":"LineString","coordinates":[[77.6002522,13.0637968],[77.6002535,13.0637301],[77.6002388,13.063711],[77.6002179,13.0636824],[77.6002179,13.063649],[77.6002118,13.0636013],[77.6001935,13.0635882],[77.6000392,13.0635775],[77.5997698,13.0635536]]}},{"type":"Feature","properties":{"id":"1229252985","name":"","highway":"residential","oneway":"no","maxspeed":""},"geometry":{"type":"LineString","coordinates":[[77.6000392,13.0635775],[77.6000367,13.0634534],[77.6000123,13.0634343],[77.5998935,13.0634272]]}},{"type":"Feature","properties":{"id":"1229253304","name":"","highway":"residential","oneway":"no","maxspeed":""},"geometry":{"type":"LineString","coordinates":[[77.5985528,13.0647779],[77.5985551,13.0646158],[77.598557,13.0645663]]}},{"type":"Feature","properties":{"id":"1229253305","name":"","highway":"residential","oneway":"no","maxspeed":""},"geometry":{"type":"LineString","coordinates":[[77.5995384,13.064826],[77.5998551,13.0648068],[77.5998758,13.0648676],[77.5999295,13.0650964],[77.5999632,13.0651326],[77.6000637,13.0651965]]}},{"type":"Feature","properties":{"id":"1229253306","name":"","highway":"residential","oneway":"no","maxspeed":""},"geometry":{"type":"LineString","coordinates":[[77.5985398,13.0650926],[77.5990279,13.0651012]]}},{"type":"Feature","properties":{"id":"1229253307","name":"","highway":"residential","oneway":"no","maxspeed":""},"geometry":{"type":"LineString","coordinates":[[77.5996765,13.0654059],[77.5996458,13.0652997],[77.5996777,13.0652401],[77.5997217,13.065212],[77.5999632,13.0651326]]}},{"type":"Feature","properties":{"id":"1229253883","name":"","highway":"residential","oneway":"no","maxspeed":""},"geometry":{"type":"LineString","coordinates":[[77.599166,13.0654325],[77.5991062,13.0659971]]}},{"type":"Feature","properties":{"id":"1229256614","name":"","highway":"residential","oneway":"no","maxspeed":""},"geometry":{"type":"LineString","coordinates":[[77.5969136,13.0646789],[77.5974866,13.0646594]]}},{"type":"Feature","properties":{"id":"1230505274","name":"","highway":"residential","oneway":"no","maxspeed":""},"geometry":{"type":"LineString","coordinates":[[77.6186235,13.0674956],[77.618638,13.0675852],[77.6186873,13.0676194],[77.6187864,13.0676298]]}},{"type":"Feature","properties":{"id":"1230505275","name":"","highway":"service","oneway":"no","maxspeed":""},"geometry":{"type":"LineString","coordinates":[[77.6181302,13.0676188],[77.6181247,13.0675817],[77.618096,13.0673879]]}},{"type":"Feature","properties":{"id":"1230516144","name":"","highway":"residential","oneway":"no","maxspeed":""},"geometry":{"type":"LineString","coordinates":[[77.6092093,13.0625509],[77.6094967,13.0625754]]}},{"type":"Feature","properties":{"id":"1230516145","name":"","highway":"residential","oneway":"no","maxspeed":""},"geometry":{"type":"LineString","coordinates":[[77.6078453,13.062605],[77.6077887,13.0626368],[77.607737,13.0626462],[77.6076966,13.0626352],[77.6076724,13.0625833],[77.6076934,13.0624353],[77.6077354,13.062108],[77.6077467,13.0619774],[77.6078,13.061521],[77.6078016,13.0613132],[77.6078339,13.0612346],[77.6078727,13.0611795],[77.6078937,13.061063],[77.6078777,13.0608929]]}},{"type":"Feature","properties":{"id":"1230516560","name":"","highway":"residential","oneway":"no","maxspeed":""},"geometry":{"type":"LineString","coordinates":[[77.6075604,13.0596204],[77.6082078,13.0596111],[77.6082072,13.0596681],[77.6082034,13.0600287],[77.6081939,13.0603498],[77.6081997,13.0603766]]}},{"type":"Feature","properties":{"id":"1230516561","name":"","highway":"residential","oneway":"no","maxspeed":""},"geometry":{"type":"LineString","coordinates":[[77.6086565,13.0594486],[77.6084181,13.0594614]]}},{"type":"Feature","properties":{"id":"1230517491","name":"","highway":"living_street","oneway":"no","maxspeed":""},"geometry":{"type":"LineString","coordinates":[[77.6116197,13.0577657],[77.6117796,13.0577718],[77.6119013,13.0577734]]}},{"type":"Feature","properties":{"id":"1230517492","name":"","highway":"residential","oneway":"no","maxspeed":""},"geometry":{"type":"LineString","coordinates":[[77.611572,13.0587268],[77.6115778,13.0585526],[77.6115825,13.058414],[77.6115868,13.0582814],[77.61159,13.0581838],[77.6115918,13.0581571],[77.6115948,13.0581112],[77.6116061,13.0579404],[77.611612,13.0578645],[77.6116197,13.0577657]]}},{"type":"Feature","properties":{"id":"1230517493","name":"","highway":"living_street","oneway":"no","maxspeed":""},"geometry":{"type":"LineString","coordinates":[[77.6114231,13.0577438],[77.6114623,13.0577479],[77.6116197,13.0577657]]}},{"type":"Feature","properties":{"id":"1230517494","name":"","highway":"residential","oneway":"no","maxspeed":""},"geometry":{"type":"LineString","coordinates":[[77.6112675,13.056884],[77.6112659,13.0571482]]}},{"type":"Feature","properties":{"id":"1230517495","name":"","highway":"living_street","oneway":"no","maxspeed":""},"geometry":{"type":"LineString","coordinates":[[77.611612,13.0578645],[77.6114209,13.0578557]]}},{"type":"Feature","properties":{"id":"1230517810","name":"","highway":"living_street","oneway":"no","maxspeed":""},"geometry":{"type":"LineString","coordinates":[[77.6115918,13.0581571],[77.6113322,13.0581437],[77.611253,13.0581396]]}},{"type":"Feature","properties":{"id":"1230517811","name":"","highway":"living_street","oneway":"no","maxspeed":""},"geometry":{"type":"LineString","coordinates":[[77.6113322,13.0581437],[77.6113287,13.0582688],[77.6113209,13.0585429],[77.6113176,13.0586589]]}},{"type":"Feature","properties":{"id":"1230517812","name":"","highway":"living_street","oneway":"no","maxspeed":""},"geometry":{"type":"LineString","coordinates":[[77.6115868,13.0582814],[77.6113287,13.0582688]]}},{"type":"Feature","properties":{"id":"1230517813","name":"","highway":"living_street","oneway":"no","maxspeed":""},"geometry":{"type":"LineString","coordinates":[[77.6115778,13.0585526],[77.6113209,13.0585429]]}},{"type":"Feature","properties":{"id":"1230518153","name":"","highway":"residential","oneway":"no","maxspeed":""},"geometry":{"type":"LineString","coordinates":[[77.6115394,13.0589412],[77.6115683,13.0587509],[77.611572,13.0587268]]}},{"type":"Feature","properties":{"id":"1230518154","name":"","highway":"residential","oneway":"no","maxspeed":""},"geometry":{"type":"LineString","coordinates":[[77.6115394,13.0589412],[77.6121244,13.0590897]]}},{"type":"Feature","properties":{"id":"1230518155","name":"","highway":"residential","oneway":"no","maxspeed":""},"geometry":{"type":"LineString","coordinates":[[77.6109152,13.0607472],[77.611142,13.0607177]]}},{"type":"Feature","properties":{"id":"1230518358","name":"","highway":"service","oneway":"no","maxspeed":""},"geometry":{"type":"LineString","coordinates":[[77.6098661,13.0603119],[77.6099061,13.0604039],[77.6099314,13.0604422],[77.6099989,13.0604724],[77.6100664,13.0605135],[77.6101114,13.0605642],[77.6101593,13.0606559],[77.6101747,13.0607669],[77.6101522,13.0608245]]}},{"type":"Feature","properties":{"id":"1230525794","name":"","highway":"residential","oneway":"no","maxspeed":""},"geometry":{"type":"LineString","coordinates":[[77.6130874,13.0587912],[77.6131734,13.058171]]}},{"type":"Feature","properties":{"id":"1230526152","name":"","highway":"residential","oneway":"no","maxspeed":""},"geometry":{"type":"LineString","coordinates":[[77.6134709,13.0580626],[77.6137044,13.0580033],[77.6137438,13.0579846],[77.6137672,13.0579524],[77.6137704,13.0579005],[77.613762,13.0578045]]}},{"type":"Feature","properties":{"id":"1230526355","name":"","highway":"residential","oneway":"no","maxspeed":""},"geometry":{"type":"LineString","coordinates":[[77.6137813,13.0575987],[77.6135488,13.0575999]]}},{"type":"Feature","properties":{"id":"1230526356","name":"","highway":"residential","oneway":"no","maxspeed":""},"geometry":{"type":"LineString","coordinates":[[77.6125402,13.0601631],[77.612647,13.0601996],[77.6130406,13.0601733],[77.6132973,13.0601342],[77.6133252,13.0600182],[77.6133252,13.0599278],[77.6133252,13.0598628],[77.6133252,13.059644],[77.6132973,13.0595356],[77.6132157,13.059456],[77.6130558,13.0593555]]}},{"type":"Feature","properties":{"id":"1230526556","name":"","highway":"residential","oneway":"no","maxspeed":""},"geometry":{"type":"LineString","coordinates":[[77.6132973,13.0601342],[77.6135015,13.060114],[77.6136091,13.0600942],[77.6136741,13.0600869],[77.6137297,13.0600833],[77.6137669,13.060058],[77.6138745,13.0598429]]}},{"type":"Feature","properties":{"id":"1230526557","name":"","highway":"residential","oneway":"no","maxspeed":""},"geometry":{"type":"LineString","coordinates":[[77.6133252,13.0599278],[77.6134013,13.0599025],[77.6134402,13.0598736],[77.6134699,13.0598049],[77.6134959,13.0597127]]}},{"type":"Feature","properties":{"id":"1230526558","name":"","highway":"residential","oneway":"no","maxspeed":""},"geometry":{"type":"LineString","coordinates":[[77.6132973,13.0595356],[77.6133604,13.0595771],[77.6134996,13.0596115],[77.6135509,13.0596264],[77.6137168,13.0596748]]}},{"type":"Feature","properties":{"id":"1230526559","name":"","highway":"residential","oneway":"no","maxspeed":""},"geometry":{"type":"LineString","coordinates":[[77.6132157,13.059456],[77.613353,13.0593512],[77.6134272,13.0592788],[77.6134903,13.0592409],[77.6135683,13.05923],[77.6136611,13.0592427]]}},{"type":"Feature","properties":{"id":"1230526560","name":"","highway":"residential","oneway":"no","maxspeed":""},"geometry":{"type":"LineString","coordinates":[[77.6135509,13.0596264],[77.6136332,13.0595862],[77.6137038,13.0595265],[77.6137483,13.0594415],[77.613804,13.0594126],[77.6139023,13.0594217],[77.6139803,13.0594235]]}},{"type":"Feature","properties":{"id":"1232857301","name":"","highway":"residential","oneway":"no","maxspeed":""},"geometry":{"type":"LineString","coordinates":[[77.6234052,13.0625296],[77.6237243,13.0625113]]}},{"type":"Feature","properties":{"id":"1232857302","name":"","highway":"residential","oneway":"no","maxspeed":""},"geometry":{"type":"LineString","coordinates":[[77.6240328,13.0624904],[77.6243412,13.0624753]]}},{"type":"Feature","properties":{"id":"1232871406","name":"","highway":"residential","oneway":"no","maxspeed":""},"geometry":{"type":"LineString","coordinates":[[77.6242901,13.0573788],[77.6241639,13.0573721],[77.624174,13.0574838]]}},{"type":"Feature","properties":{"id":"1233786388","name":"","highway":"tertiary","oneway":"yes","maxspeed":"30"},"geometry":{"type":"LineString","coordinates":[[77.5926918,13.0499309],[77.5927627,13.0501873],[77.5927869,13.0502749],[77.5931782,13.0519121],[77.5932042,13.0520176],[77.5932864,13.052339],[77.5933344,13.0526045],[77.5933684,13.0528407],[77.5933862,13.0530901],[77.5933897,13.053375],[77.5933797,13.0534746]]}},{"type":"Feature","properties":{"id":"1233786389","name":"Bellary Road","highway":"trunk","oneway":"yes","maxspeed":"60"},"geometry":{"type":"LineString","coordinates":[[77.5932674,13.0573653],[77.5932989,13.0574176],[77.5933065,13.057582],[77.5933497,13.0582825],[77.5933577,13.0590519],[77.5933591,13.0603388],[77.5933215,13.0611788],[77.5932933,13.0618934],[77.5932075,13.0635617],[77.5931793,13.0639875],[77.5931592,13.0651332],[77.5931431,13.0654781],[77.5931217,13.0659733],[77.5930788,13.0665507],[77.5930112,13.0671237],[77.593,13.0672464],[77.5929567,13.0677865],[77.5929211,13.068185],[77.5928427,13.0693176],[77.5927716,13.070185],[77.5927207,13.0710707],[77.5926577,13.0721249],[77.5926451,13.0723187],[77.5926,13.0730146],[77.5925834,13.0732341],[77.5925688,13.0734579]]}},{"type":"Feature","properties":{"id":"1233786390","name":"Kodigehalli Road","highway":"secondary","oneway":"yes","maxspeed":""},"geometry":{"type":"LineString","coordinates":[[77.593186,13.05738],[77.5930935,13.0573666],[77.5929216,13.0574157],[77.5927037,13.05746],[77.5924192,13.057506],[77.5921872,13.0575426],[77.5920529,13.0575514],[77.5915351,13.0576034],[77.5914225,13.0576689]]}},{"type":"Feature","properties":{"id":"1233786391","name":"13th Main Road","highway":"tertiary","oneway":"no","maxspeed":""},"geometry":{"type":"LineString","coordinates":[[77.5914225,13.0576689],[77.5915066,13.0580329],[77.5915744,13.0583259]]}},{"type":"Feature","properties":{"id":"1233786392","name":"","highway":"tertiary","oneway":"yes","maxspeed":""},"geometry":{"type":"LineString","coordinates":[[77.5925836,13.0494801],[77.5926918,13.0499309]]}},{"type":"Feature","properties":{"id":"1240046870","name":"","highway":"service","oneway":"no","maxspeed":""},"geometry":{"type":"LineString","coordinates":[[77.5946307,13.0628941],[77.5945607,13.0627543],[77.5945111,13.0626328],[77.5944904,13.0623755]]}},{"type":"Feature","properties":{"id":"1240046872","name":"","highway":"service","oneway":"no","maxspeed":""},"geometry":{"type":"LineString","coordinates":[[77.5937882,13.0633239],[77.5937015,13.0638168]]}},{"type":"Feature","properties":{"id":"1240046873","name":"","highway":"service","oneway":"no","maxspeed":""},"geometry":{"type":"LineString","coordinates":[[77.5935239,13.0638424],[77.5937015,13.0638168]]}},{"type":"Feature","properties":{"id":"1240046874","name":"","highway":"service","oneway":"no","maxspeed":""},"geometry":{"type":"LineString","coordinates":[[77.5937882,13.0633239],[77.5935378,13.0633684]]}},{"type":"Feature","properties":{"id":"1240046875","name":"","highway":"service","oneway":"no","maxspeed":""},"geometry":{"type":"LineString","coordinates":[[77.5937015,13.0638168],[77.594094,13.0637602],[77.5941744,13.0637942],[77.5944427,13.0637537],[77.5944574,13.063725],[77.5952634,13.0636296],[77.5951682,13.0627595],[77.5946821,13.0628392],[77.594727,13.0631946],[77.5937882,13.0633239]]}},{"type":"Feature","properties":{"id":"1240761196","name":"","highway":"service","oneway":"no","maxspeed":""},"geometry":{"type":"LineString","coordinates":[[77.5955815,13.0436349],[77.5955978,13.043674],[77.5956214,13.0437092],[77.5956516,13.0437393],[77.5956872,13.0437631],[77.5957269,13.0437798],[77.595819,13.0438192],[77.5958639,13.0438199],[77.5959579,13.0438154],[77.59601,13.0437306],[77.5960207,13.0436736],[77.5960131,13.0436141]]}},{"type":"Feature","properties":{"id":"1240761197","name":"","highway":"service","oneway":"no","maxspeed":""},"geometry":{"type":"LineString","coordinates":[[77.5960131,13.0436141],[77.5959031,13.0429191],[77.5958441,13.0426369],[77.5957904,13.0425963]]}},{"type":"Feature","properties":{"id":"1240788921","name":"","highway":"residential","oneway":"no","maxspeed":""},"geometry":{"type":"LineString","coordinates":[[77.6037865,13.0463921],[77.6038208,13.0465806],[77.6038317,13.0466402]]}},{"type":"Feature","properties":{"id":"1240788926","name":"","highway":"service","oneway":"no","maxspeed":""},"geometry":{"type":"LineString","coordinates":[[77.5956516,13.0437393],[77.5958978,13.0451551],[77.5960045,13.0451421],[77.5961123,13.045129],[77.5959579,13.0438154]]}},{"type":"Feature","properties":{"id":"1240788929","name":"","highway":"service","oneway":"no","maxspeed":""},"geometry":{"type":"LineString","coordinates":[[77.5964204,13.0420628],[77.5964182,13.0421757],[77.5964142,13.0423912]]}},{"type":"Feature","properties":{"id":"1240788930","name":"","highway":"service","oneway":"no","maxspeed":""},"geometry":{"type":"LineString","coordinates":[[77.5963887,13.0420584],[77.5963863,13.0421723],[77.5963819,13.0423906]]}},{"type":"Feature","properties":{"id":"1243757196","name":"","highway":"service","oneway":"no","maxspeed":""},"geometry":{"type":"LineString","coordinates":[[77.6184881,13.0503777],[77.6185216,13.0501721]]}},{"type":"Feature","properties":{"id":"1243757197","name":"","highway":"service","oneway":"no","maxspeed":""},"geometry":{"type":"LineString","coordinates":[[77.618113,13.0504039],[77.6183264,13.050385]]}},{"type":"Feature","properties":{"id":"1243757198","name":"","highway":"service","oneway":"no","maxspeed":""},"geometry":{"type":"LineString","coordinates":[[77.6183889,13.0501658],[77.6182005,13.050105]]}},{"type":"Feature","properties":{"id":"1243757199","name":"","highway":"service","oneway":"no","maxspeed":""},"geometry":{"type":"LineString","coordinates":[[77.6193226,13.0501232],[77.6190519,13.0501315],[77.6190184,13.0501603],[77.6185216,13.0501721],[77.6184162,13.0501746],[77.6183889,13.0501658]]}},{"type":"Feature","properties":{"id":"1243757222","name":"","highway":"service","oneway":"yes","maxspeed":""},"geometry":{"type":"LineString","coordinates":[[77.6179871,13.0500188],[77.6179083,13.0499437],[77.6178837,13.0499276],[77.6178541,13.0499241],[77.6163368,13.0500904],[77.6163188,13.050093],[77.6163079,13.0501024],[77.6163032,13.0501173],[77.6163286,13.0504731],[77.6163329,13.0504927],[77.6163498,13.0505061],[77.6163821,13.0505117],[77.6164591,13.0505169],[77.6167207,13.0505752],[77.616784,13.0505824],[77.6168323,13.0505794],[77.6180038,13.050417]]}},{"type":"Feature","properties":{"id":"1246772714","name":"","highway":"tertiary","oneway":"no","maxspeed":""},"geometry":{"type":"LineString","coordinates":[[77.6085686,13.0322696],[77.6082216,13.0323735],[77.6078063,13.0324673],[77.6075619,13.0325322],[77.6072823,13.0326031],[77.6069243,13.032696],[77.6065782,13.0327859],[77.6064879,13.0328038]]}},{"type":"Feature","properties":{"id":"1258088680","name":"","highway":"service","oneway":"no","maxspeed":""},"geometry":{"type":"LineString","coordinates":[[77.6203327,13.0464198],[77.6206948,13.0463558],[77.6207458,13.0462935]]}},{"type":"Feature","properties":{"id":"1258088681","name":"","highway":"service","oneway":"no","maxspeed":""},"geometry":{"type":"LineString","coordinates":[[77.6207565,13.0463911],[77.6203434,13.0464773]]}},{"type":"Feature","properties":{"id":"1258088685","name":"","highway":"service","oneway":"yes","maxspeed":""},"geometry":{"type":"LineString","coordinates":[[77.6218213,13.0440956],[77.6220904,13.0440309]]}},{"type":"Feature","properties":{"id":"1258088686","name":"","highway":"service","oneway":"yes","maxspeed":""},"geometry":{"type":"LineString","coordinates":[[77.6199532,13.0453054],[77.6202474,13.0452468],[77.6202662,13.0452464],[77.6202844,13.0452505],[77.6203062,13.0452628],[77.6203224,13.0452815]]}},{"type":"Feature","properties":{"id":"1258088690","name":"","highway":"tertiary","oneway":"yes","maxspeed":""},"geometry":{"type":"LineString","coordinates":[[77.621019,13.0423867],[77.6210139,13.0424676],[77.6210033,13.0426285],[77.6209912,13.0428113],[77.6209281,13.0429053],[77.620882,13.0429465]]}},{"type":"Feature","properties":{"id":"1258088692","name":"","highway":"service","oneway":"yes","maxspeed":""},"geometry":{"type":"LineString","coordinates":[[77.6209677,13.0422468],[77.6209918,13.042288],[77.6210048,13.0423198],[77.6210139,13.0423528],[77.621019,13.0423867]]}},{"type":"Feature","properties":{"id":"1258088699","name":"","highway":"service","oneway":"yes","maxspeed":""},"geometry":{"type":"LineString","coordinates":[[77.6210299,13.0421446],[77.6205486,13.0420104],[77.6203756,13.0420339]]}},{"type":"Feature","properties":{"id":"1258088700","name":"","highway":"service","oneway":"yes","maxspeed":""},"geometry":{"type":"LineString","coordinates":[[77.6203756,13.0420339],[77.6205258,13.0421345],[77.6209677,13.0422468]]}},{"type":"Feature","properties":{"id":"1258088701","name":"","highway":"service","oneway":"no","maxspeed":""},"geometry":{"type":"LineString","coordinates":[[77.6197144,13.041213],[77.6197251,13.0413084],[77.6197332,13.0413807],[77.6198399,13.0413708],[77.6202804,13.0413297],[77.6203756,13.0420339]]}},{"type":"Feature","properties":{"id":"1258088702","name":"","highway":"service","oneway":"yes","maxspeed":""},"geometry":{"type":"LineString","coordinates":[[77.6212454,13.0435514],[77.6212402,13.0435735],[77.6212422,13.0435961],[77.6212511,13.043617],[77.6212662,13.0436343],[77.621286,13.0436463],[77.6213086,13.0436518],[77.6213318,13.0436503],[77.6213538,13.0436418],[77.6213721,13.043627],[77.6213847,13.0436075],[77.6213904,13.0435851],[77.6213888,13.043562],[77.6213798,13.0435406],[77.6213645,13.043523],[77.6213442,13.0435109],[77.6213321,13.0435081],[77.6213211,13.0435055],[77.6212974,13.0435074],[77.6212755,13.0435164],[77.6212659,13.0435245],[77.6212576,13.0435316],[77.6212454,13.0435514]]}},{"type":"Feature","properties":{"id":"1258088706","name":"","highway":"tertiary_link","oneway":"yes","maxspeed":""},"geometry":{"type":"LineString","coordinates":[[77.62082,13.0429972],[77.6206934,13.043019],[77.6204455,13.0430361],[77.619347,13.0431118],[77.6192221,13.043149]]}},{"type":"Feature","properties":{"id":"1258088707","name":"","highway":"tertiary","oneway":"yes","maxspeed":""},"geometry":{"type":"LineString","coordinates":[[77.620882,13.0429465],[77.62082,13.0429972],[77.6207672,13.0430517],[77.6206894,13.0431889],[77.6206562,13.0434066]]}},{"type":"Feature","properties":{"id":"1258088709","name":"","highway":"tertiary","oneway":"yes","maxspeed":""},"geometry":{"type":"LineString","coordinates":[[77.6205318,13.0440343],[77.620515,13.0442807],[77.6205082,13.0443806],[77.6205058,13.044535],[77.6205141,13.0449014],[77.6205401,13.0451434],[77.6205727,13.0453129],[77.6205945,13.0454268],[77.6206749,13.0456872],[77.6207423,13.0459683],[77.6208247,13.0462741]]}},{"type":"Feature","properties":{"id":"1258088710","name":"","highway":"tertiary","oneway":"yes","maxspeed":""},"geometry":{"type":"LineString","coordinates":[[77.6210843,13.0422042],[77.6210649,13.0426969],[77.621066,13.0427385],[77.621062,13.0427798],[77.6210529,13.0428204],[77.6210331,13.0428721],[77.6210052,13.0429199],[77.6209697,13.0429628],[77.6207203,13.0432594],[77.6206562,13.0434066]]}},{"type":"Feature","properties":{"id":"1258113504","name":"","highway":"service","oneway":"no","maxspeed":""},"geometry":{"type":"LineString","coordinates":[[77.6197332,13.0413807],[77.6192826,13.0414146],[77.6191726,13.0421607],[77.6192008,13.0424315],[77.6192598,13.0429968],[77.6204057,13.0428931],[77.6205825,13.0428659],[77.6207181,13.0428127],[77.6208212,13.0427235],[77.6208547,13.0426055],[77.6208925,13.0423332]]}},{"type":"Feature","properties":{"id":"1258134496","name":"Flyover","highway":"tertiary","oneway":"yes","maxspeed":""},"geometry":{"type":"LineString","coordinates":[[77.6220277,13.0410528],[77.6217771,13.0411207]]}},{"type":"Feature","properties":{"id":"1259593801","name":"Outer Ring Road","highway":"tertiary","oneway":"yes","maxspeed":"60"},"geometry":{"type":"LineString","coordinates":[[77.6170562,13.0409409],[77.6168367,13.0409853],[77.6165919,13.0410438],[77.6162491,13.0411335]]}},{"type":"Feature","properties":{"id":"1259770235","name":"Srinagar - Kanyakumari Highway","highway":"trunk","oneway":"yes","maxspeed":""},"geometry":{"type":"LineString","coordinates":[[77.5901426,13.0427518],[77.5902694,13.0430588]]}},{"type":"Feature","properties":{"id":"1259770236","name":"Outer Ring Road","highway":"trunk","oneway":"yes","maxspeed":"60"},"geometry":{"type":"LineString","coordinates":[[77.5902694,13.0430588],[77.5906466,13.0430244]]}},{"type":"Feature","properties":{"id":"1262435452","name":"","highway":"service","oneway":"no","maxspeed":""},"geometry":{"type":"LineString","coordinates":[[77.6190233,13.0378054],[77.6190509,13.0377943],[77.619113,13.0377695],[77.6190374,13.0374574],[77.61953,13.0374015],[77.6196025,13.0373897],[77.619606,13.0374241]]}},{"type":"Feature","properties":{"id":"1262821852","name":"","highway":"service","oneway":"no","maxspeed":""},"geometry":{"type":"LineString","coordinates":[[77.6196025,13.0373897],[77.6199198,13.0373455],[77.6198952,13.0371124],[77.6199818,13.0371093]]}},{"type":"Feature","properties":{"id":"1262821853","name":"","highway":"service","oneway":"no","maxspeed":""},"geometry":{"type":"LineString","coordinates":[[77.619606,13.0374241],[77.6196357,13.0377194],[77.6197415,13.0377076],[77.6197022,13.0374162],[77.619606,13.0374241]]}},{"type":"Feature","properties":{"id":"1273000955","name":"3rd Cross Road","highway":"secondary","oneway":"no","maxspeed":""},"geometry":{"type":"LineString","coordinates":[[77.6118309,13.0416773],[77.6117806,13.0414419],[77.6117496,13.041297],[77.6117168,13.0411439],[77.6116111,13.040801],[77.6114826,13.0403702],[77.6112852,13.0399019],[77.611178,13.0397627],[77.6111579,13.0397366],[77.6110646,13.0396242],[77.6110169,13.0395534],[77.6108565,13.0393331],[77.6107504,13.0391873],[77.6106672,13.0390318],[77.610537,13.0387646],[77.6105259,13.0387413],[77.6104151,13.0385088],[77.6103497,13.0383717]]}},{"type":"Feature","properties":{"id":"1275205741","name":"","highway":"tertiary","oneway":"yes","maxspeed":""},"geometry":{"type":"LineString","coordinates":[[77.592938,13.0732388],[77.5929458,13.0730977],[77.5930117,13.0719015],[77.5930239,13.071729],[77.5930442,13.0714884],[77.5930606,13.071218],[77.5930816,13.0708773],[77.5931822,13.0692473],[77.593337,13.0674552],[77.5933506,13.0672594]]}},{"type":"Feature","properties":{"id":"1275205742","name":"Amrutahalli Main Road","highway":"tertiary","oneway":"no","maxspeed":""},"geometry":{"type":"LineString","coordinates":[[77.5932196,13.0672552],[77.5933506,13.0672594]]}},{"type":"Feature","properties":{"id":"1275217897","name":"Kodigehalli Road","highway":"secondary","oneway":"no","maxspeed":""},"geometry":{"type":"LineString","coordinates":[[77.593541,13.0573599],[77.5932674,13.0573653]]}},{"type":"Feature","properties":{"id":"1275217898","name":"","highway":"trunk","oneway":"yes","maxspeed":"30"},"geometry":{"type":"LineString","coordinates":[[77.5932246,13.0554887],[77.593201,13.0560498],[77.5932028,13.0561224],[77.5932065,13.0562696],[77.5932107,13.0564384],[77.5932112,13.05646],[77.5932121,13.0564973],[77.5932136,13.0565549],[77.5932196,13.056797],[77.5932314,13.0571097],[77.5932328,13.0571397],[77.5932346,13.0571783],[77.5932674,13.0573653]]}},{"type":"Feature","properties":{"id":"1275217899","name":"Kodigehalli Road","highway":"secondary","oneway":"no","maxspeed":""},"geometry":{"type":"LineString","coordinates":[[77.5932674,13.0573653],[77.593186,13.05738]]}},{"type":"Feature","properties":{"id":"1275566805","name":"Kodigehalli Road","highway":"secondary","oneway":"no","maxspeed":""},"geometry":{"type":"LineString","coordinates":[[77.5936508,13.0573537],[77.593541,13.0573599]]}},{"type":"Feature","properties":{"id":"1275566806","name":"Bellary Road","highway":"trunk","oneway":"yes","maxspeed":"80"},"geometry":{"type":"LineString","coordinates":[[77.593541,13.0573599],[77.5936461,13.0570994],[77.5936455,13.0569898],[77.5936437,13.0566353],[77.593642,13.0563045],[77.593635,13.0560511],[77.5936336,13.0559422],[77.5936324,13.055848],[77.5936552,13.0554258],[77.5936609,13.0553655],[77.5937128,13.0548049],[77.5937192,13.0547286],[77.5937297,13.0546028],[77.5937321,13.0545746],[77.5937347,13.0545329],[77.5937502,13.0542807],[77.5937889,13.0536508],[77.5938047,13.0532646],[77.5937987,13.0529407],[77.5937578,13.0526009],[77.593705,13.0523215],[77.59369,13.0522424],[77.5936385,13.0520304],[77.5936115,13.0519195],[77.5935955,13.0518535],[77.5935154,13.0515187],[77.5935062,13.0514743],[77.5934201,13.0511329],[77.593414,13.051107],[77.5934002,13.0510482],[77.5933974,13.0510359],[77.5933282,13.0507377],[77.5931288,13.0500162],[77.5930947,13.0498928],[77.5929391,13.0495563],[77.5928095,13.049114],[77.5927462,13.0489413],[77.5927115,13.0488656],[77.5924538,13.0483037],[77.592356,13.0481207],[77.5923072,13.0480016]]}},{"type":"Feature","properties":{"id":"1276422426","name":"","highway":"trunk_link","oneway":"yes","maxspeed":""},"geometry":{"type":"LineString","coordinates":[[77.6003376,13.0435562],[77.6003423,13.0436585]]}},{"type":"Feature","properties":{"id":"1276424722","name":"","highway":"trunk_link","oneway":"yes","maxspeed":""},"geometry":{"type":"LineString","coordinates":[[77.6104578,13.0430167],[77.6105711,13.0430593]]}},{"type":"Feature","properties":{"id":"1278548484","name":"Srinagar - Kanyakumari Highway","highway":"trunk","oneway":"yes","maxspeed":""},"geometry":{"type":"LineString","coordinates":[[77.591249,13.0463638],[77.5913704,13.0465475]]}},{"type":"Feature","properties":{"id":"1278548485","name":"Bellary Road","highway":"tertiary","oneway":"yes","maxspeed":""},"geometry":{"type":"LineString","coordinates":[[77.5893653,13.0396122],[77.5893801,13.0397014],[77.5894931,13.0404576],[77.58968,13.0412481]]}},{"type":"Feature","properties":{"id":"1278555480","name":"Hebbal Flyover","highway":"trunk","oneway":"yes","maxspeed":"60"},"geometry":{"type":"LineString","coordinates":[[77.5895471,13.0396022],[77.589516,13.0393318]]}},{"type":"Feature","properties":{"id":"1278555481","name":"Tumkur Road Exit","highway":"trunk","oneway":"yes","maxspeed":""},"geometry":{"type":"LineString","coordinates":[[77.5906466,13.0430244],[77.5905762,13.0428413],[77.5905645,13.0428003],[77.5905343,13.0427383],[77.5905051,13.0426897]]}},{"type":"Feature","properties":{"id":"1278555482","name":"Bellary Road","highway":"trunk","oneway":"yes","maxspeed":""},"geometry":{"type":"LineString","coordinates":[[77.5916044,13.0463845],[77.5914435,13.0460144]]}},{"type":"Feature","properties":{"id":"1278555484","name":"Bellary Road","highway":"trunk","oneway":"yes","maxspeed":""},"geometry":{"type":"LineString","coordinates":[[77.5918637,13.0473039],[77.5918623,13.0471658],[77.5916007,13.0464974],[77.5916044,13.0463845]]}},{"type":"Feature","properties":{"id":"1280452472","name":"Outer Ring Road","highway":"trunk","oneway":"yes","maxspeed":"60"},"geometry":{"type":"LineString","coordinates":[[77.5910458,13.0429168],[77.5913147,13.0428149]]}},{"type":"Feature","properties":{"id":"1280454646","name":"","highway":"residential","oneway":"no","maxspeed":""},"geometry":{"type":"LineString","coordinates":[[77.6043186,13.0566742],[77.6047093,13.0566386]]}},{"type":"Feature","properties":{"id":"1280597564","name":"3rd Cross Road","highway":"residential","oneway":"no","maxspeed":""},"geometry":{"type":"LineString","coordinates":[[77.6037655,13.0582979],[77.6039296,13.059794],[77.6040285,13.0610877]]}},{"type":"Feature","properties":{"id":"1280770380","name":"Service Road","highway":"tertiary","oneway":"yes","maxspeed":""},"geometry":{"type":"LineString","coordinates":[[77.62426,13.0399643],[77.6242189,13.0400244]]}},{"type":"Feature","properties":{"id":"1280770381","name":"Thanisandra Main Road","highway":"primary","oneway":"yes","maxspeed":""},"geometry":{"type":"LineString","coordinates":[[77.6242189,13.0400244],[77.6242886,13.0402242]]}},{"type":"Feature","properties":{"id":"1283567078","name":"3rd Main Road","highway":"residential","oneway":"no","maxspeed":""},"geometry":{"type":"LineString","coordinates":[[77.6088895,13.0484956],[77.6089788,13.0485024],[77.6092013,13.0485277],[77.6093417,13.0485633],[77.6098008,13.0486675],[77.6105306,13.0488493]]}},{"type":"Feature","properties":{"id":"1283567079","name":"3rd Main Road","highway":"residential","oneway":"no","maxspeed":""},"geometry":{"type":"LineString","coordinates":[[77.607073,13.0483947],[77.6073952,13.0483538],[77.6074047,13.048438]]}},{"type":"Feature","properties":{"id":"1283567080","name":"3rd Main Road","highway":"residential","oneway":"no","maxspeed":""},"geometry":{"type":"LineString","coordinates":[[77.6035993,13.0488874],[77.6036586,13.048879],[77.6037474,13.0488664],[77.6040406,13.0488248],[77.6041593,13.048808],[77.6044796,13.0487626],[77.6045889,13.0487471],[77.6048853,13.048705],[77.6052337,13.0486556],[77.6057641,13.0485804],[77.6058557,13.0485674],[77.6059495,13.0485541],[77.6062411,13.0485127],[77.6063814,13.0484928],[77.6070501,13.048398],[77.607073,13.0483947]]}},{"type":"Feature","properties":{"id":"1283567109","name":"","highway":"residential","oneway":"no","maxspeed":""},"geometry":{"type":"LineString","coordinates":[[77.6012993,13.0502556],[77.6013237,13.0505598]]}},{"type":"Feature","properties":{"id":"1283567136","name":"","highway":"service","oneway":"no","maxspeed":""},"geometry":{"type":"LineString","coordinates":[[77.6003043,13.0497792],[77.6003274,13.0501524]]}},{"type":"Feature","properties":{"id":"1283854008","name":"","highway":"service","oneway":"no","maxspeed":""},"geometry":{"type":"LineString","coordinates":[[77.6198008,13.0537047],[77.619687,13.0537008]]}},{"type":"Feature","properties":{"id":"1283875132","name":"","highway":"residential","oneway":"yes","maxspeed":""},"geometry":{"type":"LineString","coordinates":[[77.6093969,13.0648815],[77.6092165,13.064892],[77.6091052,13.0648969],[77.6089376,13.0649104],[77.608896,13.0650996],[77.6087606,13.0651472],[77.6084914,13.0651747],[77.6085319,13.0655681],[77.6085556,13.0657355],[77.6089625,13.0656995],[77.6091309,13.0656855],[77.6093052,13.065656],[77.6092713,13.0653658],[77.6092231,13.0649809],[77.6093994,13.0649736]]}},{"type":"Feature","properties":{"id":"1283875133","name":"","highway":"residential","oneway":"no","maxspeed":""},"geometry":{"type":"LineString","coordinates":[[77.6092231,13.0649809],[77.6092165,13.064892]]}},{"type":"Feature","properties":{"id":"1283875134","name":"","highway":"residential","oneway":"yes","maxspeed":""},"geometry":{"type":"LineString","coordinates":[[77.6095325,13.0648737],[77.6093969,13.0648815]]}},{"type":"Feature","properties":{"id":"1283875135","name":"","highway":"residential","oneway":"yes","maxspeed":""},"geometry":{"type":"LineString","coordinates":[[77.6093994,13.0649736],[77.6095448,13.0649676]]}},{"type":"Feature","properties":{"id":"1283875136","name":"","highway":"residential","oneway":"no","maxspeed":""},"geometry":{"type":"LineString","coordinates":[[77.6057819,13.0621615],[77.6057803,13.0621819]]}},{"type":"Feature","properties":{"id":"1283875137","name":"","highway":"residential","oneway":"no","maxspeed":""},"geometry":{"type":"LineString","coordinates":[[77.6057881,13.0620845],[77.6057866,13.0621027]]}},{"type":"Feature","properties":{"id":"1284167425","name":"Bellary Road","highway":"trunk","oneway":"yes","maxspeed":"80"},"geometry":{"type":"LineString","coordinates":[[77.5935814,13.0537871],[77.5936122,13.0531987],[77.5936005,13.0529077],[77.5935619,13.0525837],[77.5934963,13.0521683],[77.5932742,13.051286]]}},{"type":"Feature","properties":{"id":"1284167426","name":"Bellary Road","highway":"trunk","oneway":"yes","maxspeed":"80"},"geometry":{"type":"LineString","coordinates":[[77.5931516,13.0512924],[77.5933569,13.0521736],[77.5934365,13.0525855],[77.5934805,13.0529032],[77.5934814,13.0529484],[77.5934911,13.0532103],[77.5934841,13.053369]]}},{"type":"Feature","properties":{"id":"1284167427","name":"","highway":"trunk_link","oneway":"yes","maxspeed":""},"geometry":{"type":"LineString","coordinates":[[77.5934841,13.053369],[77.5933797,13.0534746]]}},{"type":"Feature","properties":{"id":"1284167428","name":"","highway":"trunk","oneway":"yes","maxspeed":"30"},"geometry":{"type":"LineString","coordinates":[[77.5933797,13.0534746],[77.5933608,13.0536613],[77.5932582,13.0546306],[77.5932484,13.0547235],[77.5932403,13.0548002],[77.5932246,13.0554887]]}},{"type":"Feature","properties":{"id":"1284773485","name":"","highway":"service","oneway":"no","maxspeed":""},"geometry":{"type":"LineString","coordinates":[[77.6188668,13.0407822],[77.6186885,13.0401369],[77.6189701,13.0400885]]}},{"type":"Feature","properties":{"id":"1285574016","name":"12th Main Road","highway":"residential","oneway":"no","maxspeed":""},"geometry":{"type":"LineString","coordinates":[[77.6051816,13.0519854],[77.6046725,13.0520861],[77.6041987,13.0522081],[77.6041613,13.0522185]]}},{"type":"Feature","properties":{"id":"1285813182","name":"","highway":"residential","oneway":"no","maxspeed":""},"geometry":{"type":"LineString","coordinates":[[77.5954391,13.0465598],[77.5954648,13.0471619],[77.5954919,13.0480817]]}},{"type":"Feature","properties":{"id":"1285813192","name":"","highway":"residential","oneway":"no","maxspeed":""},"geometry":{"type":"LineString","coordinates":[[77.5975539,13.0533871],[77.5975594,13.0536537]]}},{"type":"Feature","properties":{"id":"1285813193","name":"","highway":"residential","oneway":"no","maxspeed":""},"geometry":{"type":"LineString","coordinates":[[77.5971961,13.0534015],[77.5972027,13.0536746]]}},{"type":"Feature","properties":{"id":"1285814159","name":"","highway":"residential","oneway":"no","maxspeed":""},"geometry":{"type":"LineString","coordinates":[[77.5958593,13.0501023],[77.5956298,13.0498785],[77.595603,13.0498576],[77.5955209,13.0497788],[77.5953412,13.0495854],[77.5950931,13.0493646],[77.5950053,13.0492693],[77.5948852,13.0492105],[77.5947978,13.0491849],[77.5947652,13.0491845],[77.5947272,13.049205],[77.5946828,13.0492235],[77.5946224,13.0492471],[77.5941772,13.0493802],[77.5941533,13.0494119]]}},{"type":"Feature","properties":{"id":"1285961782","name":"Govindapura Road","highway":"tertiary","oneway":"yes","maxspeed":""},"geometry":{"type":"LineString","coordinates":[[77.6135853,13.0419076],[77.6135622,13.042006]]}},{"type":"Feature","properties":{"id":"1286456407","name":"","highway":"residential","oneway":"no","maxspeed":""},"geometry":{"type":"LineString","coordinates":[[77.6012925,13.0519692],[77.6017195,13.0519233]]}},{"type":"Feature","properties":{"id":"1286715467","name":"","highway":"residential","oneway":"no","maxspeed":""},"geometry":{"type":"LineString","coordinates":[[77.6058041,13.061865],[77.6058002,13.061313],[77.6057841,13.0607764],[77.6057741,13.0604855]]}},{"type":"Feature","properties":{"id":"1286715468","name":"","highway":"residential","oneway":"no","maxspeed":""},"geometry":{"type":"LineString","coordinates":[[77.6058134,13.0600527],[77.606231,13.0600801]]}},{"type":"Feature","properties":{"id":"1286715565","name":"","highway":"residential","oneway":"no","maxspeed":""},"geometry":{"type":"LineString","coordinates":[[77.6068345,13.0541606],[77.6070513,13.0541244]]}},{"type":"Feature","properties":{"id":"1286715915","name":"","highway":"residential","oneway":"no","maxspeed":""},"geometry":{"type":"LineString","coordinates":[[77.6084894,13.0478295],[77.6089504,13.0478568]]}},{"type":"Feature","properties":{"id":"1286715916","name":"","highway":"residential","oneway":"no","maxspeed":""},"geometry":{"type":"LineString","coordinates":[[77.6084867,13.0480778],[77.6089297,13.0481007]]}},{"type":"Feature","properties":{"id":"1286963818","name":"","highway":"residential","oneway":"no","maxspeed":""},"geometry":{"type":"LineString","coordinates":[[77.6104087,13.0538602],[77.6103568,13.0536182]]}},{"type":"Feature","properties":{"id":"1286963819","name":"","highway":"residential","oneway":"no","maxspeed":""},"geometry":{"type":"LineString","coordinates":[[77.6104823,13.0541419],[77.6104337,13.0539864],[77.6104087,13.0538602]]}},{"type":"Feature","properties":{"id":"1286964071","name":"","highway":"residential","oneway":"no","maxspeed":""},"geometry":{"type":"LineString","coordinates":[[77.6070289,13.0580936],[77.6069654,13.0572277]]}},{"type":"Feature","properties":{"id":"1286964300","name":"","highway":"residential","oneway":"no","maxspeed":""},"geometry":{"type":"LineString","coordinates":[[77.5998031,13.0551351],[77.5997588,13.0548276]]}},{"type":"Feature","properties":{"id":"1287065321","name":"","highway":"residential","oneway":"no","maxspeed":""},"geometry":{"type":"LineString","coordinates":[[77.5915086,13.062554],[77.5921547,13.0622417]]}},{"type":"Feature","properties":{"id":"1287065322","name":"","highway":"residential","oneway":"no","maxspeed":""},"geometry":{"type":"LineString","coordinates":[[77.5913535,13.0633351],[77.5913388,13.0632734],[77.5912487,13.0628971],[77.5911041,13.0622919],[77.5910501,13.0620664]]}},{"type":"Feature","properties":{"id":"1287270010","name":"","highway":"residential","oneway":"no","maxspeed":""},"geometry":{"type":"LineString","coordinates":[[77.5887783,13.060053],[77.588033,13.0600052]]}},{"type":"Feature","properties":{"id":"1287274869","name":"","highway":"residential","oneway":"no","maxspeed":""},"geometry":{"type":"LineString","coordinates":[[77.6225325,13.0416314],[77.6225354,13.0417328],[77.6225349,13.041763],[77.622519,13.0417816],[77.6223499,13.0418586]]}},{"type":"Feature","properties":{"id":"1287279749","name":"Outer Ring Road","highway":"tertiary","oneway":"yes","maxspeed":"60"},"geometry":{"type":"LineString","coordinates":[[77.6222248,13.0411153],[77.6219127,13.0411046]]}},{"type":"Feature","properties":{"id":"1287744130","name":"14th Cross Road","highway":"residential","oneway":"no","maxspeed":""},"geometry":{"type":"LineString","coordinates":[[77.5887081,13.0627245],[77.5886011,13.0621344]]}},{"type":"Feature","properties":{"id":"1287744148","name":"60 Feet Road","highway":"tertiary","oneway":"no","maxspeed":""},"geometry":{"type":"LineString","coordinates":[[77.5919635,13.063061],[77.59212,13.0629838]]}},{"type":"Feature","properties":{"id":"1288367393","name":"","highway":"residential","oneway":"no","maxspeed":""},"geometry":{"type":"LineString","coordinates":[[77.5921692,13.061816],[77.5911041,13.0622919]]}},{"type":"Feature","properties":{"id":"1288901980","name":"Hebbal Flyover","highway":"trunk_link","oneway":"yes","maxspeed":""},"geometry":{"type":"LineString","coordinates":[[77.5894267,13.0397109],[77.5895197,13.0402722],[77.589551,13.0404617],[77.5896157,13.040719]]}},{"type":"Feature","properties":{"id":"1289169662","name":"","highway":"trunk_link","oneway":"no","maxspeed":""},"geometry":{"type":"LineString","coordinates":[[77.5898146,13.0430962],[77.5898514,13.0430017]]}},{"type":"Feature","properties":{"id":"1289169664","name":"Bellary Road","highway":"trunk","oneway":"yes","maxspeed":"80"},"geometry":{"type":"LineString","coordinates":[[77.593457,13.0537805],[77.5933752,13.055064],[77.5933563,13.0553958]]}},{"type":"Feature","properties":{"id":"1289169665","name":"Bellary Road","highway":"trunk","oneway":"yes","maxspeed":"80"},"geometry":{"type":"LineString","coordinates":[[77.5934792,13.0553999],[77.5934905,13.0550634],[77.5935814,13.0537871]]}},{"type":"Feature","properties":{"id":"1289253899","name":"","highway":"residential","oneway":"no","maxspeed":""},"geometry":{"type":"LineString","coordinates":[[77.6054408,13.0662107],[77.6049341,13.0662132]]}},{"type":"Feature","properties":{"id":"1291033124","name":"","highway":"residential","oneway":"no","maxspeed":""},"geometry":{"type":"LineString","coordinates":[[77.5958079,13.0478478],[77.596378,13.0478386]]}},{"type":"Feature","properties":{"id":"1292774790","name":"Flyover","highway":"trunk_link","oneway":"yes","maxspeed":""},"geometry":{"type":"LineString","coordinates":[[77.5914435,13.0460144],[77.5914859,13.0458628],[77.5914894,13.0458502],[77.591523,13.0457302],[77.5915614,13.0456181]]}},{"type":"Feature","properties":{"id":"1292774791","name":"Flyover","highway":"trunk_link","oneway":"yes","maxspeed":""},"geometry":{"type":"LineString","coordinates":[[77.592646,13.0437354],[77.5927389,13.0435805],[77.5928291,13.043428],[77.5929042,13.0433009],[77.5929377,13.0432443]]}},{"type":"Feature","properties":{"id":"1298275290","name":"","highway":"residential","oneway":"no","maxspeed":""},"geometry":{"type":"LineString","coordinates":[[77.6205794,13.0404857],[77.6204704,13.0399066]]}},{"type":"Feature","properties":{"id":"1298275336","name":"","highway":"service","oneway":"no","maxspeed":""},"geometry":{"type":"LineString","coordinates":[[77.6186043,13.0435464],[77.6185875,13.0435167],[77.6185592,13.0434925],[77.6185266,13.043482],[77.6184899,13.04348],[77.6181118,13.0435495]]}},{"type":"Feature","properties":{"id":"1298937461","name":"","highway":"service","oneway":"yes","maxspeed":""},"geometry":{"type":"LineString","coordinates":[[77.5929902,13.0601611],[77.5930289,13.060134],[77.5930707,13.0601116],[77.593115,13.0600945],[77.5931626,13.0600824],[77.5931988,13.0600783],[77.5932605,13.0600762]]}},{"type":"Feature","properties":{"id":"1298937462","name":"","highway":"service","oneway":"no","maxspeed":""},"geometry":{"type":"LineString","coordinates":[[77.5927784,13.0606314],[77.5927962,13.0606231],[77.5928116,13.0606111],[77.592824,13.0605961],[77.5928344,13.0605729],[77.5928374,13.0605478],[77.5927805,13.0601945]]}},{"type":"Feature","properties":{"id":"1298937463","name":"","highway":"service","oneway":"yes","maxspeed":""},"geometry":{"type":"LineString","coordinates":[[77.5929795,13.0609083],[77.59316,13.0609072],[77.5932264,13.0609069]]}},{"type":"Feature","properties":{"id":"1298937464","name":"","highway":"service","oneway":"yes","maxspeed":""},"geometry":{"type":"LineString","coordinates":[[77.5932346,13.0607211],[77.5931735,13.0607199],[77.5929849,13.0607163]]}},{"type":"Feature","properties":{"id":"1298937465","name":"","highway":"service","oneway":"no","maxspeed":""},"geometry":{"type":"LineString","coordinates":[[77.591437,13.0608418],[77.592722,13.0606418],[77.592652,13.060215]]}},{"type":"Feature","properties":{"id":"1298937466","name":"","highway":"service","oneway":"no","maxspeed":""},"geometry":{"type":"LineString","coordinates":[[77.5929795,13.0609083],[77.5929849,13.0607163],[77.5929826,13.0606458],[77.5929849,13.0605752],[77.5929901,13.0605189],[77.5929983,13.0604629],[77.5930109,13.0604241],[77.5930194,13.0603844],[77.5930238,13.060344],[77.5930236,13.0602971],[77.5930179,13.0602506],[77.5930068,13.0602051],[77.5929902,13.0601611],[77.5927805,13.0601945],[77.592652,13.060215],[77.5913662,13.0604198],[77.591437,13.0608418],[77.5914546,13.0609467],[77.5924288,13.0607915],[77.5924378,13.060845],[77.5926315,13.0608141]]}},{"type":"Feature","properties":{"id":"1298937467","name":"","highway":"service","oneway":"no","maxspeed":""},"geometry":{"type":"LineString","coordinates":[[77.5929849,13.0607163],[77.5926255,13.0607633],[77.5926315,13.0608141],[77.5926389,13.060877],[77.5927261,13.0609097],[77.5929795,13.0609083]]}},{"type":"Feature","properties":{"id":"1299912989","name":"","highway":"residential","oneway":"no","maxspeed":""},"geometry":{"type":"LineString","coordinates":[[77.6010684,13.0594812],[77.6009664,13.0588828]]}},{"type":"Feature","properties":{"id":"1300063225","name":"","highway":"residential","oneway":"no","maxspeed":""},"geometry":{"type":"LineString","coordinates":[[77.5973791,13.0581303],[77.5974908,13.0585643],[77.5976406,13.0591254]]}},{"type":"Feature","properties":{"id":"1300079011","name":"","highway":"residential","oneway":"no","maxspeed":""},"geometry":{"type":"LineString","coordinates":[[77.6085967,13.0642621],[77.6086262,13.0638478]]}},{"type":"Feature","properties":{"id":"1300079012","name":"","highway":"residential","oneway":"no","maxspeed":""},"geometry":{"type":"LineString","coordinates":[[77.6081846,13.0642195],[77.6082373,13.0636283]]}},{"type":"Feature","properties":{"id":"1300908673","name":"","highway":"residential","oneway":"no","maxspeed":""},"geometry":{"type":"LineString","coordinates":[[77.6068731,13.0632031],[77.6062326,13.0630701]]}},{"type":"Feature","properties":{"id":"1300908674","name":"","highway":"residential","oneway":"no","maxspeed":""},"geometry":{"type":"LineString","coordinates":[[77.6069937,13.0632281],[77.6068731,13.0632031]]}},{"type":"Feature","properties":{"id":"1301684120","name":"","highway":"residential","oneway":"no","maxspeed":""},"geometry":{"type":"LineString","coordinates":[[77.595573,13.0554671],[77.5955481,13.0554986],[77.5955048,13.055522],[77.5952339,13.055505],[77.5951913,13.0554861],[77.5951469,13.0554042]]}},{"type":"Feature","properties":{"id":"1310717403","name":"","highway":"residential","oneway":"no","maxspeed":""},"geometry":{"type":"LineString","coordinates":[[77.5941195,13.0336717],[77.5943951,13.0335948]]}},{"type":"Feature","properties":{"id":"1310717404","name":"","highway":"residential","oneway":"no","maxspeed":""},"geometry":{"type":"LineString","coordinates":[[77.5940202,13.0337479],[77.5940469,13.0337176],[77.5941195,13.0336717]]}},{"type":"Feature","properties":{"id":"1311185511","name":"","highway":"residential","oneway":"yes","maxspeed":""},"geometry":{"type":"LineString","coordinates":[[77.6173655,13.0384169],[77.6173135,13.038422],[77.6168932,13.0384465],[77.6164409,13.0384669],[77.6154828,13.0385032],[77.6153847,13.0385335]]}},{"type":"Feature","properties":{"id":"1311185512","name":"","highway":"residential","oneway":"no","maxspeed":""},"geometry":{"type":"LineString","coordinates":[[77.6174167,13.038378],[77.6171714,13.0374801],[77.6168719,13.0364241]]}},{"type":"Feature","properties":{"id":"1311185513","name":"","highway":"residential","oneway":"yes","maxspeed":""},"geometry":{"type":"LineString","coordinates":[[77.6174684,13.0384164],[77.6174612,13.038401],[77.6174493,13.0383886],[77.6174339,13.0383807],[77.6174167,13.038378],[77.6173996,13.0383809],[77.6173843,13.0383889],[77.6173725,13.0384014],[77.6173655,13.0384169],[77.6173639,13.0384337],[77.617368,13.0384502],[77.6173774,13.0384645],[77.6173882,13.0384734],[77.617401,13.0384793],[77.617415,13.0384817],[77.6174291,13.0384803],[77.6174424,13.0384754],[77.6174538,13.0384673],[77.6174627,13.0384565],[77.6174683,13.0384438],[77.6174702,13.0384301],[77.6174684,13.0384164]]}},{"type":"Feature","properties":{"id":"1311185514","name":"","highway":"residential","oneway":"no","maxspeed":""},"geometry":{"type":"LineString","coordinates":[[77.6142436,13.0386445],[77.6145562,13.0385623],[77.6150129,13.0385433],[77.6153847,13.0385335]]}},{"type":"Feature","properties":{"id":"1311185688","name":"","highway":"residential","oneway":"yes","maxspeed":""},"geometry":{"type":"LineString","coordinates":[[77.6153847,13.0385335],[77.6154843,13.038559],[77.6164527,13.038515],[77.6169089,13.038495],[77.6173882,13.0384734]]}},{"type":"Feature","properties":{"id":"1311185689","name":"","highway":"residential","oneway":"no","maxspeed":""},"geometry":{"type":"LineString","coordinates":[[77.6168932,13.0384465],[77.6169089,13.038495]]}},{"type":"Feature","properties":{"id":"1311185690","name":"","highway":"residential","oneway":"no","maxspeed":""},"geometry":{"type":"LineString","coordinates":[[77.6164409,13.0384669],[77.6164527,13.038515]]}},{"type":"Feature","properties":{"id":"1311431969","name":"","highway":"trunk_link","oneway":"yes","maxspeed":""},"geometry":{"type":"LineString","coordinates":[[77.5932028,13.0561224],[77.593291,13.0562217],[77.5933598,13.0562386],[77.5934224,13.0562374],[77.593519,13.0561799],[77.59356,13.0561116],[77.5936336,13.0559422]]}},{"type":"Feature","properties":{"id":"1311489556","name":"","highway":"residential","oneway":"no","maxspeed":""},"geometry":{"type":"LineString","coordinates":[[77.6130518,13.0339517],[77.6128802,13.0339569],[77.6127283,13.033987]]}},{"type":"Feature","properties":{"id":"1311489557","name":"","highway":"residential","oneway":"no","maxspeed":""},"geometry":{"type":"LineString","coordinates":[[77.6127283,13.033987],[77.6124974,13.0340213]]}},{"type":"Feature","properties":{"id":"1311949652","name":"","highway":"residential","oneway":"no","maxspeed":""},"geometry":{"type":"LineString","coordinates":[[77.6190431,13.0627738],[77.6190577,13.0627532],[77.6190658,13.0626069],[77.6190812,13.0623292],[77.6190883,13.0623058],[77.6191288,13.0622812],[77.6191913,13.0622723],[77.6197664,13.0622902],[77.6197856,13.0622986],[77.6197893,13.0623135],[77.6197833,13.0625511]]}},{"type":"Feature","properties":{"id":"1311949653","name":"","highway":"residential","oneway":"no","maxspeed":""},"geometry":{"type":"LineString","coordinates":[[77.6190658,13.0626069],[77.6197416,13.0626167]]}},{"type":"Feature","properties":{"id":"1311949654","name":"","highway":"residential","oneway":"no","maxspeed":""},"geometry":{"type":"LineString","coordinates":[[77.6186483,13.0627688],[77.6190011,13.0627875],[77.6190431,13.0627738]]}},{"type":"Feature","properties":{"id":"1311986999","name":"","highway":"residential","oneway":"no","maxspeed":""},"geometry":{"type":"LineString","coordinates":[[77.6187101,13.0367919],[77.6194647,13.0367389],[77.619679,13.0367238]]}},{"type":"Feature","properties":{"id":"1312220392","name":"","highway":"residential","oneway":"no","maxspeed":""},"geometry":{"type":"LineString","coordinates":[[77.6089307,13.064805],[77.6094363,13.064789],[77.609521,13.0647863]]}},{"type":"Feature","properties":{"id":"1312386850","name":"","highway":"service","oneway":"no","maxspeed":""},"geometry":{"type":"LineString","coordinates":[[77.6190958,13.0429534],[77.6191317,13.042934],[77.6191538,13.0428961],[77.6191555,13.0426907],[77.6191643,13.0425551],[77.6192008,13.0424315]]}},{"type":"Feature","properties":{"id":"1312393348","name":"","highway":"service","oneway":"yes","maxspeed":""},"geometry":{"type":"LineString","coordinates":[[77.5938487,13.0519815],[77.593736,13.0520078],[77.5936385,13.0520304]]}},{"type":"Feature","properties":{"id":"1312470228","name":"","highway":"service","oneway":"no","maxspeed":""},"geometry":{"type":"LineString","coordinates":[[77.5936758,13.0509745],[77.59369,13.0510445]]}},{"type":"Feature","properties":{"id":"1312767818","name":"","highway":"service","oneway":"no","maxspeed":""},"geometry":{"type":"LineString","coordinates":[[77.6133791,13.0481163],[77.6139582,13.0481852]]}},{"type":"Feature","properties":{"id":"1312767819","name":"","highway":"service","oneway":"no","maxspeed":""},"geometry":{"type":"LineString","coordinates":[[77.6167328,13.0477845],[77.616757,13.0478994]]}},{"type":"Feature","properties":{"id":"1312774052","name":"","highway":"residential","oneway":"no","maxspeed":""},"geometry":{"type":"LineString","coordinates":[[77.6032335,13.0383394],[77.6032113,13.0381298]]}},{"type":"Feature","properties":{"id":"1312775258","name":"","highway":"service","oneway":"no","maxspeed":""},"geometry":{"type":"LineString","coordinates":[[77.6046508,13.0381479],[77.6045846,13.0381626],[77.6044127,13.0382006],[77.6041443,13.0382534],[77.6040061,13.0382613],[77.6039167,13.0382349],[77.6038598,13.0382085],[77.6037785,13.0381452]]}},{"type":"Feature","properties":{"id":"1312798118","name":"","highway":"service","oneway":"no","maxspeed":""},"geometry":{"type":"LineString","coordinates":[[77.5936437,13.0566353],[77.5939689,13.0565455]]}},{"type":"Feature","properties":{"id":"1312812442","name":"","highway":"service","oneway":"no","maxspeed":""},"geometry":{"type":"LineString","coordinates":[[77.6187971,13.0408148],[77.6187664,13.0407268],[77.6187419,13.0406866],[77.6187158,13.0406753],[77.6186942,13.0406768],[77.6186129,13.040705],[77.6185979,13.040719],[77.6185847,13.0407407],[77.618592,13.0407984],[77.6186183,13.0408871]]}},{"type":"Feature","properties":{"id":"1313011324","name":"","highway":"service","oneway":"yes","maxspeed":""},"geometry":{"type":"LineString","coordinates":[[77.5932484,13.0547235],[77.5927909,13.0547019],[77.5927274,13.0546989],[77.5926778,13.0546715],[77.5926598,13.0545145],[77.5926416,13.0543556],[77.5926241,13.0542025],[77.5926088,13.054078]]}},{"type":"Feature","properties":{"id":"1313011325","name":"","highway":"service","oneway":"no","maxspeed":""},"geometry":{"type":"LineString","coordinates":[[77.5920947,13.0544389],[77.5926416,13.0543556]]}},{"type":"Feature","properties":{"id":"1313011326","name":"","highway":"service","oneway":"no","maxspeed":""},"geometry":{"type":"LineString","coordinates":[[77.5923563,13.0548497],[77.5923444,13.0548963],[77.5923195,13.0549336],[77.592271,13.0549622],[77.5915222,13.0550943],[77.5914613,13.0551004],[77.5914214,13.0550819],[77.5913947,13.055071],[77.5913776,13.0550705],[77.5910439,13.0551488]]}},{"type":"Feature","properties":{"id":"1313011540","name":"","highway":"residential","oneway":"yes","maxspeed":""},"geometry":{"type":"LineString","coordinates":[[77.6013373,13.0462032],[77.6012561,13.0461881],[77.6011066,13.0461604]]}},{"type":"Feature","properties":{"id":"1313011541","name":"","highway":"residential","oneway":"no","maxspeed":""},"geometry":{"type":"LineString","coordinates":[[77.6038688,13.0463658],[77.6038768,13.0463543],[77.6038807,13.0463338],[77.60385,13.0461307],[77.6038427,13.0461178],[77.6038276,13.0461114],[77.603745,13.0461193]]}},{"type":"Feature","properties":{"id":"1313011542","name":"","highway":"residential","oneway":"no","maxspeed":""},"geometry":{"type":"LineString","coordinates":[[77.6013373,13.0462032],[77.6013041,13.0463354]]}},{"type":"Feature","properties":{"id":"1313240746","name":"","highway":"service","oneway":"yes","maxspeed":""},"geometry":{"type":"LineString","coordinates":[[77.5938777,13.0575753],[77.5938381,13.0576078],[77.5936559,13.0576256]]}},{"type":"Feature","properties":{"id":"1313248011","name":"","highway":"service","oneway":"no","maxspeed":""},"geometry":{"type":"LineString","coordinates":[[77.592404,13.0573932],[77.5921606,13.0574329]]}},{"type":"Feature","properties":{"id":"1313397976","name":"","highway":"service","oneway":"yes","maxspeed":""},"geometry":{"type":"LineString","coordinates":[[77.6172129,13.0410365],[77.6172378,13.0411088]]}},{"type":"Feature","properties":{"id":"1313749903","name":"","highway":"service","oneway":"no","maxspeed":""},"geometry":{"type":"LineString","coordinates":[[77.5952222,13.0572673],[77.5952601,13.0573615],[77.5952653,13.0573859],[77.5952561,13.0574054],[77.5952379,13.0574191],[77.5950466,13.0574873]]}},{"type":"Feature","properties":{"id":"1313759603","name":"","highway":"service","oneway":"yes","maxspeed":""},"geometry":{"type":"LineString","coordinates":[[77.5935443,13.0631454],[77.5936728,13.063133],[77.5937026,13.0631301]]}},{"type":"Feature","properties":{"id":"1313759604","name":"","highway":"service","oneway":"no","maxspeed":""},"geometry":{"type":"LineString","coordinates":[[77.5937026,13.0631301],[77.5938212,13.0631082],[77.5943467,13.0630114],[77.5941247,13.0624376],[77.5938547,13.0624868],[77.5937373,13.0625083]]}},{"type":"Feature","properties":{"id":"1314329370","name":"","highway":"service","oneway":"no","maxspeed":""},"geometry":{"type":"LineString","coordinates":[[77.5960112,13.0510555],[77.5961376,13.0510335]]}},{"type":"Feature","properties":{"id":"1314560639","name":"Nagawara Flyover","highway":"trunk","oneway":"yes","maxspeed":"60"},"geometry":{"type":"LineString","coordinates":[[77.6223149,13.0412142],[77.6226667,13.0412308]]}},{"type":"Feature","properties":{"id":"1314598515","name":"Flyover","highway":"trunk_link","oneway":"yes","maxspeed":""},"geometry":{"type":"LineString","coordinates":[[77.5929377,13.0432443],[77.5930246,13.043174]]}},{"type":"Feature","properties":{"id":"1314598516","name":"Flyover Ramp","highway":"trunk_link","oneway":"yes","maxspeed":"60"},"geometry":{"type":"LineString","coordinates":[[77.5930209,13.0432606],[77.5930246,13.043174]]}},{"type":"Feature","properties":{"id":"1314623507","name":"","highway":"residential","oneway":"no","maxspeed":""},"geometry":{"type":"LineString","coordinates":[[77.5922936,13.0404173],[77.5922752,13.0401481]]}},{"type":"Feature","properties":{"id":"1314875625","name":"","highway":"tertiary","oneway":"yes","maxspeed":""},"geometry":{"type":"LineString","coordinates":[[77.5899974,13.0412085],[77.5899328,13.0409068],[77.5898466,13.0405207],[77.5897923,13.0402163]]}},{"type":"Feature","properties":{"id":"1315006885","name":"","highway":"service","oneway":"no","maxspeed":""},"geometry":{"type":"LineString","coordinates":[[77.6053204,13.0472168],[77.6053526,13.0471956],[77.6053884,13.0471807],[77.6054263,13.0471724],[77.6054631,13.047171],[77.6054996,13.0471758],[77.6055346,13.0471869],[77.6055671,13.0472037],[77.605627,13.047247],[77.605661,13.0472717]]}},{"type":"Feature","properties":{"id":"1315256152","name":"","highway":"residential","oneway":"no","maxspeed":""},"geometry":{"type":"LineString","coordinates":[[77.6154372,13.0668387],[77.6165736,13.0667623]]}},{"type":"Feature","properties":{"id":"1316076012","name":"","highway":"residential","oneway":"no","maxspeed":""},"geometry":{"type":"LineString","coordinates":[[77.6173146,13.0638955],[77.6177258,13.0639278],[77.6183998,13.0639808]]}},{"type":"Feature","properties":{"id":"1316078074","name":"","highway":"residential","oneway":"no","maxspeed":""},"geometry":{"type":"LineString","coordinates":[[77.6228398,13.0616285],[77.6231047,13.0616158]]}},{"type":"Feature","properties":{"id":"1316078075","name":"","highway":"residential","oneway":"no","maxspeed":""},"geometry":{"type":"LineString","coordinates":[[77.6237243,13.0625113],[77.6240328,13.0624904]]}},{"type":"Feature","properties":{"id":"1316084137","name":"","highway":"tertiary","oneway":"yes","maxspeed":""},"geometry":{"type":"LineString","coordinates":[[77.6104811,13.0430774],[77.6105711,13.0430593],[77.6106994,13.0430309],[77.6119234,13.0427598],[77.6133351,13.0424489],[77.6135751,13.0423961]]}},{"type":"Feature","properties":{"id":"1316084138","name":"Service Road","highway":"tertiary","oneway":"yes","maxspeed":""},"geometry":{"type":"LineString","coordinates":[[77.6136204,13.0419819],[77.6135622,13.042006]]}},{"type":"Feature","properties":{"id":"1316084139","name":"Kempapura Road","highway":"tertiary","oneway":"yes","maxspeed":""},"geometry":{"type":"LineString","coordinates":[[77.6136204,13.0419819],[77.6135853,13.0419076]]}},{"type":"Feature","properties":{"id":"1316321190","name":"","highway":"residential","oneway":"no","maxspeed":""},"geometry":{"type":"LineString","coordinates":[[77.5954085,13.0637393],[77.5953414,13.0631042]]}},{"type":"Feature","properties":{"id":"1316888482","name":"4th Cross Road","highway":"residential","oneway":"no","maxspeed":""},"geometry":{"type":"LineString","coordinates":[[77.595399,13.0316577],[77.5955828,13.0316569]]}},{"type":"Feature","properties":{"id":"1316918341","name":"","highway":"residential","oneway":"no","maxspeed":""},"geometry":{"type":"LineString","coordinates":[[77.5918561,13.0379002],[77.5918295,13.0376627],[77.5918301,13.0376477],[77.5918425,13.0376402],[77.591855,13.0376367],[77.592207,13.0376113],[77.5922349,13.0376142],[77.5922556,13.0376194],[77.5922687,13.0376327],[77.5923285,13.0376766],[77.5923724,13.0377037],[77.592386,13.0377279],[77.592389,13.0377545],[77.5923896,13.0377938],[77.5923878,13.037833],[77.5923839,13.0378551]]}},{"type":"Feature","properties":{"id":"1316921284","name":"","highway":"residential","oneway":"no","maxspeed":""},"geometry":{"type":"LineString","coordinates":[[77.5936945,13.0408544],[77.5936756,13.0407686],[77.5936121,13.0404721],[77.593518,13.0399547]]}},{"type":"Feature","properties":{"id":"1316926161","name":"","highway":"service","oneway":"no","maxspeed":""},"geometry":{"type":"LineString","coordinates":[[77.5912983,13.0353124],[77.5907151,13.0353257],[77.5906493,13.0353279]]}},{"type":"Feature","properties":{"id":"1316926162","name":"","highway":"service","oneway":"no","maxspeed":""},"geometry":{"type":"LineString","coordinates":[[77.5907151,13.0353257],[77.5908061,13.0352961],[77.5912921,13.0351377]]}},{"type":"Feature","properties":{"id":"1316926163","name":"","highway":"service","oneway":"no","maxspeed":""},"geometry":{"type":"LineString","coordinates":[[77.5911761,13.0355068],[77.5912515,13.0354921],[77.5912716,13.0354725],[77.591285,13.0354464],[77.5912972,13.035404],[77.5912983,13.0353124],[77.5912921,13.0351377],[77.5912901,13.0350822]]}},{"type":"Feature","properties":{"id":"1316926164","name":"","highway":"service","oneway":"no","maxspeed":""},"geometry":{"type":"LineString","coordinates":[[77.590768,13.0351063],[77.5908061,13.0352961]]}},{"type":"Feature","properties":{"id":"1317500533","name":"","highway":"residential","oneway":"yes","maxspeed":""},"geometry":{"type":"LineString","coordinates":[[77.5938218,13.0548066],[77.5939562,13.0548086]]}},{"type":"Feature","properties":{"id":"1317500534","name":"","highway":"residential","oneway":"yes","maxspeed":""},"geometry":{"type":"LineString","coordinates":[[77.5937128,13.0548049],[77.5938218,13.0548066]]}},{"type":"Feature","properties":{"id":"1317500535","name":"","highway":"residential","oneway":"yes","maxspeed":""},"geometry":{"type":"LineString","coordinates":[[77.5938327,13.0547275],[77.5937192,13.0547286]]}},{"type":"Feature","properties":{"id":"1317500612","name":"","highway":"residential","oneway":"yes","maxspeed":""},"geometry":{"type":"LineString","coordinates":[[77.5939619,13.0547245],[77.5939252,13.0547254],[77.5938862,13.0547263],[77.5938327,13.0547275]]}},{"type":"Feature","properties":{"id":"1317504795","name":"","highway":"residential","oneway":"no","maxspeed":""},"geometry":{"type":"LineString","coordinates":[[77.5977714,13.0399505],[77.5974277,13.0399501]]}},{"type":"Feature","properties":{"id":"1317504796","name":"","highway":"residential","oneway":"no","maxspeed":""},"geometry":{"type":"LineString","coordinates":[[77.5971492,13.0399218],[77.5971571,13.0400924]]}},{"type":"Feature","properties":{"id":"1317510748","name":"","highway":"residential","oneway":"no","maxspeed":""},"geometry":{"type":"LineString","coordinates":[[77.5971936,13.0402888],[77.5974072,13.0402668],[77.5974307,13.0402627],[77.5974416,13.0402578],[77.5974517,13.0402497],[77.5974559,13.0402374],[77.5974277,13.0399501],[77.5974131,13.0398011]]}},{"type":"Feature","properties":{"id":"1317513391","name":"","highway":"residential","oneway":"no","maxspeed":""},"geometry":{"type":"LineString","coordinates":[[77.6023445,13.0525937],[77.6023071,13.0523565]]}},{"type":"Feature","properties":{"id":"1317513587","name":"Amruth Nagar Main Road","highway":"tertiary","oneway":"no","maxspeed":""},"geometry":{"type":"LineString","coordinates":[[77.5982123,13.0567197],[77.598411,13.0571831],[77.5984675,13.0572875]]}},{"type":"Feature","properties":{"id":"1317551163","name":"","highway":"residential","oneway":"no","maxspeed":""},"geometry":{"type":"LineString","coordinates":[[77.6226212,13.0380659],[77.6223457,13.0381189]]}},{"type":"Feature","properties":{"id":"1317551450","name":"","highway":"residential","oneway":"no","maxspeed":""},"geometry":{"type":"LineString","coordinates":[[77.6229107,13.0386734],[77.6230711,13.0387137],[77.6231012,13.0387349],[77.623123,13.0387692]]}},{"type":"Feature","properties":{"id":"1317552880","name":"","highway":"residential","oneway":"no","maxspeed":""},"geometry":{"type":"LineString","coordinates":[[77.6224022,13.0368861],[77.6223291,13.0368315]]}},{"type":"Feature","properties":{"id":"1317553206","name":"","highway":"residential","oneway":"no","maxspeed":""},"geometry":{"type":"LineString","coordinates":[[77.6205821,13.036057],[77.6207444,13.0360715]]}},{"type":"Feature","properties":{"id":"1317553207","name":"","highway":"residential","oneway":"no","maxspeed":""},"geometry":{"type":"LineString","coordinates":[[77.6209231,13.0363092],[77.6209213,13.0360846]]}},{"type":"Feature","properties":{"id":"1318313131","name":"","highway":"residential","oneway":"no","maxspeed":""},"geometry":{"type":"LineString","coordinates":[[77.5935212,13.0420245],[77.5935007,13.0419422]]}},{"type":"Feature","properties":{"id":"1318606056","name":"","highway":"living_street","oneway":"no","maxspeed":""},"geometry":{"type":"LineString","coordinates":[[77.6119251,13.0576737],[77.6120628,13.0576687],[77.6120634,13.057472]]}},{"type":"Feature","properties":{"id":"1318933989","name":"","highway":"service","oneway":"no","maxspeed":""},"geometry":{"type":"LineString","coordinates":[[77.6224307,13.065905],[77.6223277,13.0653784]]}},{"type":"Feature","properties":{"id":"1319419832","name":"","highway":"service","oneway":"no","maxspeed":""},"geometry":{"type":"LineString","coordinates":[[77.5927115,13.0488656],[77.5928435,13.0488151],[77.5929326,13.0487811]]}},{"type":"Feature","properties":{"id":"1319419833","name":"","highway":"service","oneway":"no","maxspeed":""},"geometry":{"type":"LineString","coordinates":[[77.5929326,13.0487811],[77.5929454,13.0488192],[77.5929568,13.0488301],[77.5929684,13.0488379],[77.5929827,13.0488447],[77.5930024,13.0488498],[77.5930223,13.048843],[77.5930319,13.0488341],[77.5930368,13.0488218],[77.5930315,13.0487986]]}},{"type":"Feature","properties":{"id":"1319419834","name":"","highway":"service","oneway":"no","maxspeed":""},"geometry":{"type":"LineString","coordinates":[[77.5930008,13.0486881],[77.5929876,13.0486617],[77.5929725,13.0486554],[77.5929581,13.0486595],[77.5929455,13.0486657],[77.5929306,13.0486789],[77.5929217,13.0486976],[77.5929189,13.0487241],[77.5929326,13.0487811]]}},{"type":"Feature","properties":{"id":"1319419835","name":"","highway":"service","oneway":"no","maxspeed":""},"geometry":{"type":"LineString","coordinates":[[77.5930315,13.0487986],[77.5930008,13.0486881]]}},{"type":"Feature","properties":{"id":"1319419836","name":"","highway":"service","oneway":"no","maxspeed":""},"geometry":{"type":"LineString","coordinates":[[77.5930223,13.048843],[77.5930463,13.0488698],[77.5930692,13.048886],[77.5930936,13.0488932],[77.5931139,13.0488914],[77.5933633,13.0488017],[77.5934035,13.0487826],[77.5934561,13.04875],[77.5934918,13.0487228],[77.5935174,13.048692],[77.5935231,13.0486679],[77.5935206,13.0486408],[77.5935066,13.0485866]]}},{"type":"Feature","properties":{"id":"1320228576","name":"","highway":"residential","oneway":"yes","maxspeed":""},"geometry":{"type":"LineString","coordinates":[[77.6235212,13.0614477],[77.623505,13.0612688],[77.6235056,13.0612416],[77.6235066,13.0611945]]}},{"type":"Feature","properties":{"id":"1320228577","name":"","highway":"residential","oneway":"yes","maxspeed":""},"geometry":{"type":"LineString","coordinates":[[77.6234273,13.0612031],[77.6234496,13.0612479],[77.6234596,13.0612741],[77.6234823,13.0614516]]}},{"type":"Feature","properties":{"id":"1320228578","name":"","highway":"residential","oneway":"no","maxspeed":""},"geometry":{"type":"LineString","coordinates":[[77.6234273,13.0612031],[77.6235066,13.0611945]]}},{"type":"Feature","properties":{"id":"1320228579","name":"","highway":"residential","oneway":"no","maxspeed":""},"geometry":{"type":"LineString","coordinates":[[77.6235056,13.0612416],[77.6237866,13.0612162],[77.6238135,13.061194]]}},{"type":"Feature","properties":{"id":"1320228580","name":"","highway":"residential","oneway":"no","maxspeed":""},"geometry":{"type":"LineString","coordinates":[[77.6234496,13.0612479],[77.6232609,13.0612662],[77.6231997,13.0612622],[77.6231582,13.0612329]]}},{"type":"Feature","properties":{"id":"1320229052","name":"","highway":"residential","oneway":"no","maxspeed":""},"geometry":{"type":"LineString","coordinates":[[77.6224025,13.0605157],[77.622408,13.0604909],[77.6224501,13.0604573],[77.6226838,13.0604309]]}},{"type":"Feature","properties":{"id":"1320229053","name":"","highway":"residential","oneway":"no","maxspeed":""},"geometry":{"type":"LineString","coordinates":[[77.6224372,13.0608573],[77.6224819,13.060916],[77.6225964,13.0609444],[77.6227712,13.0609358],[77.6228851,13.0609299],[77.6229223,13.0609021],[77.6229305,13.060883]]}},{"type":"Feature","properties":{"id":"1320232720","name":"","highway":"residential","oneway":"no","maxspeed":""},"geometry":{"type":"LineString","coordinates":[[77.6226786,13.0624283],[77.6224094,13.0624452],[77.6221533,13.0624557],[77.6220827,13.062468],[77.6220719,13.0624977],[77.6220746,13.0625373],[77.6221004,13.0625677],[77.6221552,13.0625723],[77.6223639,13.0625585],[77.6224171,13.0625566],[77.6224133,13.0624984],[77.6224094,13.0624452]]}},{"type":"Feature","properties":{"id":"1320232721","name":"","highway":"residential","oneway":"yes","maxspeed":""},"geometry":{"type":"LineString","coordinates":[[77.6226812,13.0624567],[77.6227274,13.0624526],[77.6228038,13.0624458]]}},{"type":"Feature","properties":{"id":"1320232722","name":"","highway":"residential","oneway":"no","maxspeed":""},"geometry":{"type":"LineString","coordinates":[[77.6224414,13.0628963],[77.6224171,13.0625566]]}},{"type":"Feature","properties":{"id":"1320232723","name":"","highway":"residential","oneway":"no","maxspeed":""},"geometry":{"type":"LineString","coordinates":[[77.6226771,13.0624125],[77.6226786,13.0624283],[77.6226812,13.0624567]]}},{"type":"Feature","properties":{"id":"1320232724","name":"","highway":"residential","oneway":"yes","maxspeed":""},"geometry":{"type":"LineString","coordinates":[[77.6227996,13.0624029],[77.6227223,13.0624089],[77.6226771,13.0624125]]}},{"type":"Feature","properties":{"id":"1320318626","name":"","highway":"residential","oneway":"yes","maxspeed":""},"geometry":{"type":"LineString","coordinates":[[77.6102225,13.0595449],[77.6103448,13.0595371],[77.6104587,13.0595298]]}},{"type":"Feature","properties":{"id":"1321825013","name":"","highway":"residential","oneway":"yes","maxspeed":""},"geometry":{"type":"LineString","coordinates":[[77.6168708,13.0657325],[77.6168733,13.0658194],[77.616875,13.0658818]]}},{"type":"Feature","properties":{"id":"1321825014","name":"","highway":"residential","oneway":"no","maxspeed":""},"geometry":{"type":"LineString","coordinates":[[77.616875,13.0658818],[77.6169377,13.0658805]]}},{"type":"Feature","properties":{"id":"1322444190","name":"","highway":"residential","oneway":"yes","maxspeed":""},"geometry":{"type":"LineString","coordinates":[[77.5988341,13.0659536],[77.5988194,13.0660292],[77.5987503,13.0660582]]}},{"type":"Feature","properties":{"id":"1322452949","name":"","highway":"residential","oneway":"yes","maxspeed":""},"geometry":{"type":"LineString","coordinates":[[77.6102372,13.0594295],[77.6100125,13.059437],[77.6098554,13.05947],[77.6097414,13.059491]]}},{"type":"Feature","properties":{"id":"1322452950","name":"","highway":"residential","oneway":"no","maxspeed":""},"geometry":{"type":"LineString","coordinates":[[77.6102372,13.0594295],[77.6102225,13.0595449]]}},{"type":"Feature","properties":{"id":"1322871618","name":"","highway":"tertiary","oneway":"yes","maxspeed":""},"geometry":{"type":"LineString","coordinates":[[77.6135751,13.0423961],[77.6136394,13.0423717]]}},{"type":"Feature","properties":{"id":"1322871619","name":"Kempapura Road","highway":"tertiary","oneway":"yes","maxspeed":""},"geometry":{"type":"LineString","coordinates":[[77.6136394,13.0423717],[77.6136373,13.0423281],[77.6136292,13.0421634],[77.6136204,13.0419819]]}},{"type":"Feature","properties":{"id":"1324076241","name":"","highway":"residential","oneway":"no","maxspeed":""},"geometry":{"type":"LineString","coordinates":[[77.6006359,13.0315784],[77.6004276,13.0316206],[77.600378,13.0316365]]}},{"type":"Feature","properties":{"id":"1335925433","name":"Nagawara Main Road","highway":"secondary","oneway":"yes","maxspeed":""},"geometry":{"type":"LineString","coordinates":[[77.6203134,13.0271741],[77.6203612,13.0273233],[77.6204771,13.0278115],[77.6205459,13.0280297],[77.620599,13.0284477],[77.6206161,13.028654],[77.6206411,13.0289306],[77.6206466,13.0289764],[77.6206486,13.0289929],[77.6206722,13.0291891],[77.6207194,13.0293734],[77.6208862,13.0299798],[77.6208983,13.0300206],[77.6209163,13.0300622],[77.6210129,13.0302253],[77.621044,13.030284],[77.6210916,13.0303934],[77.6212637,13.0307985],[77.6213321,13.030952],[77.6214967,13.0313245],[77.6215836,13.0315243],[77.6216739,13.0317318],[77.6217622,13.0319335],[77.62177,13.0319501],[77.6218007,13.0320161]]}},{"type":"Feature","properties":{"id":"1344809145","name":"","highway":"service","oneway":"no","maxspeed":""},"geometry":{"type":"LineString","coordinates":[[77.6223228,13.0555794],[77.6223179,13.0555406],[77.6222813,13.0552502]]}},{"type":"Feature","properties":{"id":"1344809149","name":"","highway":"service","oneway":"no","maxspeed":""},"geometry":{"type":"LineString","coordinates":[[77.622532,13.0542906],[77.6224837,13.0542909],[77.6224094,13.0542913],[77.6223963,13.0542899],[77.6223846,13.0542841],[77.622375,13.0542734],[77.6223705,13.0542599],[77.6223669,13.0542333],[77.6223578,13.0542079],[77.6223437,13.0541848],[77.6223243,13.0541643],[77.6223009,13.0541482],[77.6222746,13.0541371]]}},{"type":"Feature","properties":{"id":"1349699192","name":"","highway":"trunk_link","oneway":"yes","maxspeed":""},"geometry":{"type":"LineString","coordinates":[[77.5914894,13.0458502],[77.5915137,13.0453302],[77.5914968,13.0451489],[77.5914654,13.0448128],[77.5914118,13.0442171],[77.591394,13.0441238],[77.5913689,13.0440322],[77.5913367,13.0439427],[77.5912934,13.043848],[77.591242,13.0437573],[77.591183,13.043671],[77.5911167,13.04359],[77.5909719,13.0433966],[77.5909461,13.0433559],[77.5909261,13.0433121],[77.5909123,13.0432662],[77.5909048,13.0432189],[77.5909043,13.0431642],[77.5908765,13.042981]]}},{"type":"Feature","properties":{"id":"1350828116","name":"Nagawara Flyover","highway":"trunk","oneway":"yes","maxspeed":"60"},"geometry":{"type":"LineString","coordinates":[[77.6226667,13.0412308],[77.6228755,13.0412301],[77.6230759,13.0412098],[77.6232637,13.041166],[77.6234701,13.0410948],[77.6236445,13.0410065]]}},{"type":"Feature","properties":{"id":"1351975769","name":"","highway":"service","oneway":"no","maxspeed":""},"geometry":{"type":"LineString","coordinates":[[77.6206471,13.0413881],[77.6206738,13.0412639]]}},{"type":"Feature","properties":{"id":"1351975770","name":"","highway":"service","oneway":"no","maxspeed":""},"geometry":{"type":"LineString","coordinates":[[77.6203791,13.041367],[77.6203941,13.0413969]]}},{"type":"Feature","properties":{"id":"1351990433","name":"","highway":"residential","oneway":"no","maxspeed":""},"geometry":{"type":"LineString","coordinates":[[77.5973757,13.0512825],[77.5976365,13.0512349]]}},{"type":"Feature","properties":{"id":"1351990434","name":"","highway":"residential","oneway":"no","maxspeed":""},"geometry":{"type":"LineString","coordinates":[[77.5970846,13.050108],[77.5975012,13.0500726]]}},{"type":"Feature","properties":{"id":"1351990435","name":"","highway":"residential","oneway":"no","maxspeed":""},"geometry":{"type":"LineString","coordinates":[[77.5971919,13.0504843],[77.5975624,13.0504402]]}},{"type":"Feature","properties":{"id":"1352271701","name":"","highway":"residential","oneway":"no","maxspeed":""},"geometry":{"type":"LineString","coordinates":[[77.5951677,13.0545338],[77.595394,13.0545486]]}},{"type":"Feature","properties":{"id":"1352271702","name":"","highway":"residential","oneway":"yes","maxspeed":""},"geometry":{"type":"LineString","coordinates":[[77.5951146,13.0542864],[77.5940041,13.054482],[77.5939694,13.0544886],[77.5937347,13.0545329]]}},{"type":"Feature","properties":{"id":"1352271703","name":"","highway":"residential","oneway":"no","maxspeed":""},"geometry":{"type":"LineString","coordinates":[[77.5977057,13.0549047],[77.5976594,13.0548744],[77.5976109,13.0548612],[77.5974706,13.0548586]]}},{"type":"Feature","properties":{"id":"1352314455","name":"","highway":"residential","oneway":"no","maxspeed":""},"geometry":{"type":"LineString","coordinates":[[77.6177258,13.0639278],[77.6177128,13.0641687]]}},{"type":"Feature","properties":{"id":"1356833971","name":"","highway":"residential","oneway":"yes","maxspeed":""},"geometry":{"type":"LineString","coordinates":[[77.6226173,13.0616876],[77.6226132,13.0616256],[77.6226051,13.0615028]]}},{"type":"Feature","properties":{"id":"1357154243","name":"","highway":"service","oneway":"yes","maxspeed":""},"geometry":{"type":"LineString","coordinates":[[77.6094564,13.0417132],[77.6094682,13.0417309],[77.6094857,13.0417405],[77.6095033,13.0417417],[77.6095057,13.0417417]]}},{"type":"Feature","properties":{"id":"1359488076","name":"5th Main Road","highway":"residential","oneway":"no","maxspeed":"30"},"geometry":{"type":"LineString","coordinates":[[77.5899875,13.0320145],[77.5908408,13.0318958]]}},{"type":"Feature","properties":{"id":"1359488077","name":"","highway":"residential","oneway":"no","maxspeed":""},"geometry":{"type":"LineString","coordinates":[[77.5908894,13.032144],[77.5908408,13.0318958]]}},{"type":"Feature","properties":{"id":"1368339779","name":"","highway":"tertiary_link","oneway":"yes","maxspeed":""},"geometry":{"type":"LineString","coordinates":[[77.6191188,13.0443085],[77.6192161,13.0443986]]}},{"type":"Feature","properties":{"id":"1368339780","name":"","highway":"tertiary_link","oneway":"yes","maxspeed":""},"geometry":{"type":"LineString","coordinates":[[77.6192221,13.043149],[77.6189607,13.0433169],[77.6189101,13.0434533],[77.6189027,13.0435762],[77.619034,13.0442114],[77.6191188,13.0443085]]}},{"type":"Feature","properties":{"id":"1368343022","name":"","highway":"trunk_link","oneway":"yes","maxspeed":""},"geometry":{"type":"LineString","coordinates":[[77.6023328,13.043822],[77.6024357,13.0437294]]}},{"type":"Feature","properties":{"id":"1368374289","name":"","highway":"trunk_link","oneway":"no","maxspeed":""},"geometry":{"type":"LineString","coordinates":[[77.5908765,13.042981],[77.5908044,13.0427244]]}},{"type":"Feature","properties":{"id":"1369861801","name":"","highway":"residential","oneway":"yes","maxspeed":""},"geometry":{"type":"LineString","coordinates":[[77.5964758,13.0556585],[77.5964728,13.0556224],[77.5964665,13.055546]]}},{"type":"Feature","properties":{"id":"1369862142","name":"60 Feet Road","highway":"tertiary","oneway":"no","maxspeed":""},"geometry":{"type":"LineString","coordinates":[[77.5912502,13.0633863],[77.5913535,13.0633351],[77.5916449,13.0632174],[77.5919635,13.063061]]}},{"type":"Feature","properties":{"id":"1369862143","name":"","highway":"residential","oneway":"no","maxspeed":""},"geometry":{"type":"LineString","coordinates":[[77.59212,13.0629838],[77.5921214,13.0629339],[77.5921416,13.0626102]]}},{"type":"Feature","properties":{"id":"1369862144","name":"60 Feet Road","highway":"tertiary","oneway":"no","maxspeed":""},"geometry":{"type":"LineString","coordinates":[[77.59212,13.0629838],[77.592307,13.0628916]]}},{"type":"Feature","properties":{"id":"1369862145","name":"60 Feet Road","highway":"tertiary","oneway":"no","maxspeed":""},"geometry":{"type":"LineString","coordinates":[[77.592307,13.0628916],[77.5924391,13.0628265],[77.5926631,13.062716],[77.5927747,13.062661],[77.5931717,13.0624648]]}},{"type":"Feature","properties":{"id":"1369863310","name":"","highway":"residential","oneway":"no","maxspeed":""},"geometry":{"type":"LineString","coordinates":[[77.6061882,13.0644864],[77.6061939,13.064462],[77.6063155,13.0639425],[77.6064163,13.0635099],[77.6064146,13.0634323],[77.6063845,13.0633737],[77.6063155,13.0633392],[77.6059887,13.0633046],[77.6056324,13.0632668],[77.6056041,13.0632996],[77.605597,13.0633789],[77.6055616,13.0638838],[77.6055457,13.0641115],[77.6055528,13.0641804],[77.6056271,13.0642252],[77.6057262,13.0642459],[77.6057581,13.0643063],[77.6057616,13.0643528],[77.6057704,13.064408],[77.6058306,13.0644442],[77.6059048,13.064448],[77.6061939,13.064462]]}},{"type":"Feature","properties":{"id":"1369863311","name":"","highway":"residential","oneway":"no","maxspeed":""},"geometry":{"type":"LineString","coordinates":[[77.6059048,13.064448],[77.6059443,13.0639098],[77.6059887,13.0633046]]}},{"type":"Feature","properties":{"id":"1369863312","name":"","highway":"residential","oneway":"no","maxspeed":""},"geometry":{"type":"LineString","coordinates":[[77.6059443,13.0639098],[77.6055616,13.0638838]]}},{"type":"Feature","properties":{"id":"1369863313","name":"","highway":"residential","oneway":"yes","maxspeed":""},"geometry":{"type":"LineString","coordinates":[[77.6061882,13.0644864],[77.6061726,13.064503],[77.6061622,13.0645309],[77.6061472,13.0645714]]}},{"type":"Feature","properties":{"id":"1369863314","name":"","highway":"residential","oneway":"yes","maxspeed":""},"geometry":{"type":"LineString","coordinates":[[77.6061788,13.0645748],[77.6061863,13.0645413],[77.6061938,13.0645077],[77.6061882,13.0644864]]}},{"type":"Feature","properties":{"id":"1369864968","name":"Kempapura Road","highway":"tertiary","oneway":"yes","maxspeed":""},"geometry":{"type":"LineString","coordinates":[[77.6135705,13.0421799],[77.6135672,13.0423171],[77.6135751,13.0423961]]}},{"type":"Feature","properties":{"id":"1369864969","name":"Outer Ring Road","highway":"tertiary","oneway":"yes","maxspeed":""},"geometry":{"type":"LineString","coordinates":[[77.6136292,13.0421634],[77.6135705,13.0421799]]}},{"type":"Feature","properties":{"id":"1370766269","name":"","highway":"service","oneway":"no","maxspeed":""},"geometry":{"type":"LineString","coordinates":[[77.5959575,13.0417828],[77.5959603,13.0415529]]}},{"type":"Feature","properties":{"id":"1370768861","name":"","highway":"service","oneway":"no","maxspeed":""},"geometry":{"type":"LineString","coordinates":[[77.6105612,13.0427325],[77.6105493,13.0426635],[77.6104849,13.0423952],[77.6104107,13.0420858],[77.6103794,13.0419986],[77.6103599,13.0419774],[77.6103464,13.0419552],[77.6103214,13.041882]]}},{"type":"Feature","properties":{"id":"1370768862","name":"","highway":"service","oneway":"no","maxspeed":""},"geometry":{"type":"LineString","coordinates":[[77.6104849,13.0423952],[77.6106101,13.0423427],[77.6106335,13.0423211],[77.610646,13.0422906],[77.610605,13.0419939]]}},{"type":"Feature","properties":{"id":"1370803736","name":"","highway":"service","oneway":"no","maxspeed":""},"geometry":{"type":"LineString","coordinates":[[77.6078533,13.043369],[77.6078455,13.0433176],[77.6075774,13.0415477]]}},{"type":"Feature","properties":{"id":"1370826285","name":"","highway":"service","oneway":"no","maxspeed":""},"geometry":{"type":"LineString","coordinates":[[77.5897954,13.0337086],[77.5896516,13.0334796]]}},{"type":"Feature","properties":{"id":"1370826286","name":"","highway":"service","oneway":"no","maxspeed":""},"geometry":{"type":"LineString","coordinates":[[77.5896516,13.0334796],[77.5895901,13.0333824]]}},{"type":"Feature","properties":{"id":"1371077487","name":"Amrutahalli Main Road","highway":"tertiary","oneway":"no","maxspeed":""},"geometry":{"type":"LineString","coordinates":[[77.6096505,13.0666608],[77.6097525,13.0666602],[77.6098769,13.0666861]]}},{"type":"Feature","properties":{"id":"1374034949","name":"Service Road","highway":"tertiary","oneway":"yes","maxspeed":""},"geometry":{"type":"LineString","coordinates":[[77.6135622,13.042006],[77.613456,13.0420324]]}},{"type":"Feature","properties":{"id":"1377247105","name":"","highway":"residential","oneway":"no","maxspeed":""},"geometry":{"type":"LineString","coordinates":[[77.6203697,13.0567536],[77.6207661,13.0566841],[77.6208302,13.0566729],[77.6212612,13.0566672],[77.6216201,13.0566625],[77.6223511,13.0566263]]}},{"type":"Feature","properties":{"id":"1378631981","name":"Kempapura Road","highway":"tertiary","oneway":"yes","maxspeed":""},"geometry":{"type":"LineString","coordinates":[[77.6136821,13.0425644],[77.6136394,13.0423717]]}},{"type":"Feature","properties":{"id":"1378631983","name":"","highway":"tertiary","oneway":"yes","maxspeed":""},"geometry":{"type":"LineString","coordinates":[[77.6138958,13.0422746],[77.6139978,13.0422176],[77.6141133,13.042153],[77.6142083,13.0420931],[77.6142582,13.0420617],[77.614414,13.0419633],[77.6145197,13.0419078],[77.6145969,13.0418673],[77.6147388,13.0418249],[77.6165154,13.0412496],[77.6167156,13.0411956],[77.6170262,13.0411286],[77.6171006,13.0411216],[77.6172378,13.0411088],[77.6173628,13.0410971],[77.6178415,13.0411331]]}},{"type":"Feature","properties":{"id":"1379880915","name":"","highway":"service","oneway":"no","maxspeed":""},"geometry":{"type":"LineString","coordinates":[[77.6093787,13.042848],[77.6091628,13.0420301],[77.6091618,13.0420165],[77.6091648,13.0420072],[77.609173,13.0419999],[77.6093456,13.0419533],[77.6093574,13.0419523],[77.6093661,13.0419548],[77.6093728,13.0419633],[77.609604,13.0427843]]}},{"type":"Feature","properties":{"id":"1379880916","name":"","highway":"service","oneway":"yes","maxspeed":""},"geometry":{"type":"LineString","coordinates":[[77.6096145,13.0428283],[77.6093899,13.0428907]]}},{"type":"Feature","properties":{"id":"1379880917","name":"","highway":"service","oneway":"yes","maxspeed":""},"geometry":{"type":"LineString","coordinates":[[77.609398,13.0429214],[77.609399,13.0429254],[77.6094001,13.0429291],[77.6094221,13.0430125]]}},{"type":"Feature","properties":{"id":"1379880918","name":"","highway":"service","oneway":"no","maxspeed":""},"geometry":{"type":"LineString","coordinates":[[77.609604,13.0427843],[77.6096145,13.0428283]]}},{"type":"Feature","properties":{"id":"1379880919","name":"","highway":"service","oneway":"no","maxspeed":""},"geometry":{"type":"LineString","coordinates":[[77.6093899,13.0428907],[77.6093787,13.042848]]}},{"type":"Feature","properties":{"id":"1379880920","name":"","highway":"service","oneway":"yes","maxspeed":""},"geometry":{"type":"LineString","coordinates":[[77.6096489,13.0429514],[77.6096278,13.0428761],[77.6096267,13.0428721],[77.6096244,13.042864]]}},{"type":"Feature","properties":{"id":"1379880921","name":"","highway":"service","oneway":"yes","maxspeed":""},"geometry":{"type":"LineString","coordinates":[[77.6093899,13.0428907],[77.609398,13.0429214]]}},{"type":"Feature","properties":{"id":"1379880922","name":"","highway":"service","oneway":"yes","maxspeed":""},"geometry":{"type":"LineString","coordinates":[[77.6096244,13.042864],[77.6096145,13.0428283]]}},{"type":"Feature","properties":{"id":"1382087677","name":"Outer Ring Road","highway":"trunk","oneway":"yes","maxspeed":"60"},"geometry":{"type":"LineString","coordinates":[[77.5901426,13.0427518],[77.5900804,13.042763],[77.5900175,13.0427814],[77.5898692,13.0427983],[77.5897137,13.0427985],[77.5895284,13.0427789],[77.5893148,13.0427369],[77.5887603,13.0425898]]}},{"type":"Feature","properties":{"id":"1382087678","name":"Outer Ring Road","highway":"trunk","oneway":"yes","maxspeed":"60"},"geometry":{"type":"LineString","coordinates":[[77.5887616,13.0427082],[77.5895669,13.0429282],[77.5898042,13.0429955],[77.5898514,13.0430017],[77.5898656,13.0430035],[77.5900575,13.0430481],[77.5900801,13.0430506],[77.5902694,13.0430588]]}},{"type":"Feature","properties":{"id":"1382916439","name":"","highway":"residential","oneway":"no","maxspeed":""},"geometry":{"type":"LineString","coordinates":[[77.5943933,13.0348825],[77.5939786,13.035061],[77.592631,13.0354375],[77.5926036,13.0354451],[77.592565,13.0354538]]}},{"type":"Feature","properties":{"id":"1382916440","name":"5th Cross Road","highway":"residential","oneway":"yes","maxspeed":""},"geometry":{"type":"LineString","coordinates":[[77.5929592,13.036828],[77.592787,13.0360985],[77.592631,13.0354375]]}},{"type":"Feature","properties":{"id":"1382916441","name":"","highway":"residential","oneway":"no","maxspeed":""},"geometry":{"type":"LineString","coordinates":[[77.592718,13.0361114],[77.592787,13.0360985]]}},{"type":"Feature","properties":{"id":"1388296292","name":"","highway":"residential","oneway":"no","maxspeed":""},"geometry":{"type":"LineString","coordinates":[[77.6049866,13.0354418],[77.6052245,13.0354017]]}},{"type":"Feature","properties":{"id":"1388440062","name":"","highway":"living_street","oneway":"no","maxspeed":""},"geometry":{"type":"LineString","coordinates":[[77.6052807,13.0384868],[77.6053244,13.038735]]}},{"type":"Feature","properties":{"id":"1388467226","name":"","highway":"residential","oneway":"no","maxspeed":""},"geometry":{"type":"LineString","coordinates":[[77.6011017,13.0392515],[77.6007371,13.0391204]]}},{"type":"Feature","properties":{"id":"1390030797","name":"","highway":"trunk_link","oneway":"no","maxspeed":""},"geometry":{"type":"LineString","coordinates":[[77.6103345,13.0427865],[77.6103635,13.0428674]]}},{"type":"Feature","properties":{"id":"1392542005","name":"4th Main Road","highway":"residential","oneway":"no","maxspeed":""},"geometry":{"type":"LineString","coordinates":[[77.6226088,13.0408911],[77.6226364,13.0410066]]}},{"type":"Feature","properties":{"id":"1393375225","name":"","highway":"tertiary","oneway":"yes","maxspeed":""},"geometry":{"type":"LineString","coordinates":[[77.59429,13.0420129],[77.5943167,13.042029],[77.5944116,13.042086],[77.5951831,13.0420706],[77.595479,13.0420631],[77.5956367,13.0420616],[77.5956972,13.0420624],[77.5957573,13.0420597],[77.5962975,13.0420457],[77.596343,13.042052],[77.5963887,13.0420584],[77.5964204,13.0420628],[77.5965864,13.042086],[77.5968419,13.0421815],[77.597078,13.0422801],[77.5973529,13.0424928],[77.5976149,13.0426851],[77.5986978,13.0434801],[77.5987798,13.0435403],[77.5990145,13.0436862],[77.5991944,13.0437761],[77.5992197,13.0437851],[77.5994355,13.0438389],[77.5995542,13.043857],[77.599686,13.0438771],[77.5997612,13.0438787],[77.599887,13.0438814],[77.6000203,13.0438843],[77.6000859,13.0438857],[77.6001343,13.0438856],[77.600331,13.043885],[77.6004716,13.0438785],[77.6008818,13.0438466]]}},{"type":"Feature","properties":{"id":"1394512368","name":"","highway":"residential","oneway":"no","maxspeed":""},"geometry":{"type":"LineString","coordinates":[[77.6212612,13.0566672],[77.621239,13.0560633],[77.6212508,13.0560068],[77.6213966,13.0559499],[77.622346,13.0559672],[77.622397,13.0560097],[77.622443,13.0561235],[77.6224463,13.0562694],[77.6224247,13.0563245],[77.6223753,13.0563754],[77.6223499,13.0564424],[77.6223511,13.0566263]]}},{"type":"Feature","properties":{"id":"1394512369","name":"","highway":"residential","oneway":"no","maxspeed":""},"geometry":{"type":"LineString","coordinates":[[77.6212612,13.0566672],[77.621314,13.0571689],[77.6213315,13.0572228],[77.6213691,13.0572533],[77.6216966,13.0572119],[77.6223934,13.0571061],[77.6225118,13.057061],[77.6225235,13.0570019],[77.6225193,13.0568776],[77.6224902,13.0567737],[77.6224464,13.0567076],[77.6223799,13.0566478],[77.6223511,13.0566263]]}},{"type":"Feature","properties":{"id":"1412418258","name":"","highway":"service","oneway":"no","maxspeed":""},"geometry":{"type":"LineString","coordinates":[[77.586659,13.0525179],[77.5878076,13.0521241],[77.5880037,13.0520453],[77.5883034,13.0519249],[77.5889155,13.0517258],[77.5896479,13.0515755]]}},{"type":"Feature","properties":{"id":"1412438902","name":"","highway":"service","oneway":"no","maxspeed":""},"geometry":{"type":"LineString","coordinates":[[77.5910011,13.0534039],[77.5909753,13.0534155],[77.5909529,13.0534323],[77.5909348,13.0534536],[77.5909222,13.0534784],[77.5909155,13.0535052],[77.5909153,13.0535329],[77.5909213,13.0535599],[77.5909334,13.0535846],[77.5909507,13.0536062],[77.5909726,13.0536234],[77.5909978,13.0536355],[77.5910252,13.0536418],[77.5910533,13.053642]]}},{"type":"Feature","properties":{"id":"1416549748","name":"Bellary Road","highway":"trunk","oneway":"yes","maxspeed":"80"},"geometry":{"type":"LineString","coordinates":[[77.5926522,13.049394],[77.592734,13.0496189],[77.5927471,13.0496668],[77.5927942,13.0498657],[77.5928124,13.0499432],[77.5928707,13.0501528]]}},{"type":"Feature","properties":{"id":"1416882055","name":"","highway":"residential","oneway":"no","maxspeed":""},"geometry":{"type":"LineString","coordinates":[[77.6128429,13.0557052],[77.6128191,13.0554669],[77.6127597,13.0547968]]}},{"type":"Feature","properties":{"id":"1416882056","name":"","highway":"residential","oneway":"no","maxspeed":""},"geometry":{"type":"LineString","coordinates":[[77.6130615,13.0560825],[77.613006,13.0560563]]}},{"type":"Feature","properties":{"id":"1417991004","name":"Kempapura Road","highway":"tertiary","oneway":"yes","maxspeed":""},"geometry":{"type":"LineString","coordinates":[[77.6121443,13.0476631],[77.6121721,13.0477001],[77.6122284,13.0477201]]}},{"type":"Feature","properties":{"id":"1417991005","name":"Kempapura Road","highway":"tertiary","oneway":"yes","maxspeed":""},"geometry":{"type":"LineString","coordinates":[[77.6122284,13.0477201],[77.612251,13.0476735],[77.6122378,13.04759]]}},{"type":"Feature","properties":{"id":"1417991006","name":"Kempegowda Road","highway":"tertiary","oneway":"no","maxspeed":""},"geometry":{"type":"LineString","coordinates":[[77.6122362,13.0478378],[77.6122284,13.0477201]]}},{"type":"Feature","properties":{"id":"1420149759","name":"","highway":"service","oneway":"no","maxspeed":""},"geometry":{"type":"LineString","coordinates":[[77.6199818,13.0371093],[77.6201251,13.0371042]]}},{"type":"Feature","properties":{"id":"1420149760","name":"","highway":"service","oneway":"no","maxspeed":""},"geometry":{"type":"LineString","coordinates":[[77.6201251,13.0371042],[77.620196,13.0371017]]}},{"type":"Feature","properties":{"id":"1420178264","name":"","highway":"residential","oneway":"no","maxspeed":""},"geometry":{"type":"LineString","coordinates":[[77.6223934,13.0355814],[77.6227142,13.0354947]]}},{"type":"Feature","properties":{"id":"1420425473","name":"","highway":"trunk_link","oneway":"yes","maxspeed":"30"},"geometry":{"type":"LineString","coordinates":[[77.5925416,13.0424206],[77.592138,13.0425408],[77.5909732,13.0428629],[77.5909353,13.0428662],[77.5909005,13.04287],[77.5908201,13.0428718],[77.590758,13.0428627],[77.5906862,13.0428448],[77.5906173,13.0428144],[77.5905589,13.0427816],[77.590532,13.0427658],[77.5905065,13.0427482],[77.5904798,13.0427311],[77.5904443,13.042705],[77.5904311,13.0426783],[77.5904092,13.0426229],[77.5903917,13.0425696],[77.59037,13.0424974],[77.5903496,13.0424363]]}},{"type":"Feature","properties":{"id":"1421714879","name":"","highway":"service","oneway":"no","maxspeed":""},"geometry":{"type":"LineString","coordinates":[[77.6123821,13.0496517],[77.6118291,13.049671]]}},{"type":"Feature","properties":{"id":"1422977938","name":"Hebbal Flyover","highway":"trunk_link","oneway":"yes","maxspeed":"30"},"geometry":{"type":"LineString","coordinates":[[77.5894141,13.0373425],[77.5893693,13.0366275]]}},{"type":"Feature","properties":{"id":"1422977939","name":"","highway":"trunk_link","oneway":"yes","maxspeed":"30"},"geometry":{"type":"LineString","coordinates":[[77.5938775,13.041947],[77.5937862,13.0420163],[77.5936411,13.0420665]]}},{"type":"Feature","properties":{"id":"1422993566","name":"Hebbal Flyover","highway":"trunk_link","oneway":"yes","maxspeed":"30"},"geometry":{"type":"LineString","coordinates":[[77.5903496,13.0424363],[77.5901291,13.0418142],[77.5898141,13.0405251],[77.5897262,13.0400449],[77.5894564,13.0380177],[77.5894141,13.0373425]]}},{"type":"Feature","properties":{"id":"1423056973","name":"Hebbal Flyover","highway":"trunk_link","oneway":"yes","maxspeed":"30"},"geometry":{"type":"LineString","coordinates":[[77.5893693,13.0366275],[77.5892819,13.0365127]]}},{"type":"Feature","properties":{"id":"1423866960","name":"","highway":"tertiary","oneway":"yes","maxspeed":""},"geometry":{"type":"LineString","coordinates":[[77.5918855,13.0479131],[77.5920164,13.0481976]]}},{"type":"Feature","properties":{"id":"1423866961","name":"","highway":"tertiary","oneway":"yes","maxspeed":""},"geometry":{"type":"LineString","coordinates":[[77.5913704,13.0465475],[77.5913031,13.0466681],[77.5917182,13.0475529],[77.591802,13.0477315],[77.5918153,13.0477603],[77.5918855,13.0479131]]}},{"type":"Feature","properties":{"id":"1423889177","name":"","highway":"service","oneway":"yes","maxspeed":""},"geometry":{"type":"LineString","coordinates":[[77.6184881,13.0503777],[77.6184775,13.0507486],[77.6184992,13.0507838],[77.6185354,13.0508064],[77.6185733,13.0508219],[77.6194046,13.0507958]]}},{"type":"Feature","properties":{"id":"1424048220","name":"","highway":"residential","oneway":"no","maxspeed":""},"geometry":{"type":"LineString","coordinates":[[77.610049,13.0569985],[77.6100458,13.0569888],[77.6100337,13.0569523]]}},{"type":"Feature","properties":{"id":"1426833060","name":"","highway":"living_street","oneway":"no","maxspeed":""},"geometry":{"type":"LineString","coordinates":[[77.5911022,13.0402093],[77.5915998,13.0401796]]}},{"type":"Feature","properties":{"id":"1427038645","name":"","highway":"residential","oneway":"no","maxspeed":""},"geometry":{"type":"LineString","coordinates":[[77.6015555,13.0337892],[77.6016335,13.0337957]]}},{"type":"Feature","properties":{"id":"1427038646","name":"","highway":"residential","oneway":"no","maxspeed":""},"geometry":{"type":"LineString","coordinates":[[77.6015972,13.0339578],[77.6015555,13.0337892]]}},{"type":"Feature","properties":{"id":"1427467123","name":"3rd Cross Road","highway":"residential","oneway":"no","maxspeed":""},"geometry":{"type":"LineString","coordinates":[[77.6206706,13.0338276],[77.6206789,13.0338503],[77.6206854,13.0338681]]}},{"type":"Feature","properties":{"id":"1427467272","name":"","highway":"residential","oneway":"no","maxspeed":""},"geometry":{"type":"LineString","coordinates":[[77.6184075,13.0361387],[77.6183681,13.0359886],[77.6182941,13.035707],[77.6182523,13.0355477]]}},{"type":"Feature","properties":{"id":"1427467747","name":"2nd Street","highway":"residential","oneway":"no","maxspeed":""},"geometry":{"type":"LineString","coordinates":[[77.6163135,13.0321522],[77.616703,13.0320168],[77.6168905,13.031954]]}},{"type":"Feature","properties":{"id":"1427471695","name":"17th Main Road","highway":"residential","oneway":"no","maxspeed":""},"geometry":{"type":"LineString","coordinates":[[77.6122096,13.03784],[77.6119106,13.0379183],[77.6116267,13.0379947],[77.611423,13.0380616]]}},{"type":"Feature","properties":{"id":"1427472107","name":"","highway":"residential","oneway":"no","maxspeed":""},"geometry":{"type":"LineString","coordinates":[[77.6130831,13.0391252],[77.6134513,13.0389727],[77.6138163,13.0388173],[77.6142436,13.0386445]]}},{"type":"Feature","properties":{"id":"1427475496","name":"","highway":"residential","oneway":"no","maxspeed":""},"geometry":{"type":"LineString","coordinates":[[77.6199283,13.0391084],[77.6196314,13.0391649]]}},{"type":"Feature","properties":{"id":"1427475497","name":"1st Main Road","highway":"residential","oneway":"no","maxspeed":""},"geometry":{"type":"LineString","coordinates":[[77.619727,13.0384638],[77.619819,13.0387415],[77.6199283,13.0391084]]}},{"type":"Feature","properties":{"id":"1427475891","name":"Venugopal Swamy Temple Street RCC Road","highway":"residential","oneway":"no","maxspeed":""},"geometry":{"type":"LineString","coordinates":[[77.6218723,13.0392183],[77.6218669,13.0390433]]}},{"type":"Feature","properties":{"id":"1427475941","name":"1st Cross Road","highway":"residential","oneway":"no","maxspeed":""},"geometry":{"type":"LineString","coordinates":[[77.6230584,13.0389378],[77.6230429,13.0392921],[77.623031,13.0394872]]}},{"type":"Feature","properties":{"id":"1428521418","name":"","highway":"residential","oneway":"no","maxspeed":""},"geometry":{"type":"LineString","coordinates":[[77.6241341,13.0613904],[77.6242592,13.0614814],[77.6242689,13.0616316],[77.6243412,13.0624753],[77.6243618,13.0630732],[77.6244003,13.0631523],[77.6244902,13.0631607],[77.6248533,13.063071],[77.6252198,13.0629846],[77.6255242,13.0629009],[77.6257987,13.0628331]]}},{"type":"Feature","properties":{"id":"1428523025","name":"Pampa Extension Road","highway":"tertiary","oneway":"no","maxspeed":""},"geometry":{"type":"LineString","coordinates":[[77.5989789,13.0536644],[77.5990817,13.0541084],[77.5992142,13.0544783],[77.5992979,13.0547679],[77.5994188,13.0551861]]}},{"type":"Feature","properties":{"id":"1428523026","name":"10th Cross Road","highway":"tertiary","oneway":"no","maxspeed":""},"geometry":{"type":"LineString","coordinates":[[77.597987,13.053526],[77.5981307,13.0538262],[77.5989789,13.0536644]]}},{"type":"Feature","properties":{"id":"1428524304","name":"Saint Anthony Road","highway":"tertiary","oneway":"no","maxspeed":""},"geometry":{"type":"LineString","coordinates":[[77.6077808,13.0513295],[77.6076482,13.0514004]]}},{"type":"Feature","properties":{"id":"1428525318","name":"","highway":"residential","oneway":"no","maxspeed":""},"geometry":{"type":"LineString","coordinates":[[77.6107451,13.0516366],[77.6107247,13.0513604]]}},{"type":"Feature","properties":{"id":"1428525603","name":"","highway":"residential","oneway":"no","maxspeed":""},"geometry":{"type":"LineString","coordinates":[[77.6107076,13.0509233],[77.6107247,13.0513604]]}},{"type":"Feature","properties":{"id":"1428525705","name":"7th Cross Road","highway":"residential","oneway":"no","maxspeed":""},"geometry":{"type":"LineString","coordinates":[[77.6077947,13.0534787],[77.6071509,13.0536014]]}},{"type":"Feature","properties":{"id":"1428525706","name":"","highway":"residential","oneway":"no","maxspeed":""},"geometry":{"type":"LineString","coordinates":[[77.6071751,13.0538679],[77.6071509,13.0536014]]}},{"type":"Feature","properties":{"id":"1428526011","name":"20th C Cross Road","highway":"residential","oneway":"no","maxspeed":""},"geometry":{"type":"LineString","coordinates":[[77.6065408,13.0534068],[77.6071212,13.0533106]]}},{"type":"Feature","properties":{"id":"1428526012","name":"","highway":"residential","oneway":"no","maxspeed":""},"geometry":{"type":"LineString","coordinates":[[77.6071509,13.0536014],[77.6071212,13.0533106]]}},{"type":"Feature","properties":{"id":"1428527286","name":"","highway":"residential","oneway":"no","maxspeed":""},"geometry":{"type":"LineString","coordinates":[[77.6112462,13.0538138],[77.6113045,13.0540444],[77.6113037,13.0540648],[77.6112925,13.054079],[77.611216,13.0541056],[77.6112591,13.0544063]]}},{"type":"Feature","properties":{"id":"1429229202","name":"","highway":"residential","oneway":"no","maxspeed":""},"geometry":{"type":"LineString","coordinates":[[77.5917122,13.0364167],[77.5915373,13.0364504],[77.5911999,13.0364946]]}},{"type":"Feature","properties":{"id":"1429231145","name":"1st Main Road","highway":"residential","oneway":"no","maxspeed":""},"geometry":{"type":"LineString","coordinates":[[77.5916565,13.0649834],[77.5917426,13.0649678],[77.5919462,13.0649311],[77.5920045,13.0649003],[77.592134,13.0648318],[77.592252,13.0646698],[77.5923065,13.0646152],[77.592431,13.064513],[77.5927134,13.0644528],[77.5930973,13.0644415]]}},{"type":"Feature","properties":{"id":"1429231146","name":"1st Main Road","highway":"residential","oneway":"no","maxspeed":""},"geometry":{"type":"LineString","coordinates":[[77.591728,13.0655398],[77.5917287,13.0657381],[77.5917118,13.0658665],[77.5918166,13.0662055],[77.5918652,13.0663066]]}},{"type":"Feature","properties":{"id":"1430170586","name":"16th Cross Road","highway":"residential","oneway":"no","maxspeed":""},"geometry":{"type":"LineString","coordinates":[[77.590793,13.0564871],[77.5908441,13.0565107],[77.5908947,13.0565241],[77.5911991,13.056513],[77.5913174,13.0567039],[77.591358,13.0569936],[77.591463,13.0573244],[77.591516,13.0574977],[77.5915351,13.0576034]]}},{"type":"Feature","properties":{"id":"1433092893","name":"5th Cross Road","highway":"residential","oneway":"yes","maxspeed":""},"geometry":{"type":"LineString","coordinates":[[77.592565,13.0354538],[77.592718,13.0361114],[77.5928907,13.036853]]}},{"type":"Feature","properties":{"id":"1433092897","name":"","highway":"service","oneway":"no","maxspeed":""},"geometry":{"type":"LineString","coordinates":[[77.5933975,13.036572],[77.5933718,13.0364387],[77.5936135,13.0363836]]}},{"type":"Feature","properties":{"id":"1433092898","name":"","highway":"service","oneway":"no","maxspeed":""},"geometry":{"type":"LineString","coordinates":[[77.5929972,13.036517],[77.5931612,13.0364818],[77.5931961,13.0366197]]}},{"type":"Feature","properties":{"id":"1433092899","name":"","highway":"service","oneway":"no","maxspeed":""},"geometry":{"type":"LineString","coordinates":[[77.5929499,13.0363221],[77.5931041,13.0362861],[77.5930701,13.0361479],[77.593287,13.0360973],[77.5933184,13.0362251],[77.5935479,13.0361715]]}},{"type":"Feature","properties":{"id":"1433092915","name":"","highway":"residential","oneway":"no","maxspeed":""},"geometry":{"type":"LineString","coordinates":[[77.5931109,13.0349483],[77.593009,13.0343015]]}},{"type":"Feature","properties":{"id":"1433092946","name":"","highway":"service","oneway":"no","maxspeed":""},"geometry":{"type":"LineString","coordinates":[[77.592787,13.0360985],[77.5928568,13.0360822],[77.5928899,13.0360745]]}},{"type":"Feature","properties":{"id":"1433092947","name":"","highway":"service","oneway":"no","maxspeed":""},"geometry":{"type":"LineString","coordinates":[[77.5930192,13.0360114],[77.5929956,13.0358978],[77.592858,13.0359316]]}},{"type":"Feature","properties":{"id":"1433197999","name":"","highway":"residential","oneway":"no","maxspeed":""},"geometry":{"type":"LineString","coordinates":[[77.5942574,13.037547],[77.5942594,13.0377201]]}},{"type":"Feature","properties":{"id":"1433213874","name":"","highway":"tertiary","oneway":"no","maxspeed":""},"geometry":{"type":"LineString","coordinates":[[77.6243209,13.0398803],[77.6244589,13.0400176]]}},{"type":"Feature","properties":{"id":"1435081132","name":"","highway":"service","oneway":"no","maxspeed":""},"geometry":{"type":"LineString","coordinates":[[77.5939712,13.0477412],[77.5941253,13.0477245],[77.594162,13.0477227],[77.5942012,13.0477281],[77.5942356,13.0477384],[77.5942806,13.0477418],[77.5943573,13.0477371],[77.5945645,13.0477067],[77.594983,13.0476454],[77.5950593,13.0476342]]}},{"type":"Feature","properties":{"id":"1435081133","name":"","highway":"service","oneway":"no","maxspeed":""},"geometry":{"type":"LineString","coordinates":[[77.5945147,13.0473523],[77.5945645,13.0477067]]}},{"type":"Feature","properties":{"id":"1442876871","name":"","highway":"tertiary","oneway":"yes","maxspeed":""},"geometry":{"type":"LineString","coordinates":[[77.5920164,13.0481976],[77.592085,13.0483467],[77.5923062,13.0488591],[77.5925836,13.0494801]]}},{"type":"Feature","properties":{"id":"1446539696","name":"","highway":"residential","oneway":"no","maxspeed":""},"geometry":{"type":"LineString","coordinates":[[77.5973912,13.0490783],[77.5974213,13.0495965]]}},{"type":"Feature","properties":{"id":"1446539697","name":"","highway":"residential","oneway":"no","maxspeed":""},"geometry":{"type":"LineString","coordinates":[[77.5972981,13.049091],[77.5972985,13.0484913]]}},{"type":"Feature","properties":{"id":"1446941081","name":"","highway":"trunk_link","oneway":"yes","maxspeed":"30"},"geometry":{"type":"LineString","coordinates":[[77.5936411,13.0420665],[77.592887,13.0423161],[77.5925416,13.0424206]]}},{"type":"Feature","properties":{"id":"1448247069","name":"","highway":"residential","oneway":"no","maxspeed":""},"geometry":{"type":"LineString","coordinates":[[77.5888851,13.0339906],[77.5884959,13.0340825]]}},{"type":"Feature","properties":{"id":"1448346793","name":"","highway":"residential","oneway":"no","maxspeed":""},"geometry":{"type":"LineString","coordinates":[[77.5939183,13.0408148],[77.5939545,13.0410174]]}},{"type":"Feature","properties":{"id":"1448346800","name":"","highway":"residential","oneway":"no","maxspeed":""},"geometry":{"type":"LineString","coordinates":[[77.5941154,13.0400787],[77.5943398,13.0400133]]}},{"type":"Feature","properties":{"id":"1448346864","name":"","highway":"residential","oneway":"no","maxspeed":""},"geometry":{"type":"LineString","coordinates":[[77.5913808,13.0379265],[77.5913863,13.038113]]}},{"type":"Feature","properties":{"id":"1448346865","name":"","highway":"residential","oneway":"no","maxspeed":""},"geometry":{"type":"LineString","coordinates":[[77.5912448,13.0379334],[77.5912602,13.0381287]]}},{"type":"Feature","properties":{"id":"1448346866","name":"","highway":"residential","oneway":"no","maxspeed":""},"geometry":{"type":"LineString","coordinates":[[77.5912368,13.0379338],[77.59123,13.037742]]}},{"type":"Feature","properties":{"id":"1450169660","name":"Govindapura Road","highway":"tertiary","oneway":"no","maxspeed":""},"geometry":{"type":"LineString","coordinates":[[77.6135853,13.0419076],[77.6135944,13.041752],[77.6135971,13.041617]]}},{"type":"Feature","properties":{"id":"1450169661","name":"Govindapura Road","highway":"tertiary","oneway":"no","maxspeed":""},"geometry":{"type":"LineString","coordinates":[[77.6140608,13.0395812],[77.614305,13.038898]]}},{"type":"Feature","properties":{"id":"1450669777","name":"","highway":"tertiary","oneway":"yes","maxspeed":""},"geometry":{"type":"LineString","coordinates":[[77.6208543,13.0463746],[77.6209091,13.0465767],[77.6210167,13.0469638],[77.6210912,13.0472277],[77.6211195,13.0473228],[77.6212002,13.0474437]]}},{"type":"Feature","properties":{"id":"1450669780","name":"","highway":"tertiary","oneway":"yes","maxspeed":""},"geometry":{"type":"LineString","coordinates":[[77.6208247,13.0462741],[77.6208543,13.0463746]]}},{"type":"Feature","properties":{"id":"1450669781","name":"","highway":"service","oneway":"yes","maxspeed":""},"geometry":{"type":"LineString","coordinates":[[77.6205727,13.0453129],[77.6206145,13.0453019]]}},{"type":"Feature","properties":{"id":"1450669782","name":"","highway":"tertiary","oneway":"yes","maxspeed":""},"geometry":{"type":"LineString","coordinates":[[77.6206145,13.0453019],[77.620566,13.0449239],[77.6205598,13.0444028],[77.6205544,13.04428]]}},{"type":"Feature","properties":{"id":"1450669783","name":"","highway":"service","oneway":"no","maxspeed":""},"geometry":{"type":"LineString","coordinates":[[77.6205544,13.04428],[77.620515,13.0442807]]}},{"type":"Feature","properties":{"id":"1450669784","name":"","highway":"tertiary","oneway":"yes","maxspeed":""},"geometry":{"type":"LineString","coordinates":[[77.6205544,13.04428],[77.6205724,13.0440319],[77.6205983,13.0438642],[77.6206154,13.0438012]]}},{"type":"Feature","properties":{"id":"1450669785","name":"","highway":"tertiary","oneway":"yes","maxspeed":""},"geometry":{"type":"LineString","coordinates":[[77.6206562,13.0434066],[77.6206063,13.0435696],[77.6205598,13.0438369],[77.6205318,13.0440343]]}},{"type":"Feature","properties":{"id":"1452304619","name":"Veerannapalya Flyover","highway":"trunk","oneway":"yes","maxspeed":"60"},"geometry":{"type":"LineString","coordinates":[[77.6162952,13.0412137],[77.6166164,13.0411356],[77.6167333,13.041113],[77.6170215,13.0410593],[77.6170994,13.04105]]}},{"type":"Feature","properties":{"id":"1452304620","name":"Flyover","highway":"tertiary","oneway":"yes","maxspeed":""},"geometry":{"type":"LineString","coordinates":[[77.6210327,13.0420816],[77.6210299,13.0421446],[77.621019,13.0423867]]}},{"type":"Feature","properties":{"id":"1452304621","name":"Flyover","highway":"tertiary","oneway":"yes","maxspeed":""},"geometry":{"type":"LineString","coordinates":[[77.6194476,13.0449735],[77.6193738,13.0447919]]}},{"type":"Feature","properties":{"id":"1453501628","name":"Outer Ring Road","highway":"trunk","oneway":"yes","maxspeed":"60"},"geometry":{"type":"LineString","coordinates":[[77.5910894,13.0427005],[77.5909736,13.0427171],[77.5908696,13.0427258],[77.5908044,13.0427244]]}},{"type":"Feature","properties":{"id":"1453501629","name":"Outer Ring Road","highway":"trunk","oneway":"yes","maxspeed":"60"},"geometry":{"type":"LineString","coordinates":[[77.5906466,13.0430244],[77.5908765,13.042981]]}},{"type":"Feature","properties":{"id":"1453501630","name":"Tumkur Road Exit","highway":"trunk","oneway":"yes","maxspeed":""},"geometry":{"type":"LineString","coordinates":[[77.5907531,13.043344],[77.5906466,13.0430244]]}},{"type":"Feature","properties":{"id":"1453501631","name":"Outer Ring Road","highway":"trunk","oneway":"yes","maxspeed":"60"},"geometry":{"type":"LineString","coordinates":[[77.5908765,13.042981],[77.5910458,13.0429168]]}},{"type":"Feature","properties":{"id":"1456729462","name":"","highway":"residential","oneway":"no","maxspeed":""},"geometry":{"type":"LineString","coordinates":[[77.6103185,13.0620596],[77.610267,13.061602]]}},{"type":"Feature","properties":{"id":"1458263256","name":"19th A Cross Road","highway":"residential","oneway":"no","maxspeed":""},"geometry":{"type":"LineString","coordinates":[[77.6245068,13.0389759],[77.6248016,13.0385053]]}},{"type":"Feature","properties":{"id":"1460084757","name":"","highway":"service","oneway":"no","maxspeed":""},"geometry":{"type":"LineString","coordinates":[[77.6124455,13.044649],[77.6126502,13.0445699],[77.6130143,13.0444892],[77.615025,13.0442575],[77.6152501,13.0446984],[77.6153707,13.0454095],[77.6152174,13.0454317]]}},{"type":"Feature","properties":{"id":"1460084765","name":"","highway":"service","oneway":"no","maxspeed":""},"geometry":{"type":"LineString","coordinates":[[77.6117189,13.0464299],[77.6114908,13.0464839],[77.6114023,13.0467713],[77.6114398,13.0468523],[77.6115364,13.0469215]]}},{"type":"Feature","properties":{"id":"1460084783","name":"","highway":"service","oneway":"no","maxspeed":""},"geometry":{"type":"LineString","coordinates":[[77.5901316,13.0417072],[77.5901806,13.0416838],[77.5902973,13.0416589],[77.5904381,13.0416511],[77.5904757,13.0416589],[77.5905199,13.0416903],[77.5907023,13.0416864]]}},{"type":"Feature","properties":{"id":"1460084785","name":"","highway":"trunk_link","oneway":"yes","maxspeed":"30"},"geometry":{"type":"LineString","coordinates":[[77.5908717,13.0436877],[77.5904443,13.042705]]}},{"type":"Feature","properties":{"id":"1469134136","name":"","highway":"tertiary","oneway":"no","maxspeed":""},"geometry":{"type":"LineString","coordinates":[[77.6008818,13.0438466],[77.6008769,13.043745]]}},{"type":"Feature","properties":{"id":"1469349288","name":"Govindapura Road","highway":"tertiary","oneway":"no","maxspeed":""},"geometry":{"type":"LineString","coordinates":[[77.6135971,13.041617],[77.6136005,13.0413251],[77.6136014,13.0412514],[77.6135809,13.0410493],[77.6135632,13.0407373],[77.613525,13.0404802],[77.6134759,13.0402676],[77.6134694,13.04024],[77.6134694,13.0400472],[77.6134694,13.0399153],[77.6140015,13.0396598],[77.6140138,13.0396466],[77.6140402,13.0396182],[77.6140608,13.0395812]]}},{"type":"Feature","properties":{"id":"1476065676","name":"","highway":"service","oneway":"no","maxspeed":""},"geometry":{"type":"LineString","coordinates":[[77.5938547,13.0624868],[77.5938212,13.0631082]]}},{"type":"Feature","properties":{"id":"1476772521","name":"1st Main Road","highway":"tertiary","oneway":"no","maxspeed":""},"geometry":{"type":"LineString","coordinates":[[77.5984675,13.0572875],[77.5987129,13.0572281],[77.5989622,13.0571669],[77.5990182,13.0571532]]}},{"type":"Feature","properties":{"id":"1486840097","name":"","highway":"residential","oneway":"no","maxspeed":""},"geometry":{"type":"LineString","coordinates":[[77.614015,13.0516119],[77.6142915,13.0516062]]}},{"type":"Feature","properties":{"id":"1486840098","name":"","highway":"residential","oneway":"no","maxspeed":""},"geometry":{"type":"LineString","coordinates":[[77.6139999,13.0513648],[77.6142757,13.0513477]]}},{"type":"Feature","properties":{"id":"1487061390","name":"","highway":"residential","oneway":"no","maxspeed":""},"geometry":{"type":"LineString","coordinates":[[77.6078851,13.0484533],[77.6078862,13.0483973],[77.6078901,13.0481801],[77.6078892,13.0481653],[77.6078815,13.0481546],[77.6078701,13.0481471],[77.6078565,13.0481431],[77.6075487,13.0481425]]}},{"type":"Feature","properties":{"id":"1487065715","name":"","highway":"residential","oneway":"no","maxspeed":""},"geometry":{"type":"LineString","coordinates":[[77.6172723,13.0494731],[77.6172995,13.0498549]]}},{"type":"Feature","properties":{"id":"1487066430","name":"","highway":"residential","oneway":"no","maxspeed":""},"geometry":{"type":"LineString","coordinates":[[77.6157181,13.0502258],[77.615732,13.0504285]]}},{"type":"Feature","properties":{"id":"1487066617","name":"","highway":"residential","oneway":"no","maxspeed":""},"geometry":{"type":"LineString","coordinates":[[77.6163898,13.0513143],[77.6163888,13.0510799]]}},{"type":"Feature","properties":{"id":"1487069102","name":"","highway":"residential","oneway":"no","maxspeed":""},"geometry":{"type":"LineString","coordinates":[[77.6136809,13.0485987],[77.6140134,13.0486085]]}},{"type":"Feature","properties":{"id":"1487069907","name":"","highway":"residential","oneway":"no","maxspeed":""},"geometry":{"type":"LineString","coordinates":[[77.6159844,13.0483696],[77.6158848,13.0483883],[77.6158635,13.0483974],[77.6158524,13.0484145],[77.6158488,13.0484333],[77.6159027,13.0487653]]}},{"type":"Feature","properties":{"id":"1487071698","name":"","highway":"residential","oneway":"no","maxspeed":""},"geometry":{"type":"LineString","coordinates":[[77.6109222,13.0477799],[77.6111299,13.0478341]]}},{"type":"Feature","properties":{"id":"1487074525","name":"","highway":"service","oneway":"yes","maxspeed":""},"geometry":{"type":"LineString","coordinates":[[77.6161251,13.0417153],[77.6161495,13.0417789],[77.6161936,13.0418946],[77.6162308,13.042014],[77.6163324,13.0423867],[77.616371,13.0424058]]}},{"type":"Feature","properties":{"id":"1487074526","name":"","highway":"service","oneway":"yes","maxspeed":""},"geometry":{"type":"LineString","coordinates":[[77.616371,13.0424058],[77.6163859,13.0423615],[77.616314,13.0420937],[77.6162723,13.0418965],[77.6162392,13.0417484],[77.6162192,13.0416842]]}},{"type":"Feature","properties":{"id":"1487074527","name":"","highway":"service","oneway":"no","maxspeed":""},"geometry":{"type":"LineString","coordinates":[[77.616371,13.0424058],[77.6163866,13.0425766],[77.6164856,13.0431781]]}},{"type":"Feature","properties":{"id":"1487080242","name":"","highway":"residential","oneway":"no","maxspeed":""},"geometry":{"type":"LineString","coordinates":[[77.610867,13.0414895],[77.6104651,13.0415722]]}},{"type":"Feature","properties":{"id":"1487082678","name":"","highway":"service","oneway":"no","maxspeed":""},"geometry":{"type":"LineString","coordinates":[[77.6122444,13.0419651],[77.612307,13.0422697],[77.6123159,13.0423144]]}},{"type":"Feature","properties":{"id":"1487086731","name":"","highway":"residential","oneway":"yes","maxspeed":""},"geometry":{"type":"LineString","coordinates":[[77.6094794,13.0506966],[77.6094942,13.0507412],[77.6095011,13.0507628]]}},{"type":"Feature","properties":{"id":"1487087630","name":"","highway":"service","oneway":"no","maxspeed":""},"geometry":{"type":"LineString","coordinates":[[77.6159597,13.0513877],[77.6159578,13.0513107],[77.6159572,13.0512857]]}},{"type":"Feature","properties":{"id":"1487096049","name":"","highway":"service","oneway":"yes","maxspeed":""},"geometry":{"type":"LineString","coordinates":[[77.6180038,13.050417],[77.6179871,13.0500188]]}},{"type":"Feature","properties":{"id":"1487096050","name":"","highway":"service","oneway":"no","maxspeed":""},"geometry":{"type":"LineString","coordinates":[[77.6180038,13.050417],[77.618113,13.0504039]]}},{"type":"Feature","properties":{"id":"1487096051","name":"","highway":"service","oneway":"no","maxspeed":""},"geometry":{"type":"LineString","coordinates":[[77.6182005,13.050105],[77.6179871,13.0500188]]}},{"type":"Feature","properties":{"id":"1487096052","name":"","highway":"service","oneway":"no","maxspeed":""},"geometry":{"type":"LineString","coordinates":[[77.6183264,13.050385],[77.6184881,13.0503777]]}},{"type":"Feature","properties":{"id":"1487097291","name":"","highway":"living_street","oneway":"no","maxspeed":""},"geometry":{"type":"LineString","coordinates":[[77.6124562,13.0411001],[77.6124441,13.0408949],[77.6124353,13.0406215]]}},{"type":"Feature","properties":{"id":"1487098632","name":"","highway":"residential","oneway":"no","maxspeed":""},"geometry":{"type":"LineString","coordinates":[[77.6127829,13.0413971],[77.6127714,13.041081],[77.6127598,13.0407686]]}},{"type":"Feature","properties":{"id":"1487101962","name":"","highway":"service","oneway":"no","maxspeed":""},"geometry":{"type":"LineString","coordinates":[[77.6136923,13.0413163],[77.6137116,13.0413148],[77.6138267,13.0413032]]}},{"type":"Feature","properties":{"id":"1487101963","name":"","highway":"service","oneway":"no","maxspeed":""},"geometry":{"type":"LineString","coordinates":[[77.6136005,13.0413251],[77.6136923,13.0413163]]}},{"type":"Feature","properties":{"id":"1487101964","name":"","highway":"service","oneway":"no","maxspeed":""},"geometry":{"type":"LineString","coordinates":[[77.6138267,13.0413032],[77.6139024,13.0412941]]}},{"type":"Feature","properties":{"id":"1487103278","name":"","highway":"service","oneway":"no","maxspeed":""},"geometry":{"type":"LineString","coordinates":[[77.6140015,13.0396598],[77.6140434,13.0397692],[77.614051,13.039781],[77.6140631,13.0397869],[77.6140772,13.0397859],[77.6141609,13.03977],[77.6141741,13.0397689],[77.6141838,13.0397703],[77.6141923,13.0397749],[77.6141994,13.0397836],[77.6142186,13.0398606],[77.6142241,13.0398988],[77.6142225,13.0399322],[77.6142141,13.0399668],[77.6141967,13.0400065],[77.6141739,13.0400262],[77.6141452,13.0400413]]}},{"type":"Feature","properties":{"id":"1487103809","name":"","highway":"service","oneway":"no","maxspeed":""},"geometry":{"type":"LineString","coordinates":[[77.6157526,13.039589],[77.617247,13.0394201],[77.6173071,13.0394202],[77.6173724,13.0394259],[77.617449,13.0394584],[77.6174734,13.0394791],[77.6174922,13.0394919],[77.6175116,13.0394984],[77.6175362,13.0394982],[77.6176508,13.039469],[77.617741,13.039446]]}},{"type":"Feature","properties":{"id":"1487103810","name":"","highway":"service","oneway":"no","maxspeed":""},"geometry":{"type":"LineString","coordinates":[[77.6174922,13.0394919],[77.6174636,13.0396109],[77.6174507,13.0396735],[77.6174429,13.0396953],[77.6174297,13.0397112],[77.6174099,13.039728],[77.6171308,13.0398529]]}},{"type":"Feature","properties":{"id":"1487104644","name":"","highway":"residential","oneway":"no","maxspeed":""},"geometry":{"type":"LineString","coordinates":[[77.6154925,13.0375444],[77.6155086,13.0379684]]}},{"type":"Feature","properties":{"id":"1487115329","name":"","highway":"residential","oneway":"yes","maxspeed":""},"geometry":{"type":"LineString","coordinates":[[77.6124488,13.0397641],[77.6124505,13.0398492],[77.6124511,13.0398788]]}},{"type":"Feature","properties":{"id":"1487129482","name":"","highway":"residential","oneway":"no","maxspeed":""},"geometry":{"type":"LineString","coordinates":[[77.6106196,13.0381987],[77.6107325,13.0384382]]}},{"type":"Feature","properties":{"id":"1487135510","name":"","highway":"residential","oneway":"no","maxspeed":""},"geometry":{"type":"LineString","coordinates":[[77.6117219,13.0329357],[77.6117,13.032951],[77.6116911,13.032962],[77.6116898,13.0329721],[77.6116957,13.0329916],[77.6118593,13.0333613]]}},{"type":"Feature","properties":{"id":"1487135511","name":"","highway":"residential","oneway":"no","maxspeed":""},"geometry":{"type":"LineString","coordinates":[[77.6119446,13.0333894],[77.6120334,13.0334551],[77.6120941,13.0335314],[77.612259,13.0333471],[77.6124313,13.0331545],[77.6126335,13.0329285],[77.6128726,13.0326613]]}},{"type":"Feature","properties":{"id":"1487135512","name":"","highway":"residential","oneway":"no","maxspeed":""},"geometry":{"type":"LineString","coordinates":[[77.6119199,13.0332928],[77.6119446,13.0333894],[77.6118593,13.0333613]]}},{"type":"Feature","properties":{"id":"1487136241","name":"","highway":"service","oneway":"no","maxspeed":""},"geometry":{"type":"LineString","coordinates":[[77.6108899,13.0329672],[77.6114616,13.0327962]]}},{"type":"Feature","properties":{"id":"1487136892","name":"","highway":"residential","oneway":"no","maxspeed":""},"geometry":{"type":"LineString","coordinates":[[77.6105359,13.0329181],[77.6114882,13.0325957]]}},{"type":"Feature","properties":{"id":"1487139403","name":"","highway":"residential","oneway":"no","maxspeed":""},"geometry":{"type":"LineString","coordinates":[[77.6139104,13.0367398],[77.6139902,13.0367189],[77.6149981,13.0364557]]}},{"type":"Feature","properties":{"id":"1487571177","name":"","highway":"service","oneway":"no","maxspeed":""},"geometry":{"type":"LineString","coordinates":[[77.6229505,13.0493062],[77.6230211,13.0493963]]}},{"type":"Feature","properties":{"id":"1487571178","name":"","highway":"service","oneway":"yes","maxspeed":""},"geometry":{"type":"LineString","coordinates":[[77.6223025,13.0501677],[77.6224555,13.0501403]]}},{"type":"Feature","properties":{"id":"1487575845","name":"","highway":"service","oneway":"no","maxspeed":""},"geometry":{"type":"LineString","coordinates":[[77.6213144,13.0479351],[77.6212881,13.0479418],[77.6211614,13.0479741],[77.6205575,13.0481282],[77.6205376,13.0481409],[77.62052,13.0481612],[77.620515,13.0481802],[77.6205164,13.0482017],[77.6210216,13.0502093],[77.6210359,13.0502291],[77.6210609,13.0502374],[77.6210959,13.0502354],[77.6216242,13.0500976],[77.6216405,13.0500875],[77.6216541,13.0500743],[77.6216644,13.0500584],[77.6216715,13.0500377],[77.6216729,13.0500159],[77.6216685,13.0499945]]}},{"type":"Feature","properties":{"id":"1487577955","name":"","highway":"residential","oneway":"no","maxspeed":""},"geometry":{"type":"LineString","coordinates":[[77.6186631,13.0381863],[77.6185374,13.0377668]]}},{"type":"Feature","properties":{"id":"1487589290","name":"","highway":"service","oneway":"no","maxspeed":""},"geometry":{"type":"LineString","coordinates":[[77.6245047,13.0380881],[77.6248066,13.0380089],[77.6248485,13.0379982]]}},{"type":"Feature","properties":{"id":"1490089046","name":"","highway":"living_street","oneway":"no","maxspeed":""},"geometry":{"type":"LineString","coordinates":[[77.6125414,13.0545976],[77.6127118,13.0545313],[77.6128761,13.0544674]]}},{"type":"Feature","properties":{"id":"1490089047","name":"","highway":"living_street","oneway":"no","maxspeed":""},"geometry":{"type":"LineString","coordinates":[[77.6130543,13.0544682],[77.6129417,13.0545236],[77.6127461,13.0546142],[77.612636,13.0546581]]}},{"type":"Feature","properties":{"id":"1490089072","name":"","highway":"residential","oneway":"no","maxspeed":""},"geometry":{"type":"LineString","coordinates":[[77.6123527,13.0542884],[77.6120092,13.054395]]}},{"type":"Feature","properties":{"id":"1490089073","name":"","highway":"residential","oneway":"no","maxspeed":""},"geometry":{"type":"LineString","coordinates":[[77.6131455,13.0546904],[77.6130543,13.0544682],[77.6130024,13.0543416],[77.6129531,13.0542167]]}},{"type":"Feature","properties":{"id":"1490089074","name":"","highway":"residential","oneway":"no","maxspeed":""},"geometry":{"type":"LineString","coordinates":[[77.612816,13.0547833],[77.6127461,13.0546142],[77.6127118,13.0545313]]}},{"type":"Feature","properties":{"id":"1490089122","name":"","highway":"residential","oneway":"no","maxspeed":""},"geometry":{"type":"LineString","coordinates":[[77.6105171,13.0505292],[77.6106597,13.0505066]]}},{"type":"Feature","properties":{"id":"1490089168","name":"","highway":"residential","oneway":"no","maxspeed":""},"geometry":{"type":"LineString","coordinates":[[77.6096378,13.0540822],[77.6096247,13.053765]]}},{"type":"Feature","properties":{"id":"1490089178","name":"","highway":"residential","oneway":"no","maxspeed":""},"geometry":{"type":"LineString","coordinates":[[77.6109188,13.0534746],[77.6111,13.0541239]]}},{"type":"Feature","properties":{"id":"1490105173","name":"","highway":"residential","oneway":"no","maxspeed":""},"geometry":{"type":"LineString","coordinates":[[77.6086966,13.0517967],[77.6098385,13.0516627]]}},{"type":"Feature","properties":{"id":"1490105174","name":"","highway":"residential","oneway":"no","maxspeed":""},"geometry":{"type":"LineString","coordinates":[[77.6085629,13.050861],[77.6085311,13.0502985]]}},{"type":"Feature","properties":{"id":"1504424912","name":"","highway":"service","oneway":"yes","maxspeed":""},"geometry":{"type":"LineString","coordinates":[[77.5987259,13.0500761],[77.5987106,13.0500695],[77.5986939,13.0500682],[77.598678,13.0500722],[77.5986642,13.0500809],[77.5986541,13.0500935],[77.5986486,13.0501087],[77.5986485,13.0501247],[77.5986536,13.0501399],[77.5986635,13.0501527],[77.5986771,13.0501617],[77.5986929,13.050166],[77.5987096,13.050165],[77.5987251,13.0501587],[77.5987376,13.0501479],[77.5987457,13.0501337],[77.5987487,13.0501176],[77.5987461,13.0501015],[77.5987382,13.0500871],[77.5987259,13.0500761]]}},{"type":"Feature","properties":{"id":"1504424913","name":"","highway":"service","oneway":"no","maxspeed":""},"geometry":{"type":"LineString","coordinates":[[77.5986939,13.0500682],[77.5986939,13.0500097],[77.598693,13.0499773]]}},{"type":"Feature","properties":{"id":"1506773526","name":"Nagawara Main Road","highway":"secondary","oneway":"yes","maxspeed":""},"geometry":{"type":"LineString","coordinates":[[77.6241303,13.0398556],[77.6241945,13.039978],[77.6242189,13.0400244]]}},{"type":"Feature","properties":{"id":"1506773527","name":"Nagawara Main Road","highway":"secondary","oneway":"yes","maxspeed":""},"geometry":{"type":"LineString","coordinates":[[77.6240746,13.0397577],[77.6241303,13.0398556]]}},{"type":"Feature","properties":{"id":"1506773528","name":"Nagawara Main Road","highway":"secondary","oneway":"no","maxspeed":""},"geometry":{"type":"LineString","coordinates":[[77.6240366,13.0396361],[77.6240574,13.0396676]]}},{"type":"Feature","properties":{"id":"1506773529","name":"Service Road","highway":"tertiary","oneway":"yes","maxspeed":""},"geometry":{"type":"LineString","coordinates":[[77.6241039,13.0401787],[77.6239082,13.040438],[77.6237213,13.040635],[77.623573,13.0407546],[77.6234611,13.0408338],[77.623251,13.0409018],[77.6230387,13.04095],[77.6228393,13.0409817],[77.6226364,13.0410066]]}},{"type":"Feature","properties":{"id":"1508779444","name":"","highway":"service","oneway":"yes","maxspeed":""},"geometry":{"type":"LineString","coordinates":[[77.5893149,13.0358172],[77.5893602,13.0357981],[77.5895386,13.0357194]]}},{"type":"Feature","properties":{"id":"1508779445","name":"","highway":"service","oneway":"yes","maxspeed":""},"geometry":{"type":"LineString","coordinates":[[77.5894967,13.0356286],[77.5893144,13.0356991],[77.5892771,13.0357143]]}},{"type":"Feature","properties":{"id":"1508779446","name":"","highway":"service","oneway":"yes","maxspeed":""},"geometry":{"type":"LineString","coordinates":[[77.5895386,13.0357194],[77.5896258,13.035681]]}},{"type":"Feature","properties":{"id":"1508779447","name":"","highway":"service","oneway":"yes","maxspeed":""},"geometry":{"type":"LineString","coordinates":[[77.5892169,13.0358613],[77.5893149,13.0358172]]}},{"type":"Feature","properties":{"id":"1508779448","name":"","highway":"service","oneway":"yes","maxspeed":""},"geometry":{"type":"LineString","coordinates":[[77.5892771,13.0357143],[77.5891702,13.0357548]]}},{"type":"Feature","properties":{"id":"1508779449","name":"","highway":"service","oneway":"yes","maxspeed":""},"geometry":{"type":"LineString","coordinates":[[77.5895872,13.0355936],[77.5894967,13.0356286]]}},{"type":"Feature","properties":{"id":"1509414233","name":"","highway":"service","oneway":"yes","maxspeed":""},"geometry":{"type":"LineString","coordinates":[[77.6181107,13.0448281],[77.6185015,13.0447434]]}},{"type":"Feature","properties":{"id":"1509687518","name":"","highway":"residential","oneway":"no","maxspeed":""},"geometry":{"type":"LineString","coordinates":[[77.6194647,13.0367389],[77.6194541,13.0365266]]}},{"type":"Feature","properties":{"id":"1510856878","name":"","highway":"service","oneway":"no","maxspeed":""},"geometry":{"type":"LineString","coordinates":[[77.6215856,13.0496641],[77.621813,13.0495978]]}},{"type":"Feature","properties":{"id":"1510856879","name":"","highway":"service","oneway":"no","maxspeed":""},"geometry":{"type":"LineString","coordinates":[[77.6211614,13.0479741],[77.6215856,13.0496641],[77.6216685,13.0499945]]}},{"type":"Feature","properties":{"id":"1512945769","name":"","highway":"tertiary","oneway":"no","maxspeed":""},"geometry":{"type":"LineString","coordinates":[[77.6244589,13.0400176],[77.6245736,13.0401321]]}},{"type":"Feature","properties":{"id":"1512945770","name":"","highway":"tertiary","oneway":"yes","maxspeed":""},"geometry":{"type":"LineString","coordinates":[[77.6244589,13.0400176],[77.6244008,13.0400826],[77.6243347,13.04017]]}},{"type":"Feature","properties":{"id":"1522140935","name":"","highway":"service","oneway":"yes","maxspeed":""},"geometry":{"type":"LineString","coordinates":[[77.6191766,13.0454264],[77.6192971,13.0454107],[77.619359,13.0454037],[77.6194354,13.045395]]}},{"type":"Feature","properties":{"id":"1522140936","name":"","highway":"service","oneway":"yes","maxspeed":""},"geometry":{"type":"LineString","coordinates":[[77.6182247,13.0454799],[77.6181107,13.0448281]]}},{"type":"Feature","properties":{"id":"1525040071","name":"","highway":"service","oneway":"no","maxspeed":""},"geometry":{"type":"LineString","coordinates":[[77.5980521,13.0500313],[77.5980485,13.0499625],[77.598043,13.0499266],[77.5980289,13.0498491],[77.5980081,13.0498166],[77.5979677,13.0498111],[77.5979116,13.0497965],[77.597837,13.0497987]]}},{"type":"Feature","properties":{"id":"1533805261","name":"","highway":"trunk_link","oneway":"no","maxspeed":""},"geometry":{"type":"LineString","coordinates":[[77.5928707,13.0501528],[77.5927627,13.0501873]]}},{"type":"Feature","properties":{"id":"1534480758","name":"","highway":"service","oneway":"no","maxspeed":""},"geometry":{"type":"LineString","coordinates":[[77.6001195,13.0508749],[77.6001217,13.0509023],[77.6001142,13.0509179],[77.6001034,13.0509267],[77.6000871,13.0509346]]}},{"type":"Feature","properties":{"id":"1536088102","name":"","highway":"service","oneway":"no","maxspeed":""},"geometry":{"type":"LineString","coordinates":[[77.5985535,13.0581851],[77.5985351,13.0581896],[77.5984554,13.0582112],[77.59843,13.0582271],[77.5984141,13.0582562],[77.5984573,13.0584394]]}},{"type":"Feature","properties":{"id":"1536088103","name":"","highway":"service","oneway":"no","maxspeed":""},"geometry":{"type":"LineString","coordinates":[[77.598713,13.0581461],[77.5985535,13.0581851]]}},{"type":"Feature","properties":{"id":"1539443940","name":"","highway":"residential","oneway":"yes","maxspeed":""},"geometry":{"type":"LineString","coordinates":[[77.5953479,13.0512097],[77.5953414,13.0511708]]}},{"type":"Feature","properties":{"id":"1539443941","name":"","highway":"residential","oneway":"yes","maxspeed":""},"geometry":{"type":"LineString","coordinates":[[77.5952178,13.0511917],[77.5952252,13.0512332]]}},{"type":"Feature","properties":{"id":"1539443942","name":"","highway":"residential","oneway":"no","maxspeed":""},"geometry":{"type":"LineString","coordinates":[[77.5937602,13.0499837],[77.5934178,13.0499366],[77.5933936,13.0498896],[77.5933748,13.04984],[77.5932971,13.0495682],[77.5933105,13.0495316],[77.5933346,13.0494951],[77.5935545,13.049448],[77.5936538,13.0494663],[77.5940427,13.0495578],[77.5940776,13.0495604],[77.5941017,13.0495473],[77.5941259,13.0495029],[77.5941533,13.0494119]]}},{"type":"Feature","properties":{"id":"1545083038","name":"","highway":"residential","oneway":"no","maxspeed":""},"geometry":{"type":"LineString","coordinates":[[77.6211846,13.0556535],[77.6205607,13.0558419]]}},{"type":"Feature","properties":{"id":"1545634467","name":"","highway":"service","oneway":"no","maxspeed":""},"geometry":{"type":"LineString","coordinates":[[77.5929274,13.0580809],[77.5930449,13.0580643],[77.5932491,13.0580354]]}},{"type":"Feature","properties":{"id":"1545634468","name":"","highway":"service","oneway":"no","maxspeed":""},"geometry":{"type":"LineString","coordinates":[[77.5930577,13.0581702],[77.5930449,13.0580643]]}},{"type":"Feature","properties":{"id":"1548834108","name":"","highway":"service","oneway":"no","maxspeed":""},"geometry":{"type":"LineString","coordinates":[[77.5921383,13.0611284],[77.5921129,13.0611362],[77.592102,13.0611556],[77.5920985,13.0611793],[77.5921054,13.0612024],[77.5921566,13.0612488],[77.5921763,13.0612601],[77.5922002,13.0612601],[77.5922278,13.0612528]]}},{"type":"Feature","properties":{"id":"1548834109","name":"","highway":"service","oneway":"no","maxspeed":""},"geometry":{"type":"LineString","coordinates":[[77.5922278,13.0612528],[77.5923033,13.0612253]]}},{"type":"Feature","properties":{"id":"1549269362","name":"","highway":"service","oneway":"yes","maxspeed":""},"geometry":{"type":"LineString","coordinates":[[77.5932582,13.0546306],[77.5932301,13.0546294],[77.593216,13.0546288],[77.593202,13.0546283],[77.592919,13.0546167],[77.592804,13.0545907],[77.592757,13.0545484],[77.5926747,13.0539764],[77.5927038,13.0539282],[77.5927567,13.0538987],[77.5931124,13.0538452]]}},{"type":"Feature","properties":{"id":"1549269363","name":"","highway":"service","oneway":"no","maxspeed":""},"geometry":{"type":"LineString","coordinates":[[77.593202,13.0546283],[77.5931665,13.0545796],[77.5931511,13.0545195],[77.5931549,13.0544541],[77.5931893,13.0541889],[77.5931865,13.0541069],[77.5931802,13.0539356],[77.5931492,13.05387],[77.5931124,13.0538452]]}},{"type":"Feature","properties":{"id":"1549269364","name":"","highway":"service","oneway":"yes","maxspeed":""},"geometry":{"type":"LineString","coordinates":[[77.5931124,13.0538452],[77.5931052,13.0537965],[77.5931016,13.0537727],[77.5930908,13.0537002]]}},{"type":"Feature","properties":{"id":"1550742538","name":"","highway":"tertiary","oneway":"yes","maxspeed":""},"geometry":{"type":"LineString","coordinates":[[77.6194098,13.050831],[77.6195616,13.0513867],[77.6196361,13.0515725],[77.6196954,13.0517205],[77.6197257,13.051796]]}},{"type":"Feature","properties":{"id":"1550742539","name":"","highway":"tertiary","oneway":"yes","maxspeed":""},"geometry":{"type":"LineString","coordinates":[[77.6194046,13.0507958],[77.6194098,13.050831]]}},{"type":"Feature","properties":{"id":"1550742540","name":"","highway":"tertiary","oneway":"yes","maxspeed":""},"geometry":{"type":"LineString","coordinates":[[77.6195002,13.0507309],[77.6194502,13.0502831],[77.6194348,13.0501146],[77.6194367,13.0496304],[77.6194445,13.0495715],[77.6194807,13.0493127],[77.6195065,13.0491177],[77.6195728,13.0487748],[77.6196197,13.0486143],[77.6197028,13.0484224],[77.6198101,13.0482464],[77.6199662,13.0479397],[77.6200026,13.0477976],[77.6199947,13.0476486]]}},{"type":"Feature","properties":{"id":"1550742541","name":"","highway":"tertiary","oneway":"yes","maxspeed":""},"geometry":{"type":"LineString","coordinates":[[77.6195092,13.050811],[77.6195002,13.0507309]]}},{"type":"Feature","properties":{"id":"1552471429","name":"","highway":"tertiary_link","oneway":"no","maxspeed":""},"geometry":{"type":"LineString","coordinates":[[77.621615,13.0410937],[77.6216211,13.0409875]]}},{"type":"Feature","properties":{"id":"1552804483","name":"","highway":"service","oneway":"no","maxspeed":""},"geometry":{"type":"LineString","coordinates":[[77.6057737,13.0471358],[77.6056972,13.047222],[77.6056818,13.0472432],[77.605661,13.0472717]]}},{"type":"Feature","properties":{"id":"1552804484","name":"","highway":"residential","oneway":"no","maxspeed":""},"geometry":{"type":"LineString","coordinates":[[77.6057625,13.0479571],[77.6048193,13.0480891]]}},{"type":"Feature","properties":{"id":"1552804485","name":"","highway":"service","oneway":"no","maxspeed":""},"geometry":{"type":"LineString","coordinates":[[77.6063814,13.0484928],[77.6063041,13.0479738],[77.6058722,13.0480348],[77.6059495,13.0485541]]}},{"type":"Feature","properties":{"id":"1552804488","name":"","highway":"service","oneway":"yes","maxspeed":""},"geometry":{"type":"LineString","coordinates":[[77.6019944,13.0460325],[77.6023002,13.0461246]]}},{"type":"Feature","properties":{"id":"1552804489","name":"","highway":"service","oneway":"yes","maxspeed":""},"geometry":{"type":"LineString","coordinates":[[77.6017886,13.0464562],[77.6021433,13.0465701]]}},{"type":"Feature","properties":{"id":"1554182748","name":"Bellary Road","highway":"trunk","oneway":"yes","maxspeed":"80"},"geometry":{"type":"LineString","coordinates":[[77.5934841,13.053369],[77.593477,13.053524],[77.5934681,13.0536588],[77.593457,13.0537805]]}},{"type":"Feature","properties":{"id":"1555065916","name":"","highway":"service","oneway":"no","maxspeed":""},"geometry":{"type":"LineString","coordinates":[[77.6206145,13.0453019],[77.6208785,13.0452427]]}},{"type":"Feature","properties":{"id":"1556762983","name":"","highway":"residential","oneway":"no","maxspeed":""},"geometry":{"type":"LineString","coordinates":[[77.596936,13.035629],[77.5966502,13.0356721]]}},{"type":"Feature","properties":{"id":"1556762984","name":"","highway":"residential","oneway":"no","maxspeed":""},"geometry":{"type":"LineString","coordinates":[[77.5969652,13.0356247],[77.596936,13.035629]]}},{"type":"Feature","properties":{"id":"1556762985","name":"","highway":"residential","oneway":"no","maxspeed":""},"geometry":{"type":"LineString","coordinates":[[77.5969652,13.0356247],[77.5970235,13.0358415]]}}]}